task_id,year_submitted,month_submitted,day_submitted
T1,2022,9,15
T2,2022,4,2
T3,2021,10,2
T4,2021,3,11
T5,2022,3,11
T6,2021,11,16
T7,2022,9,18
T8,2022,10,18
T9,2022,10,15
T10,2022,11,6
T11,2022,6,27
T12,2021,5,11
T13,2022,7,26
T14,2022,10,31
T15,2021,9,18
T16,2022,12,6
T17,2022,12,29
T18,2022,5,11
T19,2021,7,7
T20,2021,1,13
T21,2022,9,22
T22,2022,4,21
T23,2021,12,19
T24,2022,2,13
T25,2021,11,20
T26,2021,2,5
T27,2021,10,3
T28,2021,7,17
T29,2021,9,2
T30,2022,12,15
T31,2021,4,24
T32,2022,1,4
T33,2022,6,24
T34,2022,6,10
T35,2022,12,5
T36,2022,4,27
T37,2021,8,25
T38,2021,8,30
T39,2022,8,10
T40,2022,1,1
T41,2022,9,5
T42,2022,6,27
T43,2022,8,9
T44,2021,3,13
T45,2022,5,29
T46,2022,10,17
T47,2021,5,7
T48,2021,12,12
T49,2022,11,20
T50,2022,10,4
T51,2022,4,14
T52,2021,8,4
T53,2021,11,7
T54,2022,12,7
T55,2022,7,20
T56,2021,3,28
T57,2022,4,2
T58,2021,11,10
T59,2021,12,2
T60,2022,2,7
T61,2022,6,12
T62,2021,4,3
T63,2021,12,31
T64,2021,3,17
T65,2022,8,16
T66,2021,1,5
T67,2021,7,10
T68,2021,10,12
T69,2022,7,15
T70,2022,10,16
T71,2022,3,10
T72,2022,5,3
T73,2021,1,12
T74,2021,4,29
T75,2021,6,28
T76,2022,12,9
T77,2021,6,16
T78,2021,9,20
T79,2022,6,27
T80,2022,10,2
T81,2021,6,7
T82,2021,3,27
T83,2021,4,4
T84,2021,5,5
T85,2021,2,26
T86,2022,2,1
T87,2021,9,23
T88,2021,1,6
T89,2022,4,13
T90,2021,11,30
T91,2022,11,5
T92,2022,7,1
T93,2021,3,26
T94,2021,9,18
T95,2022,6,4
T96,2021,8,11
T97,2022,2,16
T98,2022,9,8
T99,2021,5,19
T100,2022,5,24
T101,2022,11,12
T102,2022,9,22
T103,2022,9,17
T104,2022,12,28
T105,2022,10,31
T106,2021,11,18
T107,2022,9,3
T108,2021,7,11
T109,2021,8,17
T110,2021,4,25
T111,2022,12,27
T112,2021,4,24
T113,2022,2,4
T114,2022,5,11
T115,2022,7,29
T116,2021,11,21
T117,2021,8,25
T118,2022,3,19
T119,2021,10,17
T120,2021,8,9
T121,2022,2,25
T122,2022,1,12
T123,2021,7,26
T124,2021,1,10
T125,2021,5,18
T126,2022,1,2
T127,2022,10,22
T128,2021,1,15
T129,2022,1,22
T130,2021,11,6
T131,2022,11,7
T132,2022,7,24
T133,2022,2,12
T134,2022,11,4
T135,2022,9,25
T136,2021,4,25
T137,2022,8,4
T138,2022,2,7
T139,2021,8,26
T140,2021,11,16
T141,2021,9,5
T142,2021,11,20
T143,2021,6,7
T144,2021,8,25
T145,2022,2,21
T146,2021,8,15
T147,2022,9,25
T148,2022,6,13
T149,2022,8,26
T150,2022,7,20
T151,2022,12,8
T152,2021,2,17
T153,2022,11,9
T154,2022,11,1
T155,2022,9,15
T156,2022,1,10
T157,2022,5,2
T158,2021,4,2
T159,2021,3,27
T160,2022,12,15
T161,2022,6,21
T162,2022,11,8
T163,2021,5,8
T164,2022,4,3
T165,2021,8,21
T166,2022,8,18
T167,2022,12,5
T168,2022,2,23
T169,2022,11,20
T170,2022,8,18
T171,2022,10,17
T172,2022,11,17
T173,2022,6,19
T174,2021,7,11
T175,2021,9,14
T176,2021,6,22
T177,2022,1,29
T178,2022,3,24
T179,2021,2,11
T180,2021,11,27
T181,2022,8,14
T182,2022,7,17
T183,2022,6,15
T184,2021,7,30
T185,2021,11,28
T186,2022,7,14
T187,2022,5,12
T188,2021,12,24
T189,2022,10,14
T190,2021,5,7
T191,2021,1,18
T192,2022,12,25
T193,2022,10,5
T194,2022,3,29
T195,2022,8,17
T196,2022,7,29
T197,2021,7,16
T198,2021,3,12
T199,2021,2,1
T200,2022,1,30
T201,2021,3,30
T202,2021,2,13
T203,2021,1,18
T204,2021,4,11
T205,2022,10,27
T206,2021,8,21
T207,2022,12,30
T208,2021,6,28
T209,2022,3,18
T210,2021,12,13
T211,2022,11,10
T212,2021,8,25
T213,2021,8,13
T214,2021,3,18
T215,2022,10,26
T216,2021,6,19
T217,2022,10,31
T218,2022,9,5
T219,2021,1,12
T220,2022,7,26
T221,2021,4,24
T222,2021,1,25
T223,2022,11,3
T224,2022,2,5
T225,2021,11,3
T226,2022,4,6
T227,2022,6,19
T228,2021,8,8
T229,2021,3,3
T230,2022,11,25
T231,2021,3,11
T232,2022,11,8
T233,2021,8,4
T234,2021,8,16
T235,2021,3,25
T236,2021,12,11
T237,2022,4,29
T238,2021,10,4
T239,2021,3,1
T240,2022,8,10
T241,2022,4,18
T242,2022,12,2
T243,2022,8,24
T244,2021,11,21
T245,2021,4,12
T246,2022,8,6
T247,2022,9,23
T248,2022,5,14
T249,2021,6,2
T250,2022,6,22
T251,2021,8,19
T252,2022,6,15
T253,2021,11,10
T254,2022,11,10
T255,2021,8,24
T256,2021,8,4
T257,2021,6,21
T258,2021,6,1
T259,2021,4,3
T260,2022,5,30
T261,2022,3,22
T262,2022,8,5
T263,2022,3,30
T264,2022,8,24
T265,2022,11,26
T266,2021,12,2
T267,2022,3,31
T268,2022,8,19
T269,2021,9,20
T270,2022,1,20
T271,2021,5,1
T272,2022,2,15
T273,2022,2,24
T274,2021,12,9
T275,2022,12,30
T276,2022,2,1
T277,2022,4,29
T278,2021,12,5
T279,2022,7,7
T280,2022,1,26
T281,2021,8,28
T282,2021,2,3
T283,2021,6,23
T284,2021,9,7
T285,2021,11,3
T286,2021,5,16
T287,2022,11,27
T288,2022,12,10
T289,2022,6,30
T290,2022,11,11
T291,2021,6,5
T292,2022,9,24
T293,2021,9,15
T294,2021,10,28
T295,2021,9,20
T296,2022,10,23
T297,2022,3,29
T298,2022,10,29
T299,2021,9,18
T300,2021,3,21
T301,2022,7,9
T302,2021,12,5
T303,2022,6,21
T304,2022,6,30
T305,2022,2,22
T306,2022,2,5
T307,2021,4,10
T308,2021,7,17
T309,2022,10,24
T310,2022,8,5
T311,2022,6,24
T312,2022,9,25
T313,2022,8,9
T314,2022,10,31
T315,2022,4,8
T316,2022,3,21
T317,2022,9,9
T318,2022,8,15
T319,2022,8,29
T320,2021,7,20
T321,2022,6,19
T322,2021,2,16
T323,2022,12,7
T324,2022,9,23
T325,2022,4,10
T326,2022,5,17
T327,2022,5,16
T328,2022,3,12
T329,2021,3,2
T330,2021,10,12
T331,2021,4,14
T332,2022,2,15
T333,2021,1,9
T334,2022,11,17
T335,2022,4,5
T336,2022,11,26
T337,2022,7,15
T338,2022,2,20
T339,2021,12,31
T340,2022,3,2
T341,2021,11,15
T342,2022,10,29
T343,2022,1,14
T344,2022,8,1
T345,2022,11,20
T346,2021,10,15
T347,2022,3,17
T348,2022,2,6
T349,2022,4,28
T350,2021,8,7
T351,2022,2,20
T352,2021,3,1
T353,2021,5,5
T354,2021,8,20
T355,2022,12,18
T356,2022,2,6
T357,2022,8,13
T358,2021,1,1
T359,2021,11,27
T360,2021,8,13
T361,2022,8,25
T362,2021,3,4
T363,2021,2,17
T364,2021,3,8
T365,2021,12,19
T366,2022,8,10
T367,2022,12,8
T368,2022,8,6
T369,2021,4,27
T370,2022,8,3
T371,2022,3,16
T372,2022,7,15
T373,2021,6,24
T374,2021,11,23
T375,2021,1,12
T376,2022,2,27
T377,2022,1,18
T378,2021,11,13
T379,2022,12,10
T380,2021,12,17
T381,2021,2,15
T382,2021,12,19
T383,2021,6,16
T384,2022,8,8
T385,2022,6,30
T386,2022,7,6
T387,2022,12,14
T388,2022,10,18
T389,2022,10,27
T390,2021,2,28
T391,2022,9,9
T392,2021,9,3
T393,2021,11,3
T394,2022,12,7
T395,2021,3,2
T396,2022,4,27
T397,2021,11,29
T398,2022,5,14
T399,2022,8,23
T400,2021,10,31
T401,2021,5,24
T402,2022,5,11
T403,2021,10,7
T404,2022,4,24
T405,2021,1,6
T406,2022,8,30
T407,2022,12,26
T408,2021,1,14
T409,2022,8,8
T410,2021,8,24
T411,2022,3,8
T412,2022,11,13
T413,2022,2,15
T414,2022,7,17
T415,2021,7,13
T416,2022,4,6
T417,2021,12,12
T418,2021,1,27
T419,2022,9,21
T420,2021,5,26
T421,2022,11,24
T422,2022,11,1
T423,2022,10,29
T424,2022,4,7
T425,2021,1,17
T426,2022,11,24
T427,2022,7,14
T428,2022,12,19
T429,2022,8,22
T430,2021,7,18
T431,2021,3,16
T432,2021,1,27
T433,2021,6,2
T434,2021,7,28
T435,2022,9,9
T436,2021,1,26
T437,2021,1,27
T438,2021,11,13
T439,2021,10,8
T440,2021,6,14
T441,2022,6,15
T442,2022,2,24
T443,2021,12,27
T444,2021,5,22
T445,2022,5,27
T446,2021,8,12
T447,2021,12,19
T448,2022,9,28
T449,2021,11,9
T450,2021,1,18
T451,2022,6,21
T452,2022,5,16
T453,2021,12,17
T454,2022,2,10
T455,2022,12,23
T456,2021,4,10
T457,2022,1,19
T458,2022,6,7
T459,2021,7,6
T460,2021,8,20
T461,2021,9,12
T462,2022,3,16
T463,2021,5,21
T464,2022,1,22
T465,2022,12,9
T466,2022,2,19
T467,2022,3,25
T468,2021,7,9
T469,2022,5,1
T470,2021,8,1
T471,2022,7,28
T472,2021,9,11
T473,2021,2,28
T474,2022,8,29
T475,2021,8,8
T476,2022,6,4
T477,2021,2,13
T478,2022,4,21
T479,2021,2,17
T480,2021,12,21
T481,2021,3,29
T482,2022,11,11
T483,2022,8,30
T484,2022,4,11
T485,2022,8,8
T486,2021,1,30
T487,2021,11,2
T488,2022,4,9
T489,2021,8,6
T490,2022,2,22
T491,2022,9,27
T492,2021,10,3
T493,2022,4,22
T494,2022,5,28
T495,2021,1,5
T496,2022,6,3
T497,2022,6,29
T498,2021,2,19
T499,2021,1,5
T500,2022,10,3
T501,2021,4,2
T502,2022,8,19
T503,2021,12,17
T504,2021,4,22
T505,2021,6,14
T506,2021,5,17
T507,2022,1,30
T508,2021,5,10
T509,2021,1,15
T510,2022,10,29
T511,2022,6,16
T512,2022,12,17
T513,2021,9,17
T514,2021,1,5
T515,2021,9,17
T516,2022,7,18
T517,2022,3,10
T518,2021,3,26
T519,2022,9,14
T520,2022,12,16
T521,2021,8,25
T522,2021,6,4
T523,2022,6,3
T524,2021,10,31
T525,2022,5,25
T526,2021,6,8
T527,2021,6,19
T528,2021,3,31
T529,2022,5,7
T530,2022,7,14
T531,2021,8,29
T532,2022,8,28
T533,2022,5,15
T534,2021,8,15
T535,2021,5,3
T536,2022,11,28
T537,2022,10,3
T538,2022,10,20
T539,2021,3,22
T540,2021,10,20
T541,2021,10,11
T542,2021,7,20
T543,2022,8,13
T544,2022,5,24
T545,2022,12,28
T546,2021,10,16
T547,2022,11,13
T548,2021,1,14
T549,2022,10,22
T550,2022,5,30
T551,2022,10,22
T552,2021,4,2
T553,2021,10,16
T554,2021,6,19
T555,2021,1,27
T556,2021,8,26
T557,2022,4,25
T558,2022,5,12
T559,2021,1,24
T560,2021,2,16
T561,2022,11,6
T562,2022,1,9
T563,2022,12,16
T564,2021,11,21
T565,2022,12,18
T566,2022,1,28
T567,2021,1,22
T568,2022,7,7
T569,2022,11,20
T570,2021,10,14
T571,2022,11,20
T572,2021,8,19
T573,2022,5,21
T574,2021,4,18
T575,2022,5,18
T576,2021,7,27
T577,2021,12,7
T578,2022,9,28
T579,2021,2,19
T580,2021,3,17
T581,2022,2,14
T582,2022,6,12
T583,2022,6,4
T584,2021,11,4
T585,2022,7,28
T586,2022,9,23
T587,2022,12,10
T588,2022,9,14
T589,2021,6,27
T590,2021,11,28
T591,2021,6,28
T592,2021,11,1
T593,2022,3,14
T594,2022,10,2
T595,2021,12,27
T596,2021,10,15
T597,2021,9,6
T598,2021,6,1
T599,2022,10,26
T600,2022,7,13
T601,2021,11,30
T602,2022,8,15
T603,2022,12,6
T604,2021,5,19
T605,2022,4,27
T606,2022,4,14
T607,2021,6,29
T608,2021,7,8
T609,2021,3,10
T610,2021,3,19
T611,2022,9,4
T612,2022,4,29
T613,2022,10,31
T614,2021,7,12
T615,2021,8,25
T616,2021,10,12
T617,2021,9,4
T618,2021,10,7
T619,2021,9,25
T620,2022,10,3
T621,2022,1,11
T622,2021,3,10
T623,2022,7,19
T624,2021,8,27
T625,2022,3,4
T626,2022,12,4
T627,2022,1,26
T628,2022,8,29
T629,2022,6,19
T630,2022,7,8
T631,2021,4,14
T632,2022,7,23
T633,2022,8,18
T634,2021,1,26
T635,2022,3,13
T636,2022,11,9
T637,2022,9,10
T638,2022,11,23
T639,2021,8,31
T640,2022,10,28
T641,2021,6,7
T642,2022,10,28
T643,2021,4,29
T644,2021,7,4
T645,2022,4,18
T646,2021,10,20
T647,2021,3,3
T648,2021,12,17
T649,2022,6,12
T650,2021,2,20
T651,2022,12,5
T652,2021,7,21
T653,2022,12,9
T654,2021,11,11
T655,2021,11,24
T656,2022,7,24
T657,2021,11,15
T658,2021,5,1
T659,2021,2,25
T660,2021,2,12
T661,2021,11,8
T662,2022,12,28
T663,2022,3,24
T664,2022,4,18
T665,2021,10,24
T666,2021,5,15
T667,2021,4,16
T668,2022,9,18
T669,2022,12,19
T670,2021,2,9
T671,2021,8,10
T672,2021,5,30
T673,2022,1,28
T674,2021,1,18
T675,2021,1,23
T676,2022,2,2
T677,2022,1,19
T678,2022,7,30
T679,2021,11,19
T680,2021,2,11
T681,2021,8,6
T682,2022,1,28
T683,2021,12,20
T684,2021,5,30
T685,2021,8,1
T686,2022,5,11
T687,2022,5,18
T688,2021,5,23
T689,2021,5,8
T690,2021,10,15
T691,2022,12,13
T692,2022,5,1
T693,2021,7,19
T694,2022,6,30
T695,2022,12,28
T696,2021,1,26
T697,2022,10,27
T698,2022,9,29
T699,2021,6,29
T700,2021,8,10
T701,2022,5,14
T702,2021,12,21
T703,2022,9,11
T704,2022,8,19
T705,2022,4,28
T706,2022,9,6
T707,2021,3,9
T708,2022,6,3
T709,2022,10,24
T710,2022,6,2
T711,2021,5,20
T712,2022,9,2
T713,2021,7,31
T714,2021,12,5
T715,2022,4,8
T716,2022,3,23
T717,2022,12,23
T718,2021,5,26
T719,2022,2,7
T720,2022,12,23
T721,2021,8,1
T722,2022,9,12
T723,2022,11,30
T724,2021,7,24
T725,2022,7,19
T726,2022,5,31
T727,2021,8,11
T728,2021,6,20
T729,2022,1,22
T730,2021,11,24
T731,2022,4,21
T732,2022,8,30
T733,2021,6,24
T734,2021,11,4
T735,2022,12,24
T736,2021,11,3
T737,2021,11,19
T738,2021,6,21
T739,2022,10,14
T740,2021,8,25
T741,2022,11,1
T742,2022,6,11
T743,2021,5,7
T744,2022,6,24
T745,2021,8,25
T746,2022,7,8
T747,2021,3,21
T748,2021,11,2
T749,2022,1,12
T750,2021,9,10
T751,2022,3,15
T752,2022,9,16
T753,2022,8,3
T754,2022,8,12
T755,2021,8,20
T756,2021,5,9
T757,2021,1,16
T758,2021,11,17
T759,2022,8,31
T760,2021,7,30
T761,2022,12,10
T762,2022,1,7
T763,2022,7,4
T764,2022,9,30
T765,2022,2,10
T766,2021,7,31
T767,2021,3,21
T768,2022,8,13
T769,2021,1,4
T770,2022,11,24
T771,2022,7,22
T772,2022,6,29
T773,2022,7,22
T774,2022,6,29
T775,2021,9,25
T776,2021,12,16
T777,2022,4,13
T778,2022,1,6
T779,2021,4,25
T780,2021,6,18
T781,2021,8,5
T782,2021,12,25
T783,2021,10,27
T784,2022,4,11
T785,2021,5,26
T786,2022,5,25
T787,2022,12,25
T788,2022,1,23
T789,2022,7,5
T790,2022,7,4
T791,2021,11,13
T792,2021,10,15
T793,2021,1,7
T794,2022,6,7
T795,2021,6,27
T796,2022,10,1
T797,2022,2,26
T798,2021,5,6
T799,2021,4,17
T800,2022,10,29
T801,2022,11,7
T802,2021,11,7
T803,2022,1,31
T804,2022,8,25
T805,2022,10,31
T806,2022,9,6
T807,2022,2,6
T808,2022,9,29
T809,2021,3,13
T810,2022,10,30
T811,2022,6,17
T812,2021,3,23
T813,2021,10,6
T814,2022,12,2
T815,2021,12,9
T816,2022,8,17
T817,2021,11,29
T818,2022,2,10
T819,2022,1,5
T820,2021,11,10
T821,2021,6,7
T822,2021,1,19
T823,2021,12,29
T824,2021,10,10
T825,2022,12,23
T826,2022,6,13
T827,2021,8,13
T828,2021,1,25
T829,2022,12,21
T830,2021,6,29
T831,2022,11,11
T832,2021,4,28
T833,2021,10,12
T834,2022,3,13
T835,2022,11,18
T836,2022,2,1
T837,2022,6,16
T838,2022,11,26
T839,2022,11,16
T840,2021,6,7
T841,2022,4,2
T842,2022,9,30
T843,2021,1,29
T844,2021,10,10
T845,2022,12,10
T846,2021,6,22
T847,2022,7,14
T848,2022,7,29
T849,2021,8,21
T850,2021,6,22
T851,2021,8,5
T852,2022,5,27
T853,2021,9,26
T854,2021,3,2
T855,2021,6,10
T856,2022,1,27
T857,2022,4,3
T858,2022,12,23
T859,2022,3,19
T860,2022,4,1
T861,2021,5,21
T862,2021,7,14
T863,2021,2,9
T864,2021,9,17
T865,2022,7,5
T866,2022,5,5
T867,2021,7,26
T868,2022,8,6
T869,2021,10,20
T870,2021,2,24
T871,2022,2,7
T872,2022,7,19
T873,2022,7,19
T874,2022,3,8
T875,2022,11,25
T876,2021,8,29
T877,2021,10,18
T878,2021,1,7
T879,2021,3,20
T880,2021,5,22
T881,2022,8,29
T882,2021,12,21
T883,2021,7,19
T884,2021,2,28
T885,2021,9,29
T886,2022,4,19
T887,2022,6,3
T888,2022,4,29
T889,2022,12,15
T890,2021,12,18
T891,2021,5,25
T892,2022,4,26
T893,2022,3,27
T894,2021,4,25
T895,2021,2,15
T896,2022,4,5
T897,2022,1,3
T898,2021,1,18
T899,2022,9,3
T900,2022,3,3
T901,2021,11,20
T902,2021,11,7
T903,2022,10,10
T904,2021,6,3
T905,2021,11,22
T906,2021,8,18
T907,2021,9,27
T908,2022,10,17
T909,2022,8,27
T910,2022,6,20
T911,2022,3,26
T912,2021,9,17
T913,2021,11,20
T914,2022,1,8
T915,2021,2,21
T916,2022,11,20
T917,2022,7,26
T918,2022,6,29
T919,2021,12,20
T920,2021,5,20
T921,2021,3,13
T922,2021,2,18
T923,2021,3,11
T924,2022,3,18
T925,2022,10,17
T926,2021,11,10
T927,2022,9,15
T928,2022,3,9
T929,2021,8,9
T930,2021,9,24
T931,2022,7,22
T932,2022,12,5
T933,2021,1,31
T934,2021,7,17
T935,2022,8,27
T936,2021,9,9
T937,2021,2,20
T938,2021,9,2
T939,2021,4,3
T940,2021,8,11
T941,2021,6,27
T942,2021,1,3
T943,2022,6,20
T944,2022,10,31
T945,2021,8,3
T946,2022,1,22
T947,2021,7,24
T948,2021,6,8
T949,2021,8,31
T950,2021,9,2
T951,2021,6,27
T952,2021,5,13
T953,2022,12,21
T954,2022,3,12
T955,2021,2,18
T956,2021,1,29
T957,2022,2,25
T958,2021,7,6
T959,2021,7,31
T960,2022,12,29
T961,2021,1,27
T962,2022,8,13
T963,2021,6,2
T964,2022,9,29
T965,2021,11,14
T966,2022,1,24
T967,2022,3,26
T968,2021,9,12
T969,2021,3,30
T970,2021,10,13
T971,2021,11,15
T972,2021,12,18
T973,2021,11,12
T974,2021,4,8
T975,2022,4,1
T976,2022,2,19
T977,2021,8,24
T978,2022,12,21
T979,2021,6,23
T980,2021,4,20
T981,2021,7,13
T982,2021,1,25
T983,2022,1,9
T984,2021,7,22
T985,2022,11,8
T986,2022,4,25
T987,2022,3,20
T988,2021,8,1
T989,2021,4,22
T990,2021,8,13
T991,2022,9,3
T992,2021,11,15
T993,2021,7,20
T994,2021,9,10
T995,2021,11,2
T996,2021,8,8
T997,2022,2,7
T998,2022,1,20
T999,2021,8,21
T1000,2022,9,17
T1001,2021,1,5
T1002,2021,11,8
T1003,2022,9,15
T1004,2022,2,13
T1005,2022,12,19
T1006,2021,3,25
T1007,2021,4,10
T1008,2022,10,9
T1009,2022,1,29
T1010,2021,6,19
T1011,2022,8,3
T1012,2021,11,11
T1013,2021,5,1
T1014,2022,5,5
T1015,2021,3,29
T1016,2021,10,20
T1017,2021,6,19
T1018,2022,2,21
T1019,2021,6,21
T1020,2021,4,13
T1021,2021,1,3
T1022,2022,10,22
T1023,2021,6,19
T1024,2021,7,13
T1025,2022,4,19
T1026,2022,3,8
T1027,2021,6,18
T1028,2021,9,5
T1029,2021,6,2
T1030,2022,6,26
T1031,2022,1,17
T1032,2022,1,22
T1033,2021,1,27
T1034,2022,2,26
T1035,2021,6,12
T1036,2021,7,26
T1037,2022,1,15
T1038,2022,9,22
T1039,2021,12,23
T1040,2022,9,20
T1041,2022,11,13
T1042,2022,5,11
T1043,2022,5,29
T1044,2021,8,31
T1045,2021,1,1
T1046,2022,4,3
T1047,2022,10,11
T1048,2022,7,14
T1049,2022,9,2
T1050,2021,9,4
T1051,2021,6,22
T1052,2022,5,15
T1053,2021,12,21
T1054,2022,1,9
T1055,2022,6,21
T1056,2021,2,26
T1057,2021,7,4
T1058,2022,9,26
T1059,2021,7,21
T1060,2022,3,1
T1061,2022,12,9
T1062,2021,10,21
T1063,2021,5,20
T1064,2022,8,26
T1065,2021,2,23
T1066,2022,7,26
T1067,2022,3,14
T1068,2021,11,9
T1069,2022,1,2
T1070,2021,12,22
T1071,2021,6,10
T1072,2022,4,5
T1073,2022,1,4
T1074,2021,9,20
T1075,2021,9,24
T1076,2022,3,19
T1077,2021,6,12
T1078,2022,9,16
T1079,2021,7,6
T1080,2022,10,14
T1081,2022,1,1
T1082,2021,3,8
T1083,2022,6,7
T1084,2021,11,6
T1085,2021,4,4
T1086,2021,2,9
T1087,2021,7,20
T1088,2021,5,31
T1089,2022,2,5
T1090,2021,2,5
T1091,2022,7,5
T1092,2021,8,12
T1093,2021,1,2
T1094,2021,2,22
T1095,2021,11,11
T1096,2022,1,17
T1097,2022,2,25
T1098,2021,4,2
T1099,2022,12,29
T1100,2021,12,5
T1101,2021,9,1
T1102,2021,5,10
T1103,2021,5,2
T1104,2021,11,17
T1105,2022,6,18
T1106,2022,4,14
T1107,2021,9,18
T1108,2022,8,22
T1109,2021,8,11
T1110,2022,12,4
T1111,2022,9,21
T1112,2021,7,5
T1113,2021,3,31
T1114,2021,3,14
T1115,2021,7,6
T1116,2022,8,20
T1117,2021,2,7
T1118,2022,7,4
T1119,2021,3,26
T1120,2022,5,19
T1121,2021,3,12
T1122,2022,6,7
T1123,2021,3,24
T1124,2021,10,10
T1125,2021,2,1
T1126,2022,3,8
T1127,2021,1,20
T1128,2022,7,5
T1129,2022,5,2
T1130,2021,7,20
T1131,2022,6,11
T1132,2022,1,17
T1133,2021,2,17
T1134,2022,12,13
T1135,2022,6,16
T1136,2021,11,29
T1137,2022,11,8
T1138,2022,9,7
T1139,2022,3,20
T1140,2021,10,26
T1141,2021,7,12
T1142,2021,1,1
T1143,2021,10,23
T1144,2022,9,6
T1145,2021,5,10
T1146,2021,12,13
T1147,2022,4,24
T1148,2022,7,31
T1149,2021,2,1
T1150,2022,12,19
T1151,2022,11,17
T1152,2021,7,21
T1153,2022,3,15
T1154,2022,6,11
T1155,2022,9,7
T1156,2022,9,18
T1157,2022,6,23
T1158,2022,7,30
T1159,2021,8,26
T1160,2022,6,24
T1161,2022,4,27
T1162,2021,11,15
T1163,2022,8,16
T1164,2021,7,30
T1165,2021,9,9
T1166,2022,4,30
T1167,2021,4,4
T1168,2022,12,7
T1169,2022,1,2
T1170,2022,8,10
T1171,2022,3,11
T1172,2022,8,6
T1173,2021,6,20
T1174,2021,12,8
T1175,2022,3,26
T1176,2021,9,28
T1177,2022,7,1
T1178,2021,11,9
T1179,2021,2,25
T1180,2022,12,5
T1181,2021,7,7
T1182,2022,7,21
T1183,2022,2,21
T1184,2022,11,18
T1185,2022,1,13
T1186,2022,8,16
T1187,2021,12,10
T1188,2021,9,14
T1189,2022,3,20
T1190,2021,1,13
T1191,2022,4,8
T1192,2021,11,24
T1193,2022,1,27
T1194,2022,3,19
T1195,2021,7,2
T1196,2022,11,5
T1197,2021,8,25
T1198,2022,2,16
T1199,2022,2,26
T1200,2021,3,1
T1201,2021,4,2
T1202,2021,2,18
T1203,2022,8,9
T1204,2021,1,14
T1205,2021,12,14
T1206,2021,9,20
T1207,2021,3,22
T1208,2021,5,26
T1209,2022,8,23
T1210,2021,11,22
T1211,2021,6,5
T1212,2022,7,16
T1213,2022,12,30
T1214,2021,7,22
T1215,2022,2,25
T1216,2022,11,23
T1217,2021,11,4
T1218,2021,6,4
T1219,2022,1,31
T1220,2022,9,26
T1221,2021,1,12
T1222,2022,8,17
T1223,2021,12,20
T1224,2022,8,14
T1225,2021,7,15
T1226,2021,11,6
T1227,2022,7,15
T1228,2022,5,3
T1229,2022,2,12
T1230,2021,4,18
T1231,2021,5,18
T1232,2022,9,22
T1233,2022,7,30
T1234,2021,1,8
T1235,2021,8,7
T1236,2021,6,23
T1237,2021,6,2
T1238,2022,3,21
T1239,2021,2,4
T1240,2021,10,8
T1241,2022,12,18
T1242,2022,2,27
T1243,2022,11,30
T1244,2021,7,23
T1245,2022,8,14
T1246,2021,12,9
T1247,2021,8,9
T1248,2021,10,20
T1249,2022,2,25
T1250,2021,10,8
T1251,2022,8,15
T1252,2021,9,13
T1253,2022,12,23
T1254,2021,1,4
T1255,2022,8,19
T1256,2021,2,26
T1257,2021,3,11
T1258,2022,2,7
T1259,2022,10,2
T1260,2021,3,18
T1261,2022,10,31
T1262,2021,4,26
T1263,2022,2,16
T1264,2021,1,30
T1265,2022,10,16
T1266,2022,12,29
T1267,2022,3,3
T1268,2022,10,31
T1269,2021,2,23
T1270,2021,7,11
T1271,2021,12,18
T1272,2021,11,30
T1273,2022,12,22
T1274,2022,11,3
T1275,2021,7,17
T1276,2022,12,4
T1277,2022,3,10
T1278,2022,7,24
T1279,2022,10,12
T1280,2021,11,19
T1281,2021,6,18
T1282,2022,2,9
T1283,2021,7,3
T1284,2022,4,24
T1285,2022,3,15
T1286,2022,7,7
T1287,2021,3,15
T1288,2021,3,31
T1289,2021,3,19
T1290,2022,1,20
T1291,2021,12,22
T1292,2021,2,25
T1293,2022,4,27
T1294,2021,10,15
T1295,2021,7,3
T1296,2022,3,26
T1297,2022,5,25
T1298,2021,4,25
T1299,2021,8,11
T1300,2021,3,25
T1301,2022,5,21
T1302,2022,1,6
T1303,2022,9,26
T1304,2021,1,5
T1305,2022,1,19
T1306,2021,10,16
T1307,2021,11,12
T1308,2022,1,4
T1309,2021,5,13
T1310,2022,9,11
T1311,2022,11,30
T1312,2022,5,30
T1313,2022,12,10
T1314,2022,2,7
T1315,2021,3,14
T1316,2021,2,15
T1317,2021,1,4
T1318,2021,7,6
T1319,2022,5,2
T1320,2022,3,29
T1321,2021,10,18
T1322,2022,1,11
T1323,2021,4,29
T1324,2021,1,5
T1325,2021,2,23
T1326,2021,1,1
T1327,2021,9,22
T1328,2021,2,10
T1329,2022,5,3
T1330,2022,2,13
T1331,2021,8,19
T1332,2021,2,14
T1333,2022,3,25
T1334,2021,5,6
T1335,2021,5,5
T1336,2022,8,14
T1337,2022,1,10
T1338,2021,1,12
T1339,2022,2,15
T1340,2022,4,8
T1341,2022,3,17
T1342,2021,3,12
T1343,2022,11,23
T1344,2022,6,23
T1345,2022,6,30
T1346,2022,6,17
T1347,2022,12,29
T1348,2022,2,7
T1349,2021,10,20
T1350,2021,7,19
T1351,2022,3,21
T1352,2021,6,21
T1353,2022,10,11
T1354,2022,6,10
T1355,2022,12,3
T1356,2021,1,13
T1357,2021,5,2
T1358,2022,5,24
T1359,2021,1,10
T1360,2021,1,25
T1361,2022,3,6
T1362,2022,9,22
T1363,2022,8,27
T1364,2022,8,24
T1365,2021,1,13
T1366,2021,7,28
T1367,2021,9,19
T1368,2022,12,22
T1369,2021,1,22
T1370,2022,5,31
T1371,2021,5,8
T1372,2022,9,7
T1373,2021,5,17
T1374,2022,1,28
T1375,2022,3,2
T1376,2021,3,12
T1377,2021,3,1
T1378,2021,4,21
T1379,2021,11,29
T1380,2021,11,23
T1381,2021,2,22
T1382,2021,10,17
T1383,2021,11,19
T1384,2022,12,27
T1385,2022,1,19
T1386,2021,7,15
T1387,2022,2,25
T1388,2022,6,27
T1389,2021,2,2
T1390,2022,11,5
T1391,2022,8,30
T1392,2022,6,12
T1393,2022,8,25
T1394,2021,6,29
T1395,2022,9,9
T1396,2022,5,30
T1397,2021,8,22
T1398,2021,12,3
T1399,2022,8,14
T1400,2021,4,10
T1401,2021,1,12
T1402,2021,6,18
T1403,2021,3,3
T1404,2021,12,30
T1405,2021,10,8
T1406,2021,2,27
T1407,2022,3,26
T1408,2022,9,25
T1409,2021,4,6
T1410,2022,11,24
T1411,2022,10,6
T1412,2021,10,17
T1413,2022,7,1
T1414,2022,5,11
T1415,2021,3,23
T1416,2022,4,5
T1417,2022,3,21
T1418,2022,2,12
T1419,2022,3,3
T1420,2021,10,29
T1421,2021,12,13
T1422,2021,11,12
T1423,2022,10,15
T1424,2021,5,21
T1425,2021,8,18
T1426,2022,3,25
T1427,2022,4,24
T1428,2021,3,31
T1429,2021,8,1
T1430,2022,9,3
T1431,2022,7,17
T1432,2022,6,16
T1433,2022,2,25
T1434,2021,3,28
T1435,2022,5,10
T1436,2021,3,28
T1437,2021,11,30
T1438,2022,9,8
T1439,2021,6,5
T1440,2021,7,19
T1441,2021,4,18
T1442,2021,6,3
T1443,2021,11,9
T1444,2021,9,29
T1445,2022,3,15
T1446,2021,7,30
T1447,2022,1,14
T1448,2021,9,11
T1449,2021,1,31
T1450,2022,3,13
T1451,2022,1,26
T1452,2022,9,4
T1453,2021,2,17
T1454,2022,5,14
T1455,2022,1,27
T1456,2021,2,20
T1457,2022,9,11
T1458,2022,10,4
T1459,2021,2,13
T1460,2022,10,14
T1461,2022,12,6
T1462,2022,5,30
T1463,2022,6,12
T1464,2022,8,27
T1465,2022,5,14
T1466,2021,12,15
T1467,2021,9,13
T1468,2022,7,3
T1469,2021,9,7
T1470,2022,8,25
T1471,2022,9,9
T1472,2021,7,31
T1473,2022,5,22
T1474,2021,8,24
T1475,2022,3,20
T1476,2021,9,26
T1477,2022,10,17
T1478,2021,2,19
T1479,2021,5,20
T1480,2021,1,6
T1481,2021,12,22
T1482,2022,8,28
T1483,2021,1,6
T1484,2022,5,20
T1485,2022,12,1
T1486,2021,6,9
T1487,2022,9,5
T1488,2021,4,27
T1489,2022,5,17
T1490,2022,11,26
T1491,2021,7,7
T1492,2022,4,27
T1493,2021,4,21
T1494,2021,6,20
T1495,2021,2,24
T1496,2022,11,9
T1497,2021,7,20
T1498,2022,1,16
T1499,2021,3,23
T1500,2021,9,1
T1501,2022,1,20
T1502,2021,1,9
T1503,2021,8,27
T1504,2022,2,10
T1505,2021,10,14
T1506,2022,2,13
T1507,2021,4,18
T1508,2021,8,14
T1509,2022,10,30
T1510,2022,3,10
T1511,2022,11,4
T1512,2022,2,6
T1513,2021,4,21
T1514,2021,4,7
T1515,2022,12,15
T1516,2021,6,19
T1517,2022,8,30
T1518,2021,3,17
T1519,2021,2,3
T1520,2021,8,28
T1521,2022,3,31
T1522,2021,3,19
T1523,2021,2,14
T1524,2021,1,1
T1525,2022,8,11
T1526,2021,7,7
T1527,2022,4,4
T1528,2022,4,19
T1529,2022,11,28
T1530,2021,10,25
T1531,2022,1,4
T1532,2022,7,1
T1533,2021,2,23
T1534,2021,5,7
T1535,2021,3,17
T1536,2021,6,13
T1537,2021,12,16
T1538,2022,8,24
T1539,2021,12,5
T1540,2022,10,6
T1541,2022,3,30
T1542,2022,3,11
T1543,2021,2,28
T1544,2021,11,29
T1545,2021,6,15
T1546,2021,7,30
T1547,2021,11,28
T1548,2022,1,12
T1549,2021,2,14
T1550,2021,10,20
T1551,2021,6,3
T1552,2021,9,25
T1553,2021,9,29
T1554,2022,4,9
T1555,2022,6,24
T1556,2022,8,1
T1557,2022,12,30
T1558,2021,3,23
T1559,2022,2,27
T1560,2021,1,16
T1561,2022,9,27
T1562,2022,7,30
T1563,2021,9,4
T1564,2022,11,3
T1565,2021,12,13
T1566,2022,5,31
T1567,2022,6,22
T1568,2021,8,4
T1569,2021,5,6
T1570,2021,7,28
T1571,2022,4,8
T1572,2021,8,30
T1573,2021,12,4
T1574,2021,2,27
T1575,2021,8,8
T1576,2022,11,16
T1577,2022,2,18
T1578,2021,4,26
T1579,2021,5,26
T1580,2021,12,9
T1581,2022,2,13
T1582,2022,7,29
T1583,2021,10,12
T1584,2021,2,3
T1585,2022,1,26
T1586,2021,6,19
T1587,2022,9,28
T1588,2022,12,11
T1589,2022,6,27
T1590,2021,9,16
T1591,2022,7,19
T1592,2021,4,1
T1593,2021,10,26
T1594,2022,4,24
T1595,2022,10,3
T1596,2022,11,13
T1597,2021,1,22
T1598,2022,4,16
T1599,2021,7,5
T1600,2021,8,20
T1601,2021,12,16
T1602,2021,12,9
T1603,2021,1,9
T1604,2021,10,15
T1605,2021,1,3
T1606,2022,3,14
T1607,2022,3,12
T1608,2021,3,27
T1609,2021,4,8
T1610,2022,7,10
T1611,2021,3,25
T1612,2022,6,24
T1613,2022,6,27
T1614,2021,4,8
T1615,2021,12,12
T1616,2022,4,13
T1617,2021,8,6
T1618,2022,8,28
T1619,2022,10,23
T1620,2022,5,29
T1621,2021,5,17
T1622,2022,2,4
T1623,2022,9,10
T1624,2021,12,12
T1625,2021,7,11
T1626,2021,12,20
T1627,2021,4,20
T1628,2022,7,14
T1629,2021,8,24
T1630,2022,10,31
T1631,2022,8,12
T1632,2022,2,23
T1633,2022,8,24
T1634,2022,3,14
T1635,2021,10,26
T1636,2022,9,15
T1637,2021,2,10
T1638,2022,7,19
T1639,2022,11,16
T1640,2021,10,16
T1641,2021,8,27
T1642,2021,5,2
T1643,2021,9,28
T1644,2022,3,28
T1645,2022,9,9
T1646,2022,6,22
T1647,2021,3,11
T1648,2022,12,26
T1649,2021,12,15
T1650,2021,1,15
T1651,2021,2,5
T1652,2022,5,25
T1653,2022,8,21
T1654,2021,1,2
T1655,2022,6,21
T1656,2021,6,16
T1657,2021,10,24
T1658,2022,2,19
T1659,2022,11,29
T1660,2022,9,10
T1661,2021,4,11
T1662,2022,8,26
T1663,2021,1,2
T1664,2021,9,10
T1665,2022,12,30
T1666,2021,6,8
T1667,2021,7,27
T1668,2021,1,10
T1669,2021,1,15
T1670,2021,5,26
T1671,2021,1,26
T1672,2022,2,9
T1673,2021,6,11
T1674,2021,6,11
T1675,2022,12,12
T1676,2021,6,10
T1677,2022,8,21
T1678,2022,2,17
T1679,2022,11,8
T1680,2022,2,20
T1681,2022,5,24
T1682,2022,5,16
T1683,2021,12,7
T1684,2022,1,1
T1685,2021,2,8
T1686,2022,1,16
T1687,2021,3,25
T1688,2022,12,19
T1689,2022,2,12
T1690,2022,7,7
T1691,2021,11,22
T1692,2021,10,29
T1693,2022,11,12
T1694,2022,4,17
T1695,2022,1,25
T1696,2021,6,17
T1697,2021,11,24
T1698,2021,11,18
T1699,2021,3,30
T1700,2022,11,22
T1701,2022,2,16
T1702,2022,6,22
T1703,2022,9,7
T1704,2021,10,12
T1705,2022,9,9
T1706,2021,1,11
T1707,2022,1,4
T1708,2021,1,12
T1709,2021,5,31
T1710,2021,9,17
T1711,2021,2,9
T1712,2022,3,8
T1713,2022,6,17
T1714,2022,10,29
T1715,2021,9,17
T1716,2021,3,17
T1717,2022,5,7
T1718,2021,4,27
T1719,2021,3,18
T1720,2022,11,7
T1721,2021,7,19
T1722,2021,5,9
T1723,2021,6,13
T1724,2022,11,20
T1725,2021,9,13
T1726,2021,1,10
T1727,2022,12,5
T1728,2021,4,23
T1729,2021,7,7
T1730,2021,2,8
T1731,2022,3,30
T1732,2022,10,25
T1733,2022,6,13
T1734,2022,7,24
T1735,2022,4,1
T1736,2022,3,3
T1737,2022,12,9
T1738,2022,5,8
T1739,2021,10,14
T1740,2021,6,18
T1741,2021,8,16
T1742,2021,5,23
T1743,2021,7,27
T1744,2022,7,3
T1745,2022,2,1
T1746,2021,10,29
T1747,2021,7,19
T1748,2022,11,15
T1749,2022,6,5
T1750,2022,8,6
T1751,2022,11,4
T1752,2021,3,29
T1753,2022,6,19
T1754,2022,12,17
T1755,2021,11,18
T1756,2022,8,23
T1757,2021,10,26
T1758,2021,8,21
T1759,2021,7,8
T1760,2022,3,22
T1761,2022,9,6
T1762,2022,7,23
T1763,2022,4,16
T1764,2022,4,9
T1765,2021,3,1
T1766,2022,8,6
T1767,2021,1,19
T1768,2021,2,26
T1769,2021,5,25
T1770,2022,12,10
T1771,2021,6,19
T1772,2022,1,31
T1773,2022,6,9
T1774,2022,5,16
T1775,2021,6,18
T1776,2021,11,5
T1777,2021,1,22
T1778,2021,7,12
T1779,2022,3,18
T1780,2022,6,29
T1781,2022,7,27
T1782,2021,9,15
T1783,2022,4,6
T1784,2022,1,5
T1785,2022,9,19
T1786,2022,10,24
T1787,2021,4,20
T1788,2021,7,31
T1789,2021,8,25
T1790,2022,11,5
T1791,2021,12,15
T1792,2021,10,17
T1793,2021,12,14
T1794,2022,1,17
T1795,2022,11,17
T1796,2021,10,7
T1797,2021,3,26
T1798,2022,11,21
T1799,2021,4,16
T1800,2021,2,3
T1801,2022,4,12
T1802,2021,2,20
T1803,2022,8,19
T1804,2021,1,25
T1805,2022,11,5
T1806,2021,1,17
T1807,2022,7,8
T1808,2021,10,8
T1809,2022,4,30
T1810,2021,4,23
T1811,2021,3,19
T1812,2021,1,1
T1813,2022,4,4
T1814,2022,11,19
T1815,2022,3,5
T1816,2021,10,10
T1817,2022,8,23
T1818,2021,2,11
T1819,2021,2,7
T1820,2022,9,22
T1821,2022,10,13
T1822,2022,11,15
T1823,2022,5,31
T1824,2022,12,27
T1825,2022,1,4
T1826,2021,1,1
T1827,2021,11,1
T1828,2022,1,5
T1829,2021,10,6
T1830,2021,9,12
T1831,2021,3,25
T1832,2022,4,20
T1833,2022,10,8
T1834,2021,1,16
T1835,2022,3,15
T1836,2022,10,8
T1837,2021,8,22
T1838,2022,9,28
T1839,2021,7,8
T1840,2022,5,10
T1841,2021,9,2
T1842,2022,10,15
T1843,2021,11,8
T1844,2021,7,2
T1845,2021,6,2
T1846,2021,12,3
T1847,2021,8,28
T1848,2021,1,17
T1849,2021,9,2
T1850,2022,2,9
T1851,2022,6,14
T1852,2022,10,18
T1853,2021,2,22
T1854,2022,8,15
T1855,2022,4,8
T1856,2021,10,1
T1857,2021,1,4
T1858,2022,6,7
T1859,2022,3,15
T1860,2022,12,12
T1861,2022,2,2
T1862,2021,2,24
T1863,2022,3,29
T1864,2021,7,9
T1865,2021,10,10
T1866,2022,1,8
T1867,2022,8,7
T1868,2022,10,23
T1869,2021,4,14
T1870,2021,10,28
T1871,2021,10,25
T1872,2021,12,26
T1873,2022,2,3
T1874,2022,3,27
T1875,2021,9,17
T1876,2021,7,13
T1877,2021,7,3
T1878,2021,3,10
T1879,2021,8,14
T1880,2021,12,27
T1881,2021,2,26
T1882,2021,8,5
T1883,2022,3,3
T1884,2022,5,7
T1885,2021,2,14
T1886,2022,12,19
T1887,2021,11,10
T1888,2022,9,25
T1889,2022,10,5
T1890,2021,8,28
T1891,2021,11,7
T1892,2022,10,21
T1893,2021,12,12
T1894,2021,6,17
T1895,2021,4,10
T1896,2021,12,8
T1897,2022,10,28
T1898,2022,9,28
T1899,2022,1,15
T1900,2021,8,12
T1901,2022,3,31
T1902,2021,10,13
T1903,2021,8,26
T1904,2022,6,20
T1905,2021,6,24
T1906,2021,4,21
T1907,2022,6,6
T1908,2022,9,7
T1909,2021,1,21
T1910,2022,3,23
T1911,2022,12,10
T1912,2021,6,25
T1913,2021,9,23
T1914,2022,9,29
T1915,2022,8,27
T1916,2022,7,13
T1917,2021,3,8
T1918,2022,2,11
T1919,2022,12,25
T1920,2021,6,1
T1921,2021,7,8
T1922,2021,2,24
T1923,2021,3,28
T1924,2022,10,4
T1925,2022,3,1
T1926,2021,2,19
T1927,2022,9,9
T1928,2021,3,2
T1929,2022,1,14
T1930,2021,4,6
T1931,2021,5,13
T1932,2022,1,1
T1933,2021,1,17
T1934,2021,3,8
T1935,2022,2,7
T1936,2021,10,15
T1937,2022,3,9
T1938,2021,2,14
T1939,2022,10,15
T1940,2021,9,18
T1941,2022,9,16
T1942,2022,1,19
T1943,2022,5,10
T1944,2022,12,2
T1945,2021,12,16
T1946,2021,10,4
T1947,2022,10,15
T1948,2022,6,22
T1949,2022,11,17
T1950,2022,1,30
T1951,2021,8,26
T1952,2021,9,20
T1953,2022,2,19
T1954,2021,7,2
T1955,2022,6,29
T1956,2022,11,13
T1957,2022,3,1
T1958,2021,10,4
T1959,2021,4,25
T1960,2021,2,20
T1961,2021,5,31
T1962,2021,4,10
T1963,2022,2,9
T1964,2022,12,22
T1965,2022,7,11
T1966,2022,11,8
T1967,2022,2,12
T1968,2021,6,28
T1969,2022,1,8
T1970,2021,1,5
T1971,2021,12,10
T1972,2021,8,21
T1973,2022,5,2
T1974,2022,12,8
T1975,2021,9,4
T1976,2021,8,3
T1977,2021,10,15
T1978,2022,9,15
T1979,2022,1,18
T1980,2021,2,20
T1981,2022,4,6
T1982,2021,4,19
T1983,2021,12,2
T1984,2022,6,16
T1985,2022,2,13
T1986,2021,4,27
T1987,2022,5,15
T1988,2022,8,29
T1989,2021,10,17
T1990,2022,9,16
T1991,2021,12,31
T1992,2021,10,13
T1993,2022,8,14
T1994,2021,6,17
T1995,2021,3,1
T1996,2022,11,5
T1997,2022,5,25
T1998,2021,8,25
T1999,2021,11,13
T2000,2021,12,28
T2001,2021,4,14
T2002,2021,4,30
T2003,2021,10,30
T2004,2022,9,17
T2005,2022,6,25
T2006,2021,3,10
T2007,2021,3,14
T2008,2021,1,7
T2009,2022,9,15
T2010,2022,11,13
T2011,2022,3,15
T2012,2021,12,18
T2013,2021,10,11
T2014,2021,10,25
T2015,2022,7,30
T2016,2021,1,18
T2017,2022,3,24
T2018,2022,11,20
T2019,2021,1,31
T2020,2022,6,10
T2021,2021,5,22
T2022,2022,2,3
T2023,2021,4,6
T2024,2021,7,14
T2025,2022,9,18
T2026,2021,11,8
T2027,2021,2,5
T2028,2022,1,28
T2029,2021,12,17
T2030,2021,10,7
T2031,2022,7,26
T2032,2021,10,13
T2033,2021,4,23
T2034,2021,12,5
T2035,2021,3,31
T2036,2022,1,2
T2037,2022,10,18
T2038,2021,11,9
T2039,2022,9,6
T2040,2022,5,25
T2041,2021,2,8
T2042,2021,6,27
T2043,2022,10,29
T2044,2021,4,13
T2045,2022,7,17
T2046,2022,3,22
T2047,2022,2,15
T2048,2021,12,23
T2049,2021,6,30
T2050,2022,4,6
T2051,2021,6,2
T2052,2022,4,2
T2053,2022,6,8
T2054,2021,8,13
T2055,2022,4,6
T2056,2021,9,6
T2057,2021,2,23
T2058,2021,10,11
T2059,2021,4,20
T2060,2022,10,26
T2061,2022,12,21
T2062,2021,2,4
T2063,2022,7,23
T2064,2022,4,2
T2065,2022,11,21
T2066,2022,8,27
T2067,2021,1,3
T2068,2022,4,13
T2069,2022,7,21
T2070,2021,5,24
T2071,2021,2,6
T2072,2022,6,30
T2073,2021,9,15
T2074,2022,3,7
T2075,2021,7,29
T2076,2022,7,25
T2077,2021,2,28
T2078,2022,8,13
T2079,2021,5,10
T2080,2021,12,24
T2081,2022,8,28
T2082,2021,8,16
T2083,2021,4,22
T2084,2021,7,21
T2085,2022,2,9
T2086,2021,3,25
T2087,2021,8,25
T2088,2021,3,3
T2089,2021,8,14
T2090,2022,1,13
T2091,2021,11,7
T2092,2021,5,8
T2093,2021,5,29
T2094,2021,2,24
T2095,2022,7,26
T2096,2022,11,25
T2097,2022,8,29
T2098,2021,2,23
T2099,2021,10,22
T2100,2022,8,23
T2101,2022,3,9
T2102,2021,5,2
T2103,2022,4,9
T2104,2022,8,10
T2105,2022,2,26
T2106,2021,10,28
T2107,2022,11,7
T2108,2021,12,24
T2109,2021,8,23
T2110,2021,2,5
T2111,2021,7,8
T2112,2021,1,29
T2113,2022,2,1
T2114,2021,10,28
T2115,2022,7,22
T2116,2021,9,9
T2117,2021,6,22
T2118,2021,4,2
T2119,2021,8,19
T2120,2022,3,14
T2121,2021,3,9
T2122,2022,8,3
T2123,2022,6,4
T2124,2022,5,8
T2125,2022,11,5
T2126,2021,11,20
T2127,2021,8,25
T2128,2021,3,5
T2129,2022,8,8
T2130,2021,9,9
T2131,2022,7,24
T2132,2022,8,4
T2133,2022,3,10
T2134,2022,6,26
T2135,2021,6,29
T2136,2021,8,1
T2137,2021,8,15
T2138,2021,1,30
T2139,2021,10,25
T2140,2021,3,26
T2141,2022,10,31
T2142,2021,12,7
T2143,2021,7,16
T2144,2022,10,8
T2145,2021,10,23
T2146,2022,6,19
T2147,2021,10,17
T2148,2021,11,2
T2149,2022,8,4
T2150,2021,10,10
T2151,2021,9,2
T2152,2022,8,2
T2153,2022,4,2
T2154,2022,7,5
T2155,2021,6,12
T2156,2022,6,28
T2157,2021,2,27
T2158,2021,4,6
T2159,2021,3,24
T2160,2022,10,4
T2161,2021,2,6
T2162,2021,2,15
T2163,2022,8,15
T2164,2021,2,28
T2165,2021,4,9
T2166,2022,8,17
T2167,2021,3,20
T2168,2021,7,17
T2169,2022,7,8
T2170,2022,12,14
T2171,2022,8,11
T2172,2022,2,20
T2173,2022,8,5
T2174,2021,2,10
T2175,2022,8,17
T2176,2022,10,23
T2177,2022,6,17
T2178,2022,5,3
T2179,2022,6,30
T2180,2022,4,5
T2181,2021,12,28
T2182,2021,6,30
T2183,2021,9,11
T2184,2021,11,26
T2185,2022,12,29
T2186,2021,4,2
T2187,2021,5,6
T2188,2022,11,25
T2189,2021,10,3
T2190,2021,11,3
T2191,2022,1,3
T2192,2022,9,27
T2193,2022,2,15
T2194,2022,7,25
T2195,2022,12,16
T2196,2021,3,3
T2197,2021,5,23
T2198,2021,10,30
T2199,2022,5,17
T2200,2021,8,16
T2201,2021,5,16
T2202,2021,3,20
T2203,2021,11,1
T2204,2022,1,15
T2205,2021,7,30
T2206,2022,7,5
T2207,2022,2,3
T2208,2022,10,31
T2209,2022,6,11
T2210,2022,12,29
T2211,2022,12,9
T2212,2022,3,14
T2213,2021,7,24
T2214,2021,8,17
T2215,2022,4,10
T2216,2022,12,4
T2217,2022,9,20
T2218,2021,12,24
T2219,2022,5,19
T2220,2021,4,20
T2221,2022,10,10
T2222,2021,1,12
T2223,2021,11,2
T2224,2022,4,24
T2225,2021,4,22
T2226,2022,2,5
T2227,2021,10,25
T2228,2022,8,11
T2229,2021,3,2
T2230,2021,9,26
T2231,2022,4,27
T2232,2022,2,24
T2233,2022,12,11
T2234,2021,11,13
T2235,2022,5,8
T2236,2022,7,4
T2237,2022,12,21
T2238,2021,1,22
T2239,2022,4,7
T2240,2022,10,15
T2241,2021,5,11
T2242,2021,10,26
T2243,2022,11,22
T2244,2021,10,27
T2245,2022,8,24
T2246,2021,2,9
T2247,2022,1,9
T2248,2022,1,28
T2249,2021,4,18
T2250,2022,2,7
T2251,2022,6,8
T2252,2021,5,13
T2253,2022,8,10
T2254,2022,12,18
T2255,2022,6,1
T2256,2022,3,27
T2257,2021,12,19
T2258,2022,4,26
T2259,2022,9,17
T2260,2021,11,14
T2261,2021,9,9
T2262,2022,5,9
T2263,2022,2,20
T2264,2021,4,22
T2265,2022,3,4
T2266,2021,6,20
T2267,2021,6,15
T2268,2021,8,28
T2269,2021,1,25
T2270,2022,2,8
T2271,2022,12,5
T2272,2021,9,30
T2273,2022,4,24
T2274,2021,2,18
T2275,2022,8,8
T2276,2022,7,25
T2277,2022,4,26
T2278,2021,11,2
T2279,2022,3,18
T2280,2022,3,31
T2281,2021,11,16
T2282,2022,7,27
T2283,2022,4,24
T2284,2021,8,30
T2285,2021,3,28
T2286,2022,5,13
T2287,2022,10,5
T2288,2022,12,12
T2289,2022,1,19
T2290,2021,7,19
T2291,2022,8,24
T2292,2021,11,9
T2293,2022,6,11
T2294,2022,7,15
T2295,2022,11,16
T2296,2021,2,10
T2297,2022,7,13
T2298,2021,11,11
T2299,2022,4,20
T2300,2021,11,13
T2301,2021,6,18
T2302,2022,6,23
T2303,2021,3,26
T2304,2021,1,12
T2305,2021,6,20
T2306,2022,8,11
T2307,2021,7,30
T2308,2021,7,28
T2309,2022,6,29
T2310,2022,4,2
T2311,2021,5,13
T2312,2021,3,31
T2313,2021,12,21
T2314,2022,3,14
T2315,2021,10,25
T2316,2021,2,27
T2317,2022,11,3
T2318,2021,11,22
T2319,2021,11,9
T2320,2022,8,20
T2321,2022,4,10
T2322,2021,4,17
T2323,2022,6,18
T2324,2021,8,24
T2325,2022,1,23
T2326,2022,3,18
T2327,2022,1,21
T2328,2022,7,8
T2329,2022,9,2
T2330,2022,10,14
T2331,2022,12,19
T2332,2021,6,28
T2333,2022,6,16
T2334,2021,12,26
T2335,2021,12,14
T2336,2022,2,16
T2337,2021,6,17
T2338,2021,1,15
T2339,2021,11,13
T2340,2022,10,20
T2341,2022,6,26
T2342,2021,6,6
T2343,2021,1,10
T2344,2021,1,12
T2345,2021,10,12
T2346,2021,10,1
T2347,2021,2,12
T2348,2022,5,25
T2349,2022,2,22
T2350,2021,7,27
T2351,2022,8,16
T2352,2021,8,19
T2353,2022,1,5
T2354,2021,5,24
T2355,2022,10,14
T2356,2022,4,5
T2357,2022,4,10
T2358,2021,8,4
T2359,2021,8,15
T2360,2022,9,19
T2361,2022,2,2
T2362,2021,3,9
T2363,2021,12,29
T2364,2021,4,20
T2365,2021,1,21
T2366,2021,3,27
T2367,2022,7,1
T2368,2021,3,1
T2369,2021,9,30
T2370,2022,4,22
T2371,2022,11,10
T2372,2022,8,29
T2373,2021,1,5
T2374,2021,5,15
T2375,2022,10,25
T2376,2021,2,7
T2377,2022,10,1
T2378,2022,8,9
T2379,2021,9,13
T2380,2022,1,7
T2381,2022,11,23
T2382,2021,9,26
T2383,2022,9,21
T2384,2022,6,26
T2385,2021,5,26
T2386,2021,9,8
T2387,2022,4,5
T2388,2021,9,26
T2389,2021,8,4
T2390,2021,12,2
T2391,2022,6,28
T2392,2021,6,15
T2393,2022,9,30
T2394,2021,5,13
T2395,2022,9,19
T2396,2022,2,25
T2397,2022,3,15
T2398,2021,1,4
T2399,2022,12,20
T2400,2021,10,18
T2401,2022,10,11
T2402,2021,8,26
T2403,2022,4,27
T2404,2021,10,22
T2405,2022,10,18
T2406,2021,3,20
T2407,2021,10,9
T2408,2021,10,11
T2409,2022,6,8
T2410,2022,7,24
T2411,2022,10,13
T2412,2021,11,21
T2413,2022,5,23
T2414,2022,7,4
T2415,2022,2,2
T2416,2021,5,5
T2417,2021,2,20
T2418,2021,12,10
T2419,2021,4,11
T2420,2021,1,28
T2421,2021,12,24
T2422,2022,12,2
T2423,2021,7,9
T2424,2021,6,15
T2425,2021,7,20
T2426,2021,8,30
T2427,2022,7,28
T2428,2022,11,22
T2429,2022,6,17
T2430,2022,12,7
T2431,2022,3,31
T2432,2021,10,17
T2433,2022,5,22
T2434,2021,10,14
T2435,2021,10,25
T2436,2021,12,5
T2437,2021,3,15
T2438,2022,1,27
T2439,2021,3,6
T2440,2022,10,11
T2441,2021,1,17
T2442,2021,5,8
T2443,2021,10,3
T2444,2022,8,19
T2445,2021,6,24
T2446,2021,12,16
T2447,2022,4,18
T2448,2021,1,11
T2449,2021,4,10
T2450,2021,4,2
T2451,2022,11,4
T2452,2021,10,20
T2453,2022,9,3
T2454,2021,3,9
T2455,2022,9,9
T2456,2022,2,28
T2457,2021,8,1
T2458,2022,2,20
T2459,2021,7,11
T2460,2022,6,10
T2461,2022,8,1
T2462,2022,10,19
T2463,2021,2,28
T2464,2021,11,12
T2465,2021,2,10
T2466,2021,11,16
T2467,2022,5,21
T2468,2022,9,4
T2469,2022,10,30
T2470,2022,11,16
T2471,2022,3,28
T2472,2022,9,30
T2473,2022,5,4
T2474,2022,10,27
T2475,2021,9,5
T2476,2022,8,16
T2477,2021,3,24
T2478,2022,7,8
T2479,2022,9,8
T2480,2022,8,6
T2481,2022,3,30
T2482,2022,8,15
T2483,2022,3,22
T2484,2022,1,18
T2485,2021,6,17
T2486,2022,5,30
T2487,2022,9,6
T2488,2021,10,23
T2489,2021,3,31
T2490,2021,5,6
T2491,2022,9,17
T2492,2021,8,4
T2493,2022,12,1
T2494,2022,8,26
T2495,2022,6,7
T2496,2022,9,12
T2497,2022,6,3
T2498,2022,8,28
T2499,2022,12,13
T2500,2021,8,8
T2501,2022,5,30
T2502,2022,8,8
T2503,2021,3,8
T2504,2022,3,17
T2505,2021,2,21
T2506,2022,12,26
T2507,2021,9,27
T2508,2022,6,22
T2509,2021,1,11
T2510,2022,6,20
T2511,2021,10,20
T2512,2022,1,13
T2513,2022,7,27
T2514,2022,5,5
T2515,2021,6,14
T2516,2022,2,7
T2517,2022,7,24
T2518,2021,7,11
T2519,2021,10,21
T2520,2022,2,20
T2521,2022,3,1
T2522,2021,2,19
T2523,2021,7,30
T2524,2022,5,16
T2525,2021,11,5
T2526,2021,12,9
T2527,2022,2,2
T2528,2021,2,9
T2529,2021,9,5
T2530,2022,12,18
T2531,2021,8,29
T2532,2021,3,30
T2533,2022,10,5
T2534,2022,3,25
T2535,2022,10,29
T2536,2021,6,18
T2537,2022,2,23
T2538,2022,8,12
T2539,2022,12,9
T2540,2022,12,30
T2541,2021,7,16
T2542,2021,11,30
T2543,2021,2,7
T2544,2022,5,19
T2545,2022,10,26
T2546,2022,8,11
T2547,2021,6,12
T2548,2022,9,5
T2549,2022,7,24
T2550,2021,11,15
T2551,2022,9,28
T2552,2021,1,10
T2553,2021,5,6
T2554,2022,10,8
T2555,2021,4,7
T2556,2021,3,14
T2557,2021,12,14
T2558,2022,4,11
T2559,2022,7,11
T2560,2021,4,17
T2561,2021,4,6
T2562,2022,12,27
T2563,2021,9,1
T2564,2021,10,10
T2565,2022,4,30
T2566,2021,4,29
T2567,2022,8,13
T2568,2021,10,12
T2569,2021,4,15
T2570,2021,9,5
T2571,2021,12,29
T2572,2021,10,18
T2573,2021,12,7
T2574,2022,10,22
T2575,2021,11,16
T2576,2022,12,21
T2577,2021,10,16
T2578,2022,9,13
T2579,2021,3,3
T2580,2022,5,27
T2581,2022,7,20
T2582,2021,11,20
T2583,2022,7,27
T2584,2022,12,29
T2585,2021,11,15
T2586,2022,9,28
T2587,2022,6,2
T2588,2022,10,4
T2589,2022,5,25
T2590,2021,8,8
T2591,2021,8,24
T2592,2022,11,24
T2593,2021,4,6
T2594,2021,2,6
T2595,2021,5,13
T2596,2022,1,14
T2597,2022,9,2
T2598,2021,12,20
T2599,2021,2,7
T2600,2022,9,11
T2601,2021,12,2
T2602,2022,8,5
T2603,2021,5,21
T2604,2022,1,20
T2605,2021,9,29
T2606,2022,2,28
T2607,2021,4,27
T2608,2022,12,21
T2609,2021,3,14
T2610,2021,6,24
T2611,2022,1,17
T2612,2022,5,17
T2613,2021,7,18
T2614,2022,2,26
T2615,2022,6,11
T2616,2021,4,5
T2617,2021,9,17
T2618,2021,9,6
T2619,2021,7,11
T2620,2022,2,7
T2621,2021,9,9
T2622,2021,9,25
T2623,2021,2,3
T2624,2022,12,12
T2625,2021,5,6
T2626,2021,6,3
T2627,2022,4,30
T2628,2021,5,19
T2629,2021,5,2
T2630,2022,8,5
T2631,2021,12,5
T2632,2022,1,29
T2633,2022,10,4
T2634,2022,5,27
T2635,2022,7,1
T2636,2022,10,19
T2637,2022,2,21
T2638,2022,12,3
T2639,2021,5,19
T2640,2021,6,3
T2641,2022,11,14
T2642,2021,2,19
T2643,2021,4,10
T2644,2022,7,31
T2645,2021,2,1
T2646,2022,2,5
T2647,2021,12,3
T2648,2021,6,3
T2649,2021,6,5
T2650,2022,6,9
T2651,2022,10,8
T2652,2021,11,25
T2653,2021,4,22
T2654,2021,5,17
T2655,2022,2,14
T2656,2022,7,27
T2657,2022,12,5
T2658,2022,7,8
T2659,2021,12,29
T2660,2021,12,14
T2661,2022,5,26
T2662,2022,4,17
T2663,2021,9,5
T2664,2021,5,1
T2665,2022,4,17
T2666,2021,7,8
T2667,2021,11,4
T2668,2022,4,9
T2669,2021,6,30
T2670,2022,10,16
T2671,2021,8,15
T2672,2022,9,6
T2673,2022,11,13
T2674,2021,2,20
T2675,2021,6,13
T2676,2022,12,4
T2677,2021,5,7
T2678,2022,12,5
T2679,2021,5,17
T2680,2022,9,5
T2681,2022,10,21
T2682,2021,6,21
T2683,2021,5,14
T2684,2022,9,22
T2685,2022,1,26
T2686,2022,1,31
T2687,2021,4,23
T2688,2021,7,4
T2689,2021,8,8
T2690,2022,5,20
T2691,2022,6,14
T2692,2022,5,11
T2693,2021,10,21
T2694,2021,2,25
T2695,2022,8,27
T2696,2022,7,26
T2697,2022,2,24
T2698,2021,10,7
T2699,2022,12,2
T2700,2021,4,8
T2701,2021,2,24
T2702,2022,12,18
T2703,2021,11,17
T2704,2022,10,28
T2705,2022,2,1
T2706,2022,2,11
T2707,2021,1,6
T2708,2021,11,14
T2709,2021,10,20
T2710,2022,4,4
T2711,2021,6,6
T2712,2022,9,24
T2713,2021,7,15
T2714,2022,4,9
T2715,2021,11,25
T2716,2022,9,29
T2717,2021,5,18
T2718,2021,4,1
T2719,2021,5,1
T2720,2021,5,14
T2721,2022,6,8
T2722,2022,3,18
T2723,2021,2,23
T2724,2022,8,6
T2725,2022,7,19
T2726,2021,11,30
T2727,2021,8,5
T2728,2021,3,7
T2729,2022,5,20
T2730,2021,5,24
T2731,2021,8,25
T2732,2022,6,7
T2733,2021,5,3
T2734,2022,1,6
T2735,2022,3,29
T2736,2021,3,13
T2737,2022,6,29
T2738,2022,11,26
T2739,2022,1,30
T2740,2021,8,17
T2741,2021,12,24
T2742,2022,9,12
T2743,2022,9,6
T2744,2021,3,25
T2745,2021,11,17
T2746,2022,8,1
T2747,2021,8,19
T2748,2022,8,29
T2749,2022,3,22
T2750,2022,10,19
T2751,2022,10,13
T2752,2022,10,7
T2753,2021,1,21
T2754,2022,1,15
T2755,2021,12,18
T2756,2021,10,29
T2757,2021,12,19
T2758,2022,5,20
T2759,2021,12,2
T2760,2022,5,19
T2761,2021,10,7
T2762,2021,10,31
T2763,2021,1,4
T2764,2021,11,11
T2765,2021,8,18
T2766,2022,8,16
T2767,2021,5,22
T2768,2021,7,14
T2769,2022,7,2
T2770,2022,7,5
T2771,2021,3,30
T2772,2022,4,1
T2773,2022,9,5
T2774,2022,5,26
T2775,2021,7,28
T2776,2022,12,8
T2777,2021,10,7
T2778,2022,7,12
T2779,2022,9,28
T2780,2022,9,24
T2781,2022,7,27
T2782,2021,11,29
T2783,2022,6,29
T2784,2021,8,15
T2785,2021,10,27
T2786,2021,3,29
T2787,2021,4,4
T2788,2021,12,29
T2789,2021,12,28
T2790,2022,5,3
T2791,2022,5,9
T2792,2022,10,8
T2793,2022,3,30
T2794,2021,1,7
T2795,2021,10,15
T2796,2021,8,8
T2797,2022,8,15
T2798,2021,12,8
T2799,2021,10,19
T2800,2021,1,22
T2801,2021,6,5
T2802,2022,5,10
T2803,2021,2,16
T2804,2022,1,7
T2805,2021,11,30
T2806,2021,6,11
T2807,2022,1,26
T2808,2021,8,6
T2809,2021,11,1
T2810,2022,9,25
T2811,2021,3,11
T2812,2021,4,29
T2813,2022,12,11
T2814,2021,2,10
T2815,2021,3,2
T2816,2021,4,15
T2817,2021,2,16
T2818,2022,5,11
T2819,2021,6,17
T2820,2021,11,2
T2821,2021,11,25
T2822,2021,2,10
T2823,2021,9,4
T2824,2021,8,26
T2825,2022,5,20
T2826,2022,10,6
T2827,2022,7,14
T2828,2021,3,16
T2829,2021,6,13
T2830,2022,10,1
T2831,2022,10,10
T2832,2022,8,13
T2833,2022,1,28
T2834,2022,2,9
T2835,2021,12,4
T2836,2021,1,23
T2837,2022,7,11
T2838,2022,1,17
T2839,2021,6,11
T2840,2022,5,12
T2841,2022,8,4
T2842,2022,1,28
T2843,2021,2,14
T2844,2021,12,31
T2845,2021,4,25
T2846,2021,4,2
T2847,2021,8,26
T2848,2022,10,25
T2849,2021,9,2
T2850,2022,2,16
T2851,2021,12,29
T2852,2021,1,29
T2853,2021,1,25
T2854,2021,11,20
T2855,2022,12,14
T2856,2022,5,27
T2857,2022,9,28
T2858,2021,5,3
T2859,2021,7,3
T2860,2021,2,12
T2861,2021,6,21
T2862,2022,11,12
T2863,2021,3,11
T2864,2022,7,24
T2865,2021,11,17
T2866,2021,8,2
T2867,2022,2,13
T2868,2021,3,6
T2869,2022,10,2
T2870,2021,5,7
T2871,2021,6,22
T2872,2022,5,1
T2873,2022,11,27
T2874,2021,8,21
T2875,2021,8,5
T2876,2022,4,7
T2877,2022,7,13
T2878,2022,3,5
T2879,2021,4,30
T2880,2022,7,8
T2881,2021,10,5
T2882,2022,5,3
T2883,2022,11,18
T2884,2022,4,5
T2885,2021,2,11
T2886,2022,7,6
T2887,2022,6,19
T2888,2022,3,31
T2889,2022,6,5
T2890,2021,12,31
T2891,2022,8,7
T2892,2021,8,30
T2893,2021,9,21
T2894,2021,7,14
T2895,2021,12,9
T2896,2021,6,12
T2897,2022,5,23
T2898,2022,10,9
T2899,2022,7,29
T2900,2022,8,23
T2901,2021,11,28
T2902,2022,1,22
T2903,2022,2,20
T2904,2021,10,27
T2905,2021,6,6
T2906,2022,7,18
T2907,2021,8,21
T2908,2021,12,13
T2909,2021,2,5
T2910,2022,2,26
T2911,2022,5,31
T2912,2021,5,9
T2913,2022,1,13
T2914,2021,5,27
T2915,2021,6,14
T2916,2021,10,18
T2917,2021,12,27
T2918,2022,1,9
T2919,2022,4,8
T2920,2021,3,13
T2921,2022,8,29
T2922,2022,5,24
T2923,2022,3,28
T2924,2022,11,21
T2925,2021,3,6
T2926,2022,3,23
T2927,2021,3,17
T2928,2022,11,3
T2929,2021,10,14
T2930,2021,11,29
T2931,2021,4,15
T2932,2021,8,30
T2933,2021,4,2
T2934,2021,6,19
T2935,2022,3,12
T2936,2022,4,4
T2937,2022,11,5
T2938,2022,1,12
T2939,2021,2,16
T2940,2021,5,11
T2941,2022,7,12
T2942,2022,9,18
T2943,2022,3,23
T2944,2022,8,19
T2945,2022,4,30
T2946,2022,7,5
T2947,2021,1,8
T2948,2021,5,18
T2949,2021,9,19
T2950,2022,12,20
T2951,2022,8,30
T2952,2022,11,9
T2953,2021,1,15
T2954,2021,11,5
T2955,2022,12,2
T2956,2022,9,26
T2957,2022,9,14
T2958,2021,11,5
T2959,2021,5,18
T2960,2022,4,8
T2961,2021,2,26
T2962,2021,3,9
T2963,2021,1,12
T2964,2021,3,5
T2965,2022,2,28
T2966,2022,8,23
T2967,2021,11,5
T2968,2021,3,29
T2969,2022,4,30
T2970,2022,2,5
T2971,2022,7,20
T2972,2022,8,1
T2973,2022,4,8
T2974,2021,2,11
T2975,2021,8,28
T2976,2022,1,17
T2977,2022,1,22
T2978,2021,5,17
T2979,2022,6,24
T2980,2021,12,28
T2981,2021,5,22
T2982,2021,8,1
T2983,2022,3,22
T2984,2022,5,12
T2985,2021,10,5
T2986,2021,7,15
T2987,2022,11,8
T2988,2022,1,23
T2989,2021,6,6
T2990,2022,10,13
T2991,2022,5,14
T2992,2022,1,15
T2993,2022,3,28
T2994,2022,8,21
T2995,2021,8,12
T2996,2022,7,27
T2997,2021,5,31
T2998,2022,10,14
T2999,2022,3,9
T3000,2021,9,22
T3001,2022,10,18
T3002,2022,3,29
T3003,2021,1,5
T3004,2022,8,21
T3005,2022,7,5
T3006,2022,8,10
T3007,2022,1,15
T3008,2022,12,2
T3009,2021,9,25
T3010,2021,3,13
T3011,2021,8,14
T3012,2022,7,24
T3013,2022,2,23
T3014,2022,8,19
T3015,2022,3,16
T3016,2021,3,8
T3017,2022,12,4
T3018,2021,8,8
T3019,2021,8,18
T3020,2021,6,17
T3021,2022,4,14
T3022,2021,4,2
T3023,2021,11,6
T3024,2021,8,1
T3025,2022,12,23
T3026,2022,9,20
T3027,2021,7,6
T3028,2022,2,13
T3029,2022,5,6
T3030,2021,3,12
T3031,2021,10,30
T3032,2021,7,14
T3033,2022,10,30
T3034,2021,8,12
T3035,2022,7,30
T3036,2021,4,9
T3037,2021,7,25
T3038,2022,9,2
T3039,2021,1,26
T3040,2022,10,9
T3041,2022,10,11
T3042,2022,7,23
T3043,2021,2,28
T3044,2021,1,22
T3045,2022,7,16
T3046,2021,9,23
T3047,2022,5,12
T3048,2021,8,27
T3049,2021,5,11
T3050,2022,5,5
T3051,2021,1,6
T3052,2021,11,19
T3053,2021,1,7
T3054,2021,3,16
T3055,2022,2,9
T3056,2021,6,10
T3057,2021,3,15
T3058,2022,10,18
T3059,2022,12,14
T3060,2022,7,12
T3061,2021,12,7
T3062,2022,4,14
T3063,2021,5,7
T3064,2021,1,9
T3065,2021,9,24
T3066,2022,8,28
T3067,2021,4,26
T3068,2021,3,7
T3069,2021,3,6
T3070,2022,3,11
T3071,2021,6,30
T3072,2022,4,23
T3073,2021,3,16
T3074,2022,4,13
T3075,2021,7,18
T3076,2021,9,13
T3077,2022,12,6
T3078,2022,7,25
T3079,2021,8,3
T3080,2021,2,9
T3081,2021,4,16
T3082,2022,6,10
T3083,2021,9,26
T3084,2022,11,9
T3085,2021,2,22
T3086,2022,9,1
T3087,2021,9,10
T3088,2021,10,2
T3089,2021,10,19
T3090,2021,10,14
T3091,2022,4,30
T3092,2021,7,27
T3093,2021,4,8
T3094,2021,3,11
T3095,2022,1,27
T3096,2021,2,28
T3097,2022,1,26
T3098,2022,3,1
T3099,2022,7,19
T3100,2022,1,14
T3101,2022,3,5
T3102,2022,6,17
T3103,2021,7,15
T3104,2022,10,13
T3105,2021,4,16
T3106,2022,7,29
T3107,2022,9,9
T3108,2021,7,7
T3109,2022,9,14
T3110,2021,7,29
T3111,2021,2,3
T3112,2021,1,15
T3113,2021,10,29
T3114,2022,11,4
T3115,2021,8,29
T3116,2022,7,30
T3117,2021,12,16
T3118,2021,8,14
T3119,2021,2,16
T3120,2022,8,5
T3121,2021,12,3
T3122,2021,5,30
T3123,2021,1,9
T3124,2022,11,29
T3125,2021,9,3
T3126,2022,10,5
T3127,2022,3,18
T3128,2022,4,13
T3129,2021,2,23
T3130,2022,10,20
T3131,2021,3,15
T3132,2022,4,17
T3133,2021,10,4
T3134,2022,11,29
T3135,2021,6,21
T3136,2021,5,7
T3137,2021,12,28
T3138,2022,1,3
T3139,2022,4,1
T3140,2021,2,1
T3141,2021,3,21
T3142,2021,2,16
T3143,2021,10,26
T3144,2022,10,29
T3145,2021,2,4
T3146,2022,8,6
T3147,2022,10,15
T3148,2022,9,2
T3149,2021,9,9
T3150,2021,1,1
T3151,2021,8,12
T3152,2021,11,4
T3153,2022,7,20
T3154,2022,4,27
T3155,2022,3,19
T3156,2021,6,21
T3157,2021,6,28
T3158,2021,10,15
T3159,2022,6,13
T3160,2021,12,30
T3161,2021,2,21
T3162,2022,5,31
T3163,2022,1,7
T3164,2021,11,21
T3165,2021,11,12
T3166,2021,9,20
T3167,2021,11,30
T3168,2022,6,14
T3169,2021,5,9
T3170,2021,2,7
T3171,2021,6,17
T3172,2022,10,13
T3173,2021,9,21
T3174,2021,9,1
T3175,2022,4,12
T3176,2022,11,20
T3177,2021,7,7
T3178,2021,9,30
T3179,2021,9,5
T3180,2022,9,22
T3181,2021,7,13
T3182,2021,8,29
T3183,2022,5,9
T3184,2021,6,11
T3185,2022,5,11
T3186,2022,1,23
T3187,2021,7,1
T3188,2022,6,5
T3189,2021,11,2
T3190,2022,11,2
T3191,2022,4,7
T3192,2021,3,12
T3193,2021,8,20
T3194,2022,9,20
T3195,2021,3,6
T3196,2022,11,19
T3197,2021,9,11
T3198,2021,12,12
T3199,2022,11,30
T3200,2022,10,30
T3201,2022,4,28
T3202,2021,3,29
T3203,2021,1,12
T3204,2022,1,4
T3205,2021,4,13
T3206,2021,8,13
T3207,2021,2,17
T3208,2022,5,7
T3209,2022,1,6
T3210,2022,3,10
T3211,2022,1,30
T3212,2021,8,25
T3213,2022,8,21
T3214,2021,10,5
T3215,2021,6,6
T3216,2022,2,19
T3217,2021,10,23
T3218,2021,7,20
T3219,2021,6,26
T3220,2022,3,27
T3221,2022,6,19
T3222,2021,11,2
T3223,2022,4,25
T3224,2021,12,6
T3225,2021,3,11
T3226,2021,12,3
T3227,2021,12,29
T3228,2022,3,12
T3229,2022,7,6
T3230,2022,4,17
T3231,2021,12,1
T3232,2021,2,27
T3233,2022,11,23
T3234,2021,9,30
T3235,2022,7,24
T3236,2021,5,3
T3237,2022,5,11
T3238,2022,2,16
T3239,2022,11,19
T3240,2022,1,9
T3241,2022,10,27
T3242,2022,12,4
T3243,2021,8,17
T3244,2021,7,27
T3245,2022,2,10
T3246,2022,9,17
T3247,2022,2,7
T3248,2021,5,6
T3249,2022,7,29
T3250,2022,4,4
T3251,2022,12,26
T3252,2022,8,11
T3253,2022,2,7
T3254,2021,3,28
T3255,2021,12,22
T3256,2022,12,28
T3257,2022,3,13
T3258,2021,5,6
T3259,2022,7,15
T3260,2022,8,31
T3261,2022,2,9
T3262,2021,8,15
T3263,2021,6,22
T3264,2022,1,12
T3265,2022,12,2
T3266,2021,6,8
T3267,2022,3,6
T3268,2021,9,26
T3269,2022,4,15
T3270,2022,5,11
T3271,2022,5,29
T3272,2021,11,21
T3273,2021,11,20
T3274,2021,9,15
T3275,2022,12,26
T3276,2021,6,5
T3277,2021,6,15
T3278,2021,2,10
T3279,2021,6,29
T3280,2022,8,3
T3281,2022,8,10
T3282,2022,8,1
T3283,2022,10,7
T3284,2021,2,17
T3285,2022,10,2
T3286,2021,9,13
T3287,2021,12,9
T3288,2022,8,11
T3289,2021,12,12
T3290,2021,8,31
T3291,2021,9,29
T3292,2021,1,21
T3293,2021,10,10
T3294,2022,9,19
T3295,2022,1,3
T3296,2022,6,30
T3297,2021,2,12
T3298,2022,3,26
T3299,2021,3,30
T3300,2021,3,24
T3301,2021,9,11
T3302,2021,9,21
T3303,2022,12,20
T3304,2022,8,3
T3305,2022,7,26
T3306,2021,2,2
T3307,2021,3,1
T3308,2021,9,5
T3309,2022,3,10
T3310,2022,6,24
T3311,2022,1,7
T3312,2022,10,8
T3313,2022,3,27
T3314,2022,4,12
T3315,2022,1,6
T3316,2022,10,2
T3317,2021,8,19
T3318,2021,4,4
T3319,2021,12,20
T3320,2021,10,5
T3321,2021,10,27
T3322,2022,2,24
T3323,2021,7,7
T3324,2022,10,9
T3325,2021,9,25
T3326,2022,10,18
T3327,2021,5,29
T3328,2022,6,7
T3329,2022,8,16
T3330,2021,2,20
T3331,2022,6,22
T3332,2022,5,2
T3333,2022,8,12
T3334,2021,7,13
T3335,2022,4,21
T3336,2021,5,11
T3337,2022,3,7
T3338,2021,6,16
T3339,2021,1,23
T3340,2022,4,29
T3341,2022,10,19
T3342,2022,3,19
T3343,2021,6,11
T3344,2021,8,6
T3345,2022,12,22
T3346,2022,12,29
T3347,2022,1,14
T3348,2022,2,15
T3349,2022,10,4
T3350,2021,9,11
T3351,2021,8,21
T3352,2021,1,11
T3353,2022,2,5
T3354,2021,7,20
T3355,2022,8,31
T3356,2022,5,15
T3357,2021,8,1
T3358,2022,10,31
T3359,2021,4,26
T3360,2021,7,29
T3361,2021,9,30
T3362,2022,10,16
T3363,2022,11,19
T3364,2022,12,29
T3365,2022,9,19
T3366,2022,8,27
T3367,2022,3,16
T3368,2021,3,2
T3369,2022,3,2
T3370,2022,3,4
T3371,2022,5,22
T3372,2022,1,31
T3373,2022,9,3
T3374,2022,6,14
T3375,2022,12,2
T3376,2022,11,13
T3377,2021,8,23
T3378,2022,5,26
T3379,2021,11,1
T3380,2022,6,29
T3381,2022,4,4
T3382,2022,8,6
T3383,2022,10,22
T3384,2022,6,15
T3385,2022,4,22
T3386,2022,11,12
T3387,2021,4,22
T3388,2021,4,11
T3389,2022,10,31
T3390,2021,2,9
T3391,2021,7,16
T3392,2021,7,30
T3393,2021,7,8
T3394,2022,5,7
T3395,2021,2,17
T3396,2021,7,19
T3397,2022,10,26
T3398,2021,11,3
T3399,2021,9,21
T3400,2022,4,1
T3401,2022,5,28
T3402,2021,3,6
T3403,2022,2,24
T3404,2021,11,9
T3405,2021,7,6
T3406,2021,11,12
T3407,2021,2,8
T3408,2022,6,20
T3409,2022,3,13
T3410,2022,4,4
T3411,2022,2,6
T3412,2021,11,29
T3413,2021,6,24
T3414,2022,7,14
T3415,2022,8,28
T3416,2022,3,14
T3417,2021,8,13
T3418,2022,10,18
T3419,2021,5,29
T3420,2022,2,3
T3421,2021,3,22
T3422,2021,4,9
T3423,2021,12,31
T3424,2022,6,28
T3425,2021,7,24
T3426,2021,8,18
T3427,2021,3,24
T3428,2021,12,28
T3429,2021,3,27
T3430,2021,3,19
T3431,2022,10,20
T3432,2021,12,7
T3433,2022,1,23
T3434,2022,2,14
T3435,2021,9,8
T3436,2022,3,1
T3437,2021,2,8
T3438,2021,8,8
T3439,2022,5,16
T3440,2022,10,13
T3441,2021,11,28
T3442,2022,3,28
T3443,2022,4,2
T3444,2022,4,30
T3445,2021,6,18
T3446,2022,3,5
T3447,2021,12,11
T3448,2022,8,7
T3449,2021,4,21
T3450,2022,7,28
T3451,2022,2,4
T3452,2022,7,4
T3453,2022,2,13
T3454,2022,1,5
T3455,2022,9,21
T3456,2021,4,25
T3457,2021,12,22
T3458,2022,7,14
T3459,2022,4,23
T3460,2022,2,4
T3461,2021,8,30
T3462,2022,12,3
T3463,2022,10,9
T3464,2021,10,4
T3465,2021,8,16
T3466,2021,2,28
T3467,2021,2,14
T3468,2022,11,12
T3469,2021,8,30
T3470,2022,5,9
T3471,2021,1,15
T3472,2022,11,13
T3473,2022,8,18
T3474,2021,8,30
T3475,2022,4,9
T3476,2022,10,23
T3477,2022,11,24
T3478,2022,8,7
T3479,2021,4,22
T3480,2022,5,9
T3481,2022,4,6
T3482,2022,9,16
T3483,2021,6,26
T3484,2021,2,11
T3485,2021,9,23
T3486,2022,1,30
T3487,2021,5,2
T3488,2022,11,22
T3489,2021,12,9
T3490,2021,9,21
T3491,2022,5,14
T3492,2021,9,22
T3493,2022,3,31
T3494,2022,8,30
T3495,2022,2,10
T3496,2021,4,22
T3497,2022,8,27
T3498,2021,2,7
T3499,2022,1,24
T3500,2022,3,21
T3501,2021,3,15
T3502,2022,9,9
T3503,2021,6,23
T3504,2022,7,4
T3505,2022,2,1
T3506,2021,8,15
T3507,2022,6,29
T3508,2022,7,5
T3509,2021,9,2
T3510,2021,3,25
T3511,2022,10,18
T3512,2022,6,22
T3513,2022,8,3
T3514,2022,8,30
T3515,2022,10,19
T3516,2022,2,2
T3517,2022,9,23
T3518,2022,10,11
T3519,2022,8,13
T3520,2022,9,27
T3521,2021,9,20
T3522,2021,10,11
T3523,2022,1,8
T3524,2022,12,21
T3525,2021,2,27
T3526,2022,6,22
T3527,2021,9,7
T3528,2022,6,11
T3529,2021,3,25
T3530,2021,10,31
T3531,2022,4,6
T3532,2021,12,17
T3533,2022,11,8
T3534,2021,12,18
T3535,2022,9,4
T3536,2022,2,7
T3537,2022,12,21
T3538,2022,11,23
T3539,2022,8,26
T3540,2021,11,20
T3541,2022,3,13
T3542,2022,6,23
T3543,2022,1,6
T3544,2022,6,19
T3545,2022,10,6
T3546,2021,8,14
T3547,2022,12,18
T3548,2022,7,19
T3549,2021,11,4
T3550,2021,6,14
T3551,2021,11,23
T3552,2021,5,26
T3553,2021,12,26
T3554,2021,5,8
T3555,2021,3,3
T3556,2021,2,19
T3557,2022,1,29
T3558,2022,2,14
T3559,2022,8,29
T3560,2022,6,3
T3561,2022,6,19
T3562,2022,1,21
T3563,2022,9,18
T3564,2022,5,21
T3565,2021,12,8
T3566,2022,8,10
T3567,2022,6,4
T3568,2022,5,25
T3569,2021,9,29
T3570,2022,2,10
T3571,2022,10,19
T3572,2021,3,10
T3573,2021,9,23
T3574,2022,7,17
T3575,2022,2,8
T3576,2022,6,1
T3577,2022,6,19
T3578,2021,5,2
T3579,2022,12,20
T3580,2021,4,27
T3581,2022,3,17
T3582,2021,1,27
T3583,2021,8,19
T3584,2022,6,15
T3585,2022,8,29
T3586,2022,3,9
T3587,2022,8,9
T3588,2021,5,8
T3589,2022,7,22
T3590,2022,8,18
T3591,2021,9,9
T3592,2021,10,29
T3593,2021,9,29
T3594,2022,2,26
T3595,2021,11,17
T3596,2021,4,28
T3597,2022,5,20
T3598,2022,1,5
T3599,2022,11,21
T3600,2022,4,17
T3601,2021,8,22
T3602,2022,6,28
T3603,2021,6,16
T3604,2022,11,21
T3605,2021,11,1
T3606,2021,12,10
T3607,2022,11,26
T3608,2022,5,19
T3609,2022,3,26
T3610,2021,5,30
T3611,2022,1,30
T3612,2021,1,1
T3613,2021,5,22
T3614,2022,4,11
T3615,2021,1,10
T3616,2022,5,2
T3617,2021,1,26
T3618,2022,8,23
T3619,2021,9,24
T3620,2021,6,15
T3621,2021,2,9
T3622,2022,10,29
T3623,2021,9,28
T3624,2021,11,20
T3625,2022,9,24
T3626,2022,5,24
T3627,2021,4,30
T3628,2021,2,12
T3629,2021,1,29
T3630,2021,8,22
T3631,2022,5,2
T3632,2022,10,20
T3633,2021,11,3
T3634,2021,9,24
T3635,2022,8,11
T3636,2022,4,3
T3637,2021,3,25
T3638,2021,12,29
T3639,2022,3,19
T3640,2022,5,29
T3641,2021,11,20
T3642,2022,10,16
T3643,2022,9,20
T3644,2022,10,23
T3645,2022,3,28
T3646,2022,6,28
T3647,2021,3,26
T3648,2021,2,26
T3649,2021,1,27
T3650,2022,2,21
T3651,2022,6,23
T3652,2022,12,5
T3653,2022,3,25
T3654,2022,2,15
T3655,2022,7,6
T3656,2021,6,9
T3657,2021,12,1
T3658,2021,7,20
T3659,2022,7,9
T3660,2022,12,10
T3661,2021,11,27
T3662,2022,4,3
T3663,2021,10,7
T3664,2021,7,10
T3665,2021,5,4
T3666,2022,8,27
T3667,2022,9,15
T3668,2021,1,11
T3669,2021,7,30
T3670,2021,3,13
T3671,2021,10,22
T3672,2021,2,6
T3673,2022,5,1
T3674,2021,1,19
T3675,2021,4,1
T3676,2021,1,4
T3677,2021,5,30
T3678,2021,7,9
T3679,2021,3,4
T3680,2022,7,3
T3681,2022,9,20
T3682,2021,4,11
T3683,2021,11,16
T3684,2021,5,8
T3685,2022,12,4
T3686,2021,4,26
T3687,2021,5,14
T3688,2021,8,24
T3689,2022,3,21
T3690,2022,5,8
T3691,2022,4,16
T3692,2021,1,12
T3693,2022,9,27
T3694,2022,9,28
T3695,2022,6,3
T3696,2022,4,7
T3697,2021,1,24
T3698,2021,1,26
T3699,2022,9,20
T3700,2022,3,14
T3701,2021,3,16
T3702,2022,11,2
T3703,2022,11,10
T3704,2022,7,13
T3705,2022,11,15
T3706,2021,11,19
T3707,2021,5,26
T3708,2021,8,25
T3709,2022,4,25
T3710,2021,6,13
T3711,2021,1,26
T3712,2022,9,12
T3713,2021,3,12
T3714,2022,9,2
T3715,2022,10,17
T3716,2022,1,9
T3717,2021,10,10
T3718,2022,9,9
T3719,2022,11,12
T3720,2021,8,10
T3721,2021,11,27
T3722,2021,11,29
T3723,2021,3,4
T3724,2021,12,6
T3725,2022,2,11
T3726,2022,10,31
T3727,2021,8,1
T3728,2022,10,1
T3729,2021,1,23
T3730,2022,5,23
T3731,2022,9,5
T3732,2022,7,22
T3733,2022,10,13
T3734,2022,1,29
T3735,2021,6,11
T3736,2021,11,25
T3737,2021,11,18
T3738,2022,5,27
T3739,2022,12,15
T3740,2022,5,29
T3741,2022,2,3
T3742,2021,10,11
T3743,2022,4,24
T3744,2022,6,15
T3745,2022,5,4
T3746,2021,3,17
T3747,2021,2,26
T3748,2021,11,29
T3749,2022,2,10
T3750,2022,7,26
T3751,2021,7,5
T3752,2021,12,8
T3753,2022,4,6
T3754,2022,6,7
T3755,2021,7,15
T3756,2022,11,3
T3757,2021,10,8
T3758,2022,5,11
T3759,2022,10,8
T3760,2021,3,13
T3761,2022,3,4
T3762,2022,4,4
T3763,2022,11,18
T3764,2022,6,20
T3765,2021,1,12
T3766,2021,7,29
T3767,2022,12,15
T3768,2022,2,9
T3769,2021,7,1
T3770,2021,2,27
T3771,2022,5,22
T3772,2022,4,15
T3773,2022,6,14
T3774,2022,2,4
T3775,2021,6,17
T3776,2022,2,15
T3777,2022,12,20
T3778,2021,2,4
T3779,2022,8,22
T3780,2022,5,18
T3781,2022,4,22
T3782,2022,6,24
T3783,2022,3,3
T3784,2021,10,9
T3785,2022,1,28
T3786,2022,2,21
T3787,2021,2,12
T3788,2021,11,15
T3789,2021,5,14
T3790,2021,8,20
T3791,2021,1,10
T3792,2022,8,23
T3793,2022,12,15
T3794,2021,2,2
T3795,2021,3,29
T3796,2021,11,13
T3797,2021,12,10
T3798,2022,3,8
T3799,2022,6,29
T3800,2021,5,15
T3801,2021,11,18
T3802,2021,3,25
T3803,2021,10,25
T3804,2022,11,6
T3805,2021,4,27
T3806,2021,6,30
T3807,2022,9,30
T3808,2022,5,21
T3809,2022,11,2
T3810,2021,3,9
T3811,2021,11,18
T3812,2022,7,14
T3813,2021,6,30
T3814,2021,7,20
T3815,2022,1,6
T3816,2021,10,31
T3817,2022,3,22
T3818,2022,4,23
T3819,2022,11,22
T3820,2021,11,10
T3821,2021,12,27
T3822,2021,5,22
T3823,2021,8,22
T3824,2022,12,2
T3825,2021,12,2
T3826,2021,4,18
T3827,2022,2,3
T3828,2021,7,17
T3829,2021,12,17
T3830,2021,6,27
T3831,2021,12,26
T3832,2021,3,23
T3833,2021,10,30
T3834,2022,5,2
T3835,2022,8,2
T3836,2021,8,21
T3837,2022,11,22
T3838,2021,12,16
T3839,2021,9,24
T3840,2022,10,19
T3841,2022,5,21
T3842,2022,10,24
T3843,2022,3,17
T3844,2021,3,12
T3845,2022,5,24
T3846,2022,2,24
T3847,2022,3,22
T3848,2021,9,3
T3849,2021,9,10
T3850,2022,3,2
T3851,2022,3,7
T3852,2022,8,1
T3853,2022,9,26
T3854,2021,6,24
T3855,2021,9,5
T3856,2021,12,6
T3857,2021,6,20
T3858,2022,5,1
T3859,2021,1,5
T3860,2022,10,23
T3861,2022,10,3
T3862,2022,5,29
T3863,2021,3,16
T3864,2021,12,22
T3865,2022,8,17
T3866,2021,5,1
T3867,2021,2,10
T3868,2022,10,24
T3869,2021,4,23
T3870,2022,10,28
T3871,2022,4,2
T3872,2022,9,28
T3873,2022,7,31
T3874,2021,3,28
T3875,2021,9,30
T3876,2022,9,20
T3877,2022,12,29
T3878,2021,3,13
T3879,2021,8,14
T3880,2021,8,18
T3881,2022,10,27
T3882,2022,1,8
T3883,2022,5,21
T3884,2021,2,15
T3885,2022,4,28
T3886,2022,1,16
T3887,2021,4,22
T3888,2022,3,18
T3889,2021,4,15
T3890,2021,9,12
T3891,2022,6,9
T3892,2021,11,30
T3893,2021,1,20
T3894,2021,1,19
T3895,2022,7,24
T3896,2021,3,18
T3897,2021,3,28
T3898,2022,8,20
T3899,2021,1,25
T3900,2022,8,26
T3901,2022,10,8
T3902,2021,1,11
T3903,2022,8,19
T3904,2022,5,29
T3905,2021,5,15
T3906,2022,2,7
T3907,2021,5,19
T3908,2022,6,13
T3909,2022,8,13
T3910,2022,6,2
T3911,2021,5,9
T3912,2021,6,4
T3913,2021,1,24
T3914,2022,2,21
T3915,2022,1,7
T3916,2021,5,31
T3917,2022,7,23
T3918,2021,10,5
T3919,2021,12,11
T3920,2022,11,6
T3921,2021,5,5
T3922,2022,1,30
T3923,2021,9,6
T3924,2022,5,16
T3925,2021,10,1
T3926,2021,1,6
T3927,2022,3,5
T3928,2022,3,2
T3929,2021,4,6
T3930,2022,4,5
T3931,2021,11,18
T3932,2022,10,24
T3933,2021,1,20
T3934,2021,6,17
T3935,2021,4,26
T3936,2021,3,26
T3937,2022,7,4
T3938,2022,8,1
T3939,2022,11,10
T3940,2022,2,18
T3941,2021,10,20
T3942,2022,9,14
T3943,2021,10,16
T3944,2022,3,12
T3945,2021,12,16
T3946,2021,2,19
T3947,2021,6,11
T3948,2021,11,23
T3949,2021,9,21
T3950,2021,11,12
T3951,2021,12,2
T3952,2021,7,23
T3953,2022,1,14
T3954,2021,6,14
T3955,2021,9,14
T3956,2022,8,25
T3957,2021,8,16
T3958,2021,9,24
T3959,2022,2,4
T3960,2021,4,14
T3961,2021,9,28
T3962,2021,11,25
T3963,2021,6,23
T3964,2022,10,20
T3965,2022,9,14
T3966,2022,10,28
T3967,2022,7,20
T3968,2021,7,5
T3969,2021,7,10
T3970,2021,7,19
T3971,2022,8,15
T3972,2021,12,18
T3973,2022,7,1
T3974,2022,9,18
T3975,2021,10,3
T3976,2022,8,14
T3977,2022,5,18
T3978,2021,8,12
T3979,2021,11,13
T3980,2021,1,14
T3981,2021,5,7
T3982,2021,10,16
T3983,2022,1,2
T3984,2021,5,15
T3985,2021,6,17
T3986,2022,9,13
T3987,2022,5,9
T3988,2022,4,28
T3989,2021,6,9
T3990,2021,2,7
T3991,2021,7,13
T3992,2022,6,1
T3993,2022,3,7
T3994,2021,4,23
T3995,2022,8,26
T3996,2021,8,24
T3997,2022,2,21
T3998,2021,9,13
T3999,2022,4,18
T4000,2021,12,8
T4001,2021,10,2
T4002,2021,7,11
T4003,2022,4,23
T4004,2021,11,13
T4005,2022,11,27
T4006,2022,10,1
T4007,2022,10,4
T4008,2021,6,16
T4009,2022,3,11
T4010,2022,3,4
T4011,2021,1,10
T4012,2022,10,17
T4013,2022,6,9
T4014,2021,2,8
T4015,2021,8,27
T4016,2021,2,22
T4017,2021,4,14
T4018,2021,1,6
T4019,2021,4,12
T4020,2022,9,19
T4021,2021,2,26
T4022,2021,8,11
T4023,2022,5,26
T4024,2021,4,3
T4025,2021,5,12
T4026,2022,12,17
T4027,2021,3,10
T4028,2022,4,23
T4029,2022,10,30
T4030,2021,5,22
T4031,2021,11,4
T4032,2022,12,22
T4033,2021,10,5
T4034,2022,9,4
T4035,2022,7,22
T4036,2021,11,27
T4037,2021,1,7
T4038,2021,6,14
T4039,2021,11,18
T4040,2021,11,6
T4041,2022,4,23
T4042,2022,1,2
T4043,2021,8,31
T4044,2021,3,21
T4045,2021,6,4
T4046,2021,7,19
T4047,2021,6,5
T4048,2021,10,2
T4049,2021,4,14
T4050,2021,3,22
T4051,2022,11,16
T4052,2021,12,13
T4053,2022,9,1
T4054,2022,10,27
T4055,2021,10,3
T4056,2021,4,15
T4057,2021,11,12
T4058,2022,11,6
T4059,2021,5,6
T4060,2021,1,17
T4061,2022,3,25
T4062,2022,10,23
T4063,2021,12,16
T4064,2022,3,24
T4065,2021,4,24
T4066,2022,8,14
T4067,2021,5,3
T4068,2021,8,18
T4069,2022,4,9
T4070,2022,4,6
T4071,2022,5,10
T4072,2022,2,5
T4073,2022,4,2
T4074,2022,12,17
T4075,2021,10,2
T4076,2021,4,17
T4077,2022,8,1
T4078,2021,2,13
T4079,2022,5,17
T4080,2022,4,25
T4081,2021,8,5
T4082,2021,4,7
T4083,2021,8,19
T4084,2021,7,22
T4085,2021,9,18
T4086,2021,8,30
T4087,2021,4,17
T4088,2022,4,18
T4089,2022,1,6
T4090,2022,5,19
T4091,2021,9,22
T4092,2022,1,16
T4093,2021,1,5
T4094,2022,12,8
T4095,2022,7,15
T4096,2021,12,17
T4097,2022,9,30
T4098,2021,4,29
T4099,2022,12,21
T4100,2021,12,6
T4101,2022,6,20
T4102,2021,12,29
T4103,2021,7,11
T4104,2021,5,20
T4105,2021,1,5
T4106,2022,11,1
T4107,2021,3,18
T4108,2021,8,28
T4109,2022,8,12
T4110,2022,4,6
T4111,2021,11,14
T4112,2022,12,18
T4113,2022,1,22
T4114,2022,8,13
T4115,2022,4,26
T4116,2021,3,7
T4117,2021,8,4
T4118,2021,8,26
T4119,2021,5,21
T4120,2021,7,24
T4121,2022,2,7
T4122,2021,2,8
T4123,2021,12,14
T4124,2022,7,20
T4125,2022,3,31
T4126,2021,1,18
T4127,2022,11,10
T4128,2021,9,4
T4129,2021,11,5
T4130,2021,11,1
T4131,2022,3,2
T4132,2021,6,23
T4133,2021,12,30
T4134,2022,7,4
T4135,2021,3,7
T4136,2022,1,16
T4137,2022,5,10
T4138,2022,6,17
T4139,2021,9,5
T4140,2022,6,26
T4141,2021,2,16
T4142,2022,4,2
T4143,2022,4,28
T4144,2022,2,24
T4145,2022,7,18
T4146,2022,6,12
T4147,2021,10,21
T4148,2022,7,16
T4149,2022,10,6
T4150,2021,11,10
T4151,2021,12,3
T4152,2022,5,10
T4153,2022,10,4
T4154,2022,11,26
T4155,2021,1,1
T4156,2022,8,7
T4157,2022,11,4
T4158,2021,6,21
T4159,2021,5,4
T4160,2022,4,11
T4161,2022,9,7
T4162,2022,10,14
T4163,2021,4,27
T4164,2022,7,7
T4165,2022,12,6
T4166,2021,6,8
T4167,2021,12,20
T4168,2022,2,28
T4169,2022,12,12
T4170,2021,12,31
T4171,2022,7,19
T4172,2021,10,12
T4173,2022,1,31
T4174,2022,4,20
T4175,2021,11,17
T4176,2021,2,24
T4177,2022,7,26
T4178,2021,2,22
T4179,2022,4,14
T4180,2022,10,28
T4181,2021,2,5
T4182,2022,1,19
T4183,2021,9,26
T4184,2022,12,13
T4185,2021,9,2
T4186,2022,4,26
T4187,2021,11,28
T4188,2022,10,23
T4189,2022,8,11
T4190,2021,7,30
T4191,2022,8,17
T4192,2021,9,23
T4193,2022,11,8
T4194,2022,9,1
T4195,2021,3,12
T4196,2022,10,20
T4197,2021,1,9
T4198,2021,7,27
T4199,2021,5,20
T4200,2022,8,9
T4201,2021,3,24
T4202,2021,8,6
T4203,2022,1,4
T4204,2021,9,16
T4205,2022,2,19
T4206,2022,12,16
T4207,2021,12,30
T4208,2021,4,25
T4209,2021,5,12
T4210,2021,3,3
T4211,2022,4,17
T4212,2021,5,6
T4213,2021,3,26
T4214,2021,5,12
T4215,2022,6,14
T4216,2021,12,27
T4217,2021,6,16
T4218,2021,7,22
T4219,2021,6,17
T4220,2021,12,9
T4221,2021,11,11
T4222,2022,12,26
T4223,2021,9,26
T4224,2021,1,10
T4225,2022,1,11
T4226,2021,10,24
T4227,2021,12,13
T4228,2021,3,4
T4229,2021,9,23
T4230,2022,7,24
T4231,2021,8,19
T4232,2022,3,22
T4233,2022,6,14
T4234,2021,11,8
T4235,2021,2,16
T4236,2021,3,14
T4237,2021,7,10
T4238,2021,3,2
T4239,2022,6,4
T4240,2021,10,12
T4241,2022,4,13
T4242,2021,1,16
T4243,2022,8,31
T4244,2021,7,27
T4245,2021,10,28
T4246,2021,5,18
T4247,2022,2,9
T4248,2022,12,25
T4249,2021,6,27
T4250,2021,4,15
T4251,2021,12,6
T4252,2021,7,5
T4253,2021,4,17
T4254,2022,10,26
T4255,2021,6,7
T4256,2021,8,24
T4257,2021,10,3
T4258,2022,2,12
T4259,2021,2,21
T4260,2021,2,21
T4261,2021,5,21
T4262,2022,8,28
T4263,2022,1,2
T4264,2021,12,14
T4265,2021,5,8
T4266,2022,11,9
T4267,2022,11,1
T4268,2022,2,28
T4269,2022,3,18
T4270,2021,7,16
T4271,2021,6,2
T4272,2021,1,9
T4273,2021,1,1
T4274,2022,9,3
T4275,2021,5,14
T4276,2021,4,8
T4277,2022,11,5
T4278,2022,6,30
T4279,2021,2,21
T4280,2021,1,26
T4281,2021,2,23
T4282,2021,6,4
T4283,2022,10,14
T4284,2022,9,25
T4285,2021,2,5
T4286,2021,6,18
T4287,2021,6,27
T4288,2022,7,10
T4289,2022,12,25
T4290,2022,7,22
T4291,2021,3,28
T4292,2022,3,16
T4293,2021,11,3
T4294,2022,7,11
T4295,2021,12,6
T4296,2022,9,21
T4297,2021,1,19
T4298,2022,8,16
T4299,2021,12,24
T4300,2022,7,4
T4301,2022,8,26
T4302,2022,3,7
T4303,2022,11,2
T4304,2022,5,13
T4305,2021,2,9
T4306,2022,4,24
T4307,2021,7,6
T4308,2022,3,21
T4309,2022,10,22
T4310,2021,5,5
T4311,2021,10,1
T4312,2022,4,13
T4313,2021,2,5
T4314,2021,1,20
T4315,2022,5,27
T4316,2022,7,24
T4317,2022,5,29
T4318,2021,3,13
T4319,2021,9,28
T4320,2022,11,1
T4321,2021,12,7
T4322,2022,5,3
T4323,2022,3,29
T4324,2022,2,28
T4325,2022,5,29
T4326,2022,1,16
T4327,2021,10,13
T4328,2021,1,19
T4329,2022,3,16
T4330,2022,4,2
T4331,2021,12,22
T4332,2022,2,5
T4333,2022,12,27
T4334,2022,11,12
T4335,2022,2,13
T4336,2022,7,29
T4337,2021,10,10
T4338,2022,6,23
T4339,2022,4,14
T4340,2021,8,12
T4341,2021,12,1
T4342,2022,9,19
T4343,2021,3,13
T4344,2022,8,19
T4345,2022,7,13
T4346,2022,6,20
T4347,2022,1,9
T4348,2021,4,6
T4349,2022,2,15
T4350,2021,9,26
T4351,2022,12,12
T4352,2022,6,12
T4353,2022,5,20
T4354,2021,1,23
T4355,2021,9,24
T4356,2021,10,19
T4357,2021,10,16
T4358,2022,10,13
T4359,2022,9,4
T4360,2021,6,25
T4361,2022,9,24
T4362,2021,7,10
T4363,2021,2,25
T4364,2022,9,2
T4365,2021,5,3
T4366,2022,10,6
T4367,2022,4,29
T4368,2022,12,2
T4369,2022,10,1
T4370,2021,3,1
T4371,2021,8,6
T4372,2021,11,11
T4373,2021,11,12
T4374,2021,4,27
T4375,2022,5,20
T4376,2022,11,25
T4377,2022,3,17
T4378,2022,9,12
T4379,2022,12,7
T4380,2022,12,9
T4381,2022,2,24
T4382,2021,8,27
T4383,2021,9,19
T4384,2021,6,5
T4385,2021,8,2
T4386,2021,9,15
T4387,2022,3,16
T4388,2022,3,7
T4389,2021,11,27
T4390,2022,4,25
T4391,2022,11,4
T4392,2021,6,16
T4393,2021,10,10
T4394,2021,8,24
T4395,2021,4,8
T4396,2021,9,5
T4397,2022,5,19
T4398,2021,5,20
T4399,2021,8,24
T4400,2021,12,27
T4401,2021,1,8
T4402,2022,12,25
T4403,2021,5,13
T4404,2021,1,18
T4405,2021,8,24
T4406,2022,5,29
T4407,2022,2,8
T4408,2021,6,27
T4409,2021,12,12
T4410,2022,7,6
T4411,2022,1,3
T4412,2021,11,27
T4413,2021,5,24
T4414,2021,12,30
T4415,2021,12,11
T4416,2022,1,7
T4417,2021,6,27
T4418,2022,11,23
T4419,2021,7,23
T4420,2022,6,6
T4421,2022,11,5
T4422,2022,10,22
T4423,2022,10,7
T4424,2022,5,8
T4425,2021,1,28
T4426,2022,11,1
T4427,2022,4,18
T4428,2022,11,19
T4429,2021,4,13
T4430,2022,7,2
T4431,2021,4,9
T4432,2022,9,29
T4433,2021,11,19
T4434,2021,3,18
T4435,2022,3,12
T4436,2022,1,29
T4437,2022,8,31
T4438,2021,4,26
T4439,2022,1,3
T4440,2022,1,4
T4441,2021,3,31
T4442,2021,11,24
T4443,2021,4,28
T4444,2021,3,8
T4445,2022,12,21
T4446,2021,9,24
T4447,2022,10,2
T4448,2022,4,12
T4449,2021,5,23
T4450,2021,7,10
T4451,2021,6,16
T4452,2021,4,16
T4453,2022,5,24
T4454,2022,11,18
T4455,2021,10,5
T4456,2021,7,31
T4457,2022,9,14
T4458,2022,1,25
T4459,2021,11,25
T4460,2021,12,19
T4461,2022,4,19
T4462,2022,8,18
T4463,2022,12,14
T4464,2022,2,5
T4465,2021,10,1
T4466,2021,9,24
T4467,2022,6,17
T4468,2022,5,6
T4469,2022,3,5
T4470,2022,1,3
T4471,2021,6,1
T4472,2022,5,17
T4473,2021,7,11
T4474,2021,3,17
T4475,2022,12,13
T4476,2021,1,27
T4477,2022,6,7
T4478,2022,12,1
T4479,2022,3,27
T4480,2021,1,12
T4481,2021,11,18
T4482,2021,1,5
T4483,2022,3,12
T4484,2022,10,13
T4485,2021,4,23
T4486,2022,2,26
T4487,2021,9,8
T4488,2022,12,18
T4489,2021,2,15
T4490,2022,9,16
T4491,2021,4,17
T4492,2021,8,31
T4493,2021,8,24
T4494,2021,11,29
T4495,2021,6,14
T4496,2021,3,27
T4497,2021,10,11
T4498,2021,5,5
T4499,2022,2,19
T4500,2021,9,24
T4501,2022,7,16
T4502,2021,9,12
T4503,2022,6,6
T4504,2022,12,17
T4505,2022,1,13
T4506,2022,12,6
T4507,2021,9,7
T4508,2021,7,27
T4509,2021,11,7
T4510,2021,5,29
T4511,2022,7,31
T4512,2022,10,8
T4513,2022,4,1
T4514,2022,10,18
T4515,2022,1,30
T4516,2022,12,14
T4517,2022,8,26
T4518,2021,11,15
T4519,2022,7,30
T4520,2021,11,17
T4521,2022,7,16
T4522,2022,4,20
T4523,2022,7,26
T4524,2022,6,18
T4525,2021,4,15
T4526,2021,8,27
T4527,2021,6,6
T4528,2022,2,9
T4529,2022,11,12
T4530,2022,4,10
T4531,2021,5,29
T4532,2022,8,2
T4533,2022,2,20
T4534,2022,3,23
T4535,2021,11,29
T4536,2022,9,29
T4537,2022,12,22
T4538,2022,7,4
T4539,2021,8,30
T4540,2021,7,21
T4541,2021,6,10
T4542,2022,4,21
T4543,2021,6,1
T4544,2022,2,27
T4545,2022,4,9
T4546,2022,10,17
T4547,2021,12,15
T4548,2021,12,1
T4549,2022,4,29
T4550,2022,12,7
T4551,2021,1,3
T4552,2021,4,11
T4553,2022,10,26
T4554,2022,11,30
T4555,2021,8,11
T4556,2022,1,15
T4557,2021,12,17
T4558,2021,2,22
T4559,2021,9,19
T4560,2022,9,10
T4561,2022,6,13
T4562,2022,1,24
T4563,2021,8,11
T4564,2021,5,1
T4565,2022,5,22
T4566,2021,1,25
T4567,2021,2,26
T4568,2022,7,25
T4569,2022,6,5
T4570,2021,7,18
T4571,2021,4,1
T4572,2021,8,20
T4573,2022,10,26
T4574,2022,7,28
T4575,2021,3,8
T4576,2022,9,18
T4577,2021,8,30
T4578,2021,12,29
T4579,2021,4,3
T4580,2021,2,24
T4581,2022,10,20
T4582,2022,2,8
T4583,2022,3,8
T4584,2021,11,30
T4585,2021,3,6
T4586,2021,12,8
T4587,2021,8,2
T4588,2021,1,31
T4589,2022,11,6
T4590,2022,12,6
T4591,2021,8,21
T4592,2022,7,10
T4593,2021,10,7
T4594,2021,12,7
T4595,2022,6,2
T4596,2022,5,25
T4597,2021,11,10
T4598,2021,4,1
T4599,2022,4,13
T4600,2022,4,5
T4601,2022,3,3
T4602,2021,10,11
T4603,2021,7,29
T4604,2022,2,7
T4605,2022,12,29
T4606,2021,4,22
T4607,2021,7,15
T4608,2022,5,23
T4609,2021,2,22
T4610,2021,10,16
T4611,2021,6,2
T4612,2021,6,5
T4613,2021,4,22
T4614,2021,9,20
T4615,2022,5,4
T4616,2021,6,30
T4617,2021,7,20
T4618,2022,7,8
T4619,2022,12,23
T4620,2021,6,10
T4621,2021,7,18
T4622,2021,5,2
T4623,2021,3,17
T4624,2022,9,15
T4625,2021,4,17
T4626,2022,7,16
T4627,2021,1,12
T4628,2022,8,22
T4629,2022,3,17
T4630,2022,12,7
T4631,2021,5,5
T4632,2021,3,29
T4633,2022,11,5
T4634,2021,3,5
T4635,2021,12,13
T4636,2021,3,3
T4637,2021,12,1
T4638,2022,10,14
T4639,2022,3,21
T4640,2022,2,15
T4641,2022,11,19
T4642,2022,9,23
T4643,2022,6,6
T4644,2021,4,13
T4645,2022,1,7
T4646,2021,4,4
T4647,2021,5,15
T4648,2022,6,25
T4649,2021,8,8
T4650,2022,8,19
T4651,2022,6,5
T4652,2022,11,28
T4653,2022,11,11
T4654,2021,10,20
T4655,2021,1,30
T4656,2022,1,1
T4657,2022,6,1
T4658,2022,6,12
T4659,2021,6,29
T4660,2021,2,1
T4661,2022,7,6
T4662,2022,1,28
T4663,2021,4,11
T4664,2021,6,12
T4665,2022,6,16
T4666,2021,2,14
T4667,2022,6,22
T4668,2022,7,31
T4669,2022,12,6
T4670,2021,6,2
T4671,2022,5,18
T4672,2022,3,22
T4673,2022,10,30
T4674,2022,5,27
T4675,2022,7,4
T4676,2022,5,23
T4677,2021,5,6
T4678,2022,5,20
T4679,2021,2,12
T4680,2022,11,13
T4681,2021,9,5
T4682,2021,10,18
T4683,2021,8,3
T4684,2021,1,17
T4685,2021,11,5
T4686,2022,11,6
T4687,2021,11,26
T4688,2021,4,10
T4689,2022,9,11
T4690,2021,9,23
T4691,2021,6,14
T4692,2021,6,26
T4693,2022,9,7
T4694,2022,11,18
T4695,2022,2,13
T4696,2022,12,4
T4697,2021,1,6
T4698,2022,11,27
T4699,2021,11,1
T4700,2021,12,11
T4701,2022,4,29
T4702,2022,7,25
T4703,2021,12,17
T4704,2022,12,16
T4705,2021,4,29
T4706,2021,11,9
T4707,2021,12,3
T4708,2022,5,13
T4709,2021,4,4
T4710,2021,9,27
T4711,2022,3,6
T4712,2021,12,22
T4713,2022,10,14
T4714,2021,1,23
T4715,2022,7,1
T4716,2022,5,4
T4717,2021,1,7
T4718,2022,12,20
T4719,2021,10,5
T4720,2021,1,19
T4721,2021,12,28
T4722,2022,4,5
T4723,2021,3,18
T4724,2022,6,8
T4725,2022,5,20
T4726,2022,10,9
T4727,2022,10,6
T4728,2022,6,17
T4729,2021,1,18
T4730,2021,4,12
T4731,2022,7,16
T4732,2022,9,8
T4733,2021,1,6
T4734,2021,8,28
T4735,2022,6,5
T4736,2022,11,2
T4737,2022,12,27
T4738,2022,1,26
T4739,2022,7,18
T4740,2021,4,20
T4741,2021,1,19
T4742,2022,6,19
T4743,2021,2,4
T4744,2022,6,6
T4745,2021,11,5
T4746,2021,7,18
T4747,2022,3,7
T4748,2022,12,30
T4749,2021,7,9
T4750,2022,4,1
T4751,2022,4,26
T4752,2021,9,5
T4753,2021,2,28
T4754,2022,9,30
T4755,2021,4,19
T4756,2022,5,2
T4757,2021,12,12
T4758,2022,8,15
T4759,2021,2,19
T4760,2022,8,11
T4761,2021,1,19
T4762,2022,9,25
T4763,2021,11,24
T4764,2021,3,29
T4765,2022,7,18
T4766,2021,10,15
T4767,2022,7,26
T4768,2022,12,4
T4769,2021,8,19
T4770,2021,2,22
T4771,2022,7,13
T4772,2021,7,26
T4773,2021,10,21
T4774,2021,6,24
T4775,2021,2,22
T4776,2021,4,21
T4777,2022,7,26
T4778,2021,10,6
T4779,2021,8,21
T4780,2021,6,1
T4781,2021,2,7
T4782,2021,5,11
T4783,2021,4,26
T4784,2022,4,6
T4785,2022,5,22
T4786,2021,4,19
T4787,2021,11,9
T4788,2022,8,13
T4789,2022,6,1
T4790,2021,5,12
T4791,2022,2,12
T4792,2021,2,26
T4793,2022,10,27
T4794,2022,6,29
T4795,2022,12,2
T4796,2022,7,7
T4797,2022,9,30
T4798,2021,3,30
T4799,2022,3,3
T4800,2022,10,17
T4801,2022,6,30
T4802,2022,5,3
T4803,2022,2,3
T4804,2021,12,14
T4805,2022,11,26
T4806,2021,3,12
T4807,2022,10,1
T4808,2022,12,5
T4809,2022,9,22
T4810,2022,3,10
T4811,2021,10,11
T4812,2021,3,31
T4813,2022,9,12
T4814,2022,4,1
T4815,2021,9,30
T4816,2021,10,24
T4817,2022,5,6
T4818,2021,1,28
T4819,2021,9,1
T4820,2022,9,21
T4821,2022,2,4
T4822,2021,5,1
T4823,2021,5,7
T4824,2022,4,5
T4825,2022,10,30
T4826,2022,11,9
T4827,2021,1,31
T4828,2022,7,9
T4829,2022,9,1
T4830,2021,8,20
T4831,2021,10,20
T4832,2021,10,21
T4833,2021,12,27
T4834,2022,6,5
T4835,2021,11,21
T4836,2021,6,13
T4837,2021,6,14
T4838,2021,11,30
T4839,2022,10,11
T4840,2021,6,6
T4841,2021,3,15
T4842,2021,2,20
T4843,2021,6,30
T4844,2021,2,7
T4845,2021,6,1
T4846,2021,12,29
T4847,2022,5,26
T4848,2021,7,8
T4849,2022,12,20
T4850,2022,10,15
T4851,2022,4,30
T4852,2022,2,20
T4853,2022,6,16
T4854,2021,7,16
T4855,2022,3,6
T4856,2021,7,21
T4857,2022,12,18
T4858,2022,8,27
T4859,2022,12,7
T4860,2021,6,15
T4861,2022,5,31
T4862,2021,10,27
T4863,2022,9,18
T4864,2021,3,21
T4865,2022,8,24
T4866,2022,5,7
T4867,2021,8,3
T4868,2022,11,26
T4869,2021,11,19
T4870,2021,12,19
T4871,2021,11,11
T4872,2021,10,25
T4873,2021,12,2
T4874,2022,2,3
T4875,2021,2,14
T4876,2021,7,1
T4877,2021,5,25
T4878,2022,2,7
T4879,2022,11,4
T4880,2021,2,21
T4881,2022,5,22
T4882,2021,3,28
T4883,2021,5,25
T4884,2021,3,18
T4885,2022,12,8
T4886,2022,1,28
T4887,2022,2,6
T4888,2022,7,22
T4889,2021,8,27
T4890,2021,4,26
T4891,2022,10,30
T4892,2021,2,23
T4893,2021,5,4
T4894,2021,1,1
T4895,2021,7,27
T4896,2021,5,13
T4897,2022,9,21
T4898,2022,8,1
T4899,2022,4,18
T4900,2021,2,26
T4901,2021,12,24
T4902,2021,2,1
T4903,2022,1,20
T4904,2022,9,3
T4905,2022,3,1
T4906,2021,10,1
T4907,2021,10,23
T4908,2022,1,31
T4909,2022,2,4
T4910,2021,4,11
T4911,2021,1,20
T4912,2022,10,9
T4913,2022,6,4
T4914,2022,7,10
T4915,2022,5,14
T4916,2021,12,15
T4917,2021,12,24
T4918,2022,7,27
T4919,2022,12,2
T4920,2021,9,21
T4921,2022,1,4
T4922,2022,9,1
T4923,2022,11,16
T4924,2022,2,2
T4925,2022,5,13
T4926,2021,1,19
T4927,2021,5,28
T4928,2021,6,26
T4929,2022,8,30
T4930,2022,4,15
T4931,2022,8,8
T4932,2021,5,11
T4933,2021,2,11
T4934,2021,9,24
T4935,2022,2,20
T4936,2021,11,8
T4937,2021,12,28
T4938,2022,10,24
T4939,2021,5,23
T4940,2022,2,28
T4941,2022,3,5
T4942,2022,3,9
T4943,2022,12,8
T4944,2022,1,3
T4945,2022,12,13
T4946,2022,12,22
T4947,2022,5,20
T4948,2022,8,16
T4949,2021,12,20
T4950,2022,12,3
T4951,2021,8,18
T4952,2021,2,21
T4953,2021,2,9
T4954,2021,9,16
T4955,2021,2,18
T4956,2022,6,17
T4957,2022,9,15
T4958,2022,8,22
T4959,2022,12,29
T4960,2022,6,11
T4961,2022,4,13
T4962,2021,12,24
T4963,2021,11,10
T4964,2021,5,30
T4965,2021,1,9
T4966,2022,3,5
T4967,2022,11,23
T4968,2021,5,23
T4969,2022,6,2
T4970,2021,1,25
T4971,2022,6,21
T4972,2021,7,3
T4973,2021,12,28
T4974,2022,9,19
T4975,2021,12,22
T4976,2022,6,10
T4977,2022,2,23
T4978,2022,3,26
T4979,2021,5,8
T4980,2021,2,12
T4981,2021,12,19
T4982,2022,5,8
T4983,2022,11,1
T4984,2022,7,18
T4985,2021,6,8
T4986,2021,4,5
T4987,2021,10,16
T4988,2022,5,13
T4989,2022,7,11
T4990,2021,3,23
T4991,2022,5,27
T4992,2021,9,15
T4993,2022,8,28
T4994,2021,2,8
T4995,2021,9,1
T4996,2021,7,10
T4997,2021,8,4
T4998,2021,8,13
T4999,2021,4,10
T5000,2022,6,18
