task_id,type_id
T1,A5
T2,A1
T3,A2
T4,A1
T5,A4
T6,A4
T7,A3
T8,A4
T9,A4
T10,A5
T11,A4
T12,A4
T13,A5
T14,A4
T15,A1
T16,A1
T17,A1
T18,A1
T19,A3
T20,A1
T21,A5
T22,A4
T23,A2
T24,A3
T25,A2
T26,A2
T27,A3
T28,A3
T29,A1
T30,A2
T31,A4
T32,A3
T33,A2
T34,A2
T35,A2
T36,A1
T37,A4
T38,A5
T39,A3
T40,A4
T41,A2
T42,A3
T43,A2
T44,A1
T45,A5
T46,A2
T47,A1
T48,A3
T49,A5
T50,A5
T51,A5
T52,A4
T53,A3
T54,A4
T55,A5
T56,A3
T57,A1
T58,A1
T59,A2
T60,A1
T61,A2
T62,A4
T63,A5
T64,A1
T65,A5
T66,A5
T67,A4
T68,A5
T69,A5
T70,A4
T71,A2
T72,A4
T73,A3
T74,A1
T75,A4
T76,A2
T77,A2
T78,A4
T79,A2
T80,A5
T81,A2
T82,A5
T83,A3
T84,A3
T85,A5
T86,A2
T87,A2
T88,A2
T89,A2
T90,A3
T91,A1
T92,A3
T93,A3
T94,A2
T95,A2
T96,A2
T97,A2
T98,A2
T99,A3
T100,A5
T101,A2
T102,A5
T103,A5
T104,A4
T105,A4
T106,A5
T107,A5
T108,A4
T109,A4
T110,A3
T111,A4
T112,A2
T113,A3
T114,A4
T115,A4
T116,A3
T117,A5
T118,A1
T119,A1
T120,A5
T121,A4
T122,A5
T123,A4
T124,A4
T125,A3
T126,A1
T127,A4
T128,A2
T129,A4
T130,A2
T131,A3
T132,A2
T133,A5
T134,A3
T135,A2
T136,A4
T137,A1
T138,A4
T139,A4
T140,A5
T141,A2
T142,A2
T143,A3
T144,A5
T145,A2
T146,A3
T147,A2
T148,A2
T149,A4
T150,A2
T151,A4
T152,A1
T153,A3
T154,A2
T155,A1
T156,A4
T157,A3
T158,A1
T159,A2
T160,A3
T161,A1
T162,A1
T163,A5
T164,A5
T165,A4
T166,A4
T167,A3
T168,A3
T169,A3
T170,A2
T171,A4
T172,A4
T173,A4
T174,A1
T175,A2
T176,A5
T177,A4
T178,A1
T179,A1
T180,A3
T181,A3
T182,A3
T183,A3
T184,A4
T185,A2
T186,A1
T187,A2
T188,A1
T189,A4
T190,A3
T191,A5
T192,A3
T193,A3
T194,A5
T195,A4
T196,A2
T197,A2
T198,A4
T199,A4
T200,A4
T201,A5
T202,A2
T203,A5
T204,A4
T205,A1
T206,A2
T207,A2
T208,A5
T209,A4
T210,A4
T211,A3
T212,A2
T213,A3
T214,A2
T215,A1
T216,A2
T217,A1
T218,A2
T219,A5
T220,A3
T221,A5
T222,A1
T223,A2
T224,A3
T225,A2
T226,A4
T227,A1
T228,A1
T229,A2
T230,A1
T231,A1
T232,A1
T233,A1
T234,A5
T235,A4
T236,A1
T237,A4
T238,A3
T239,A4
T240,A2
T241,A5
T242,A3
T243,A1
T244,A2
T245,A4
T246,A2
T247,A4
T248,A2
T249,A5
T250,A1
T251,A1
T252,A2
T253,A3
T254,A1
T255,A4
T256,A5
T257,A3
T258,A1
T259,A1
T260,A4
T261,A1
T262,A1
T263,A2
T264,A3
T265,A1
T266,A3
T267,A1
T268,A3
T269,A5
T270,A5
T271,A5
T272,A3
T273,A5
T274,A2
T275,A2
T276,A4
T277,A1
T278,A3
T279,A5
T280,A5
T281,A4
T282,A2
T283,A3
T284,A5
T285,A4
T286,A2
T287,A1
T288,A1
T289,A4
T290,A2
T291,A1
T292,A2
T293,A5
T294,A3
T295,A2
T296,A1
T297,A2
T298,A5
T299,A1
T300,A2
T301,A4
T302,A2
T303,A3
T304,A5
T305,A5
T306,A5
T307,A3
T308,A5
T309,A2
T310,A4
T311,A3
T312,A4
T313,A5
T314,A2
T315,A4
T316,A1
T317,A3
T318,A1
T319,A1
T320,A4
T321,A3
T322,A2
T323,A5
T324,A5
T325,A5
T326,A3
T327,A1
T328,A1
T329,A5
T330,A5
T331,A5
T332,A3
T333,A1
T334,A2
T335,A2
T336,A2
T337,A2
T338,A4
T339,A1
T340,A4
T341,A2
T342,A1
T343,A2
T344,A3
T345,A3
T346,A2
T347,A2
T348,A4
T349,A5
T350,A4
T351,A2
T352,A3
T353,A1
T354,A5
T355,A5
T356,A3
T357,A2
T358,A4
T359,A5
T360,A4
T361,A1
T362,A4
T363,A1
T364,A2
T365,A1
T366,A4
T367,A3
T368,A4
T369,A4
T370,A3
T371,A5
T372,A4
T373,A2
T374,A1
T375,A1
T376,A2
T377,A2
T378,A4
T379,A3
T380,A1
T381,A2
T382,A2
T383,A2
T384,A4
T385,A2
T386,A4
T387,A2
T388,A2
T389,A4
T390,A5
T391,A5
T392,A1
T393,A5
T394,A4
T395,A4
T396,A4
T397,A3
T398,A4
T399,A2
T400,A4
T401,A1
T402,A5
T403,A1
T404,A5
T405,A2
T406,A1
T407,A2
T408,A5
T409,A3
T410,A3
T411,A1
T412,A4
T413,A4
T414,A5
T415,A4
T416,A1
T417,A4
T418,A5
T419,A4
T420,A2
T421,A3
T422,A3
T423,A2
T424,A3
T425,A2
T426,A1
T427,A5
T428,A3
T429,A1
T430,A3
T431,A5
T432,A2
T433,A3
T434,A4
T435,A4
T436,A2
T437,A1
T438,A3
T439,A4
T440,A3
T441,A4
T442,A4
T443,A3
T444,A3
T445,A3
T446,A4
T447,A5
T448,A1
T449,A4
T450,A5
T451,A2
T452,A1
T453,A2
T454,A5
T455,A2
T456,A1
T457,A1
T458,A5
T459,A2
T460,A4
T461,A2
T462,A4
T463,A2
T464,A2
T465,A4
T466,A1
T467,A5
T468,A5
T469,A1
T470,A3
T471,A1
T472,A3
T473,A3
T474,A2
T475,A5
T476,A5
T477,A3
T478,A5
T479,A4
T480,A2
T481,A1
T482,A2
T483,A5
T484,A2
T485,A3
T486,A5
T487,A5
T488,A1
T489,A1
T490,A5
T491,A3
T492,A5
T493,A5
T494,A4
T495,A2
T496,A2
T497,A4
T498,A1
T499,A3
T500,A1
T501,A1
T502,A1
T503,A1
T504,A3
T505,A5
T506,A2
T507,A2
T508,A5
T509,A3
T510,A1
T511,A4
T512,A2
T513,A1
T514,A1
T515,A3
T516,A5
T517,A2
T518,A4
T519,A3
T520,A3
T521,A5
T522,A5
T523,A3
T524,A3
T525,A5
T526,A1
T527,A1
T528,A3
T529,A2
T530,A2
T531,A4
T532,A3
T533,A2
T534,A1
T535,A1
T536,A4
T537,A1
T538,A4
T539,A4
T540,A5
T541,A2
T542,A3
T543,A2
T544,A4
T545,A1
T546,A1
T547,A5
T548,A2
T549,A1
T550,A5
T551,A2
T552,A2
T553,A5
T554,A4
T555,A1
T556,A2
T557,A1
T558,A5
T559,A2
T560,A3
T561,A2
T562,A5
T563,A4
T564,A4
T565,A2
T566,A5
T567,A1
T568,A2
T569,A5
T570,A3
T571,A3
T572,A3
T573,A3
T574,A3
T575,A1
T576,A3
T577,A5
T578,A1
T579,A4
T580,A2
T581,A5
T582,A2
T583,A4
T584,A1
T585,A3
T586,A3
T587,A1
T588,A2
T589,A3
T590,A4
T591,A4
T592,A2
T593,A1
T594,A4
T595,A4
T596,A3
T597,A3
T598,A3
T599,A4
T600,A5
T601,A4
T602,A3
T603,A5
T604,A3
T605,A3
T606,A2
T607,A4
T608,A4
T609,A3
T610,A5
T611,A3
T612,A1
T613,A5
T614,A5
T615,A5
T616,A4
T617,A5
T618,A2
T619,A4
T620,A3
T621,A1
T622,A5
T623,A4
T624,A2
T625,A2
T626,A4
T627,A2
T628,A2
T629,A4
T630,A2
T631,A1
T632,A2
T633,A2
T634,A1
T635,A4
T636,A2
T637,A3
T638,A5
T639,A2
T640,A3
T641,A4
T642,A2
T643,A5
T644,A5
T645,A5
T646,A4
T647,A1
T648,A3
T649,A5
T650,A5
T651,A1
T652,A2
T653,A5
T654,A1
T655,A3
T656,A4
T657,A1
T658,A3
T659,A2
T660,A5
T661,A4
T662,A1
T663,A4
T664,A3
T665,A5
T666,A3
T667,A4
T668,A5
T669,A3
T670,A2
T671,A1
T672,A4
T673,A1
T674,A4
T675,A2
T676,A1
T677,A4
T678,A2
T679,A4
T680,A5
T681,A2
T682,A5
T683,A4
T684,A5
T685,A2
T686,A1
T687,A4
T688,A2
T689,A3
T690,A5
T691,A4
T692,A5
T693,A2
T694,A2
T695,A4
T696,A5
T697,A3
T698,A5
T699,A2
T700,A3
T701,A5
T702,A2
T703,A5
T704,A3
T705,A3
T706,A5
T707,A3
T708,A2
T709,A5
T710,A1
T711,A3
T712,A2
T713,A5
T714,A5
T715,A1
T716,A5
T717,A5
T718,A4
T719,A3
T720,A2
T721,A1
T722,A4
T723,A5
T724,A5
T725,A5
T726,A1
T727,A1
T728,A4
T729,A2
T730,A2
T731,A4
T732,A1
T733,A3
T734,A3
T735,A1
T736,A5
T737,A2
T738,A2
T739,A2
T740,A2
T741,A4
T742,A2
T743,A5
T744,A4
T745,A5
T746,A4
T747,A2
T748,A4
T749,A4
T750,A1
T751,A2
T752,A1
T753,A2
T754,A2
T755,A3
T756,A5
T757,A5
T758,A2
T759,A4
T760,A3
T761,A2
T762,A2
T763,A5
T764,A3
T765,A2
T766,A3
T767,A1
T768,A4
T769,A3
T770,A3
T771,A5
T772,A3
T773,A3
T774,A5
T775,A3
T776,A2
T777,A4
T778,A2
T779,A1
T780,A3
T781,A4
T782,A5
T783,A4
T784,A4
T785,A4
T786,A4
T787,A4
T788,A3
T789,A5
T790,A3
T791,A3
T792,A4
T793,A2
T794,A5
T795,A4
T796,A2
T797,A5
T798,A4
T799,A4
T800,A1
T801,A4
T802,A2
T803,A1
T804,A1
T805,A4
T806,A4
T807,A1
T808,A2
T809,A1
T810,A3
T811,A5
T812,A2
T813,A4
T814,A2
T815,A1
T816,A3
T817,A2
T818,A5
T819,A4
T820,A4
T821,A2
T822,A5
T823,A5
T824,A1
T825,A4
T826,A1
T827,A5
T828,A1
T829,A2
T830,A5
T831,A1
T832,A5
T833,A3
T834,A3
T835,A1
T836,A2
T837,A2
T838,A4
T839,A3
T840,A2
T841,A1
T842,A5
T843,A1
T844,A1
T845,A4
T846,A2
T847,A2
T848,A4
T849,A3
T850,A2
T851,A5
T852,A1
T853,A1
T854,A1
T855,A3
T856,A1
T857,A4
T858,A4
T859,A2
T860,A1
T861,A3
T862,A5
T863,A3
T864,A2
T865,A4
T866,A1
T867,A3
T868,A5
T869,A4
T870,A4
T871,A4
T872,A2
T873,A3
T874,A5
T875,A5
T876,A5
T877,A4
T878,A3
T879,A2
T880,A1
T881,A4
T882,A4
T883,A5
T884,A1
T885,A1
T886,A1
T887,A1
T888,A5
T889,A4
T890,A1
T891,A2
T892,A5
T893,A3
T894,A3
T895,A4
T896,A5
T897,A3
T898,A4
T899,A3
T900,A1
T901,A3
T902,A2
T903,A2
T904,A1
T905,A4
T906,A2
T907,A2
T908,A4
T909,A5
T910,A2
T911,A5
T912,A5
T913,A2
T914,A3
T915,A4
T916,A5
T917,A2
T918,A5
T919,A4
T920,A4
T921,A4
T922,A2
T923,A1
T924,A3
T925,A4
T926,A5
T927,A4
T928,A4
T929,A5
T930,A2
T931,A2
T932,A3
T933,A5
T934,A2
T935,A4
T936,A1
T937,A4
T938,A4
T939,A5
T940,A3
T941,A5
T942,A3
T943,A2
T944,A2
T945,A5
T946,A2
T947,A4
T948,A5
T949,A2
T950,A2
T951,A5
T952,A3
T953,A5
T954,A2
T955,A3
T956,A2
T957,A4
T958,A5
T959,A2
T960,A1
T961,A5
T962,A5
T963,A1
T964,A4
T965,A4
T966,A5
T967,A5
T968,A3
T969,A4
T970,A4
T971,A3
T972,A3
T973,A3
T974,A5
T975,A1
T976,A2
T977,A4
T978,A5
T979,A1
T980,A1
T981,A3
T982,A5
T983,A2
T984,A4
T985,A1
T986,A2
T987,A2
T988,A3
T989,A5
T990,A4
T991,A4
T992,A3
T993,A4
T994,A2
T995,A5
T996,A5
T997,A2
T998,A3
T999,A2
T1000,A5
T1001,A2
T1002,A3
T1003,A1
T1004,A1
T1005,A1
T1006,A1
T1007,A3
T1008,A5
T1009,A5
T1010,A5
T1011,A2
T1012,A3
T1013,A1
T1014,A3
T1015,A2
T1016,A4
T1017,A4
T1018,A3
T1019,A4
T1020,A2
T1021,A1
T1022,A2
T1023,A4
T1024,A3
T1025,A5
T1026,A3
T1027,A5
T1028,A3
T1029,A1
T1030,A2
T1031,A5
T1032,A5
T1033,A1
T1034,A5
T1035,A1
T1036,A1
T1037,A1
T1038,A5
T1039,A5
T1040,A4
T1041,A2
T1042,A1
T1043,A2
T1044,A4
T1045,A5
T1046,A4
T1047,A1
T1048,A2
T1049,A1
T1050,A3
T1051,A2
T1052,A4
T1053,A3
T1054,A4
T1055,A3
T1056,A4
T1057,A3
T1058,A2
T1059,A2
T1060,A1
T1061,A4
T1062,A5
T1063,A1
T1064,A5
T1065,A5
T1066,A4
T1067,A3
T1068,A5
T1069,A1
T1070,A1
T1071,A5
T1072,A5
T1073,A3
T1074,A1
T1075,A1
T1076,A4
T1077,A3
T1078,A3
T1079,A2
T1080,A2
T1081,A4
T1082,A5
T1083,A3
T1084,A5
T1085,A1
T1086,A4
T1087,A3
T1088,A3
T1089,A1
T1090,A3
T1091,A4
T1092,A1
T1093,A1
T1094,A3
T1095,A4
T1096,A5
T1097,A5
T1098,A3
T1099,A1
T1100,A1
T1101,A1
T1102,A1
T1103,A2
T1104,A5
T1105,A1
T1106,A5
T1107,A1
T1108,A4
T1109,A4
T1110,A4
T1111,A1
T1112,A4
T1113,A3
T1114,A2
T1115,A3
T1116,A3
T1117,A4
T1118,A5
T1119,A5
T1120,A5
T1121,A1
T1122,A4
T1123,A1
T1124,A4
T1125,A2
T1126,A2
T1127,A2
T1128,A2
T1129,A3
T1130,A5
T1131,A1
T1132,A2
T1133,A3
T1134,A2
T1135,A2
T1136,A2
T1137,A2
T1138,A1
T1139,A1
T1140,A2
T1141,A2
T1142,A4
T1143,A2
T1144,A1
T1145,A3
T1146,A1
T1147,A4
T1148,A2
T1149,A4
T1150,A1
T1151,A3
T1152,A1
T1153,A4
T1154,A3
T1155,A3
T1156,A1
T1157,A2
T1158,A3
T1159,A2
T1160,A4
T1161,A1
T1162,A3
T1163,A2
T1164,A4
T1165,A2
T1166,A4
T1167,A5
T1168,A1
T1169,A1
T1170,A3
T1171,A5
T1172,A1
T1173,A2
T1174,A5
T1175,A2
T1176,A5
T1177,A3
T1178,A1
T1179,A2
T1180,A1
T1181,A4
T1182,A3
T1183,A5
T1184,A2
T1185,A3
T1186,A5
T1187,A1
T1188,A4
T1189,A4
T1190,A3
T1191,A1
T1192,A4
T1193,A5
T1194,A3
T1195,A2
T1196,A5
T1197,A1
T1198,A4
T1199,A1
T1200,A5
T1201,A1
T1202,A2
T1203,A5
T1204,A3
T1205,A2
T1206,A3
T1207,A5
T1208,A3
T1209,A4
T1210,A2
T1211,A2
T1212,A1
T1213,A4
T1214,A1
T1215,A4
T1216,A3
T1217,A2
T1218,A3
T1219,A2
T1220,A4
T1221,A3
T1222,A3
T1223,A4
T1224,A2
T1225,A4
T1226,A5
T1227,A5
T1228,A2
T1229,A2
T1230,A4
T1231,A5
T1232,A2
T1233,A3
T1234,A3
T1235,A5
T1236,A5
T1237,A5
T1238,A5
T1239,A4
T1240,A2
T1241,A2
T1242,A3
T1243,A1
T1244,A2
T1245,A1
T1246,A3
T1247,A2
T1248,A5
T1249,A1
T1250,A1
T1251,A1
T1252,A4
T1253,A1
T1254,A1
T1255,A2
T1256,A4
T1257,A5
T1258,A5
T1259,A3
T1260,A3
T1261,A1
T1262,A3
T1263,A5
T1264,A3
T1265,A3
T1266,A4
T1267,A4
T1268,A1
T1269,A3
T1270,A1
T1271,A5
T1272,A5
T1273,A1
T1274,A5
T1275,A1
T1276,A2
T1277,A3
T1278,A2
T1279,A3
T1280,A2
T1281,A3
T1282,A4
T1283,A3
T1284,A4
T1285,A4
T1286,A4
T1287,A2
T1288,A2
T1289,A1
T1290,A4
T1291,A1
T1292,A4
T1293,A1
T1294,A4
T1295,A4
T1296,A1
T1297,A4
T1298,A4
T1299,A1
T1300,A3
T1301,A2
T1302,A4
T1303,A2
T1304,A3
T1305,A4
T1306,A5
T1307,A2
T1308,A1
T1309,A3
T1310,A4
T1311,A5
T1312,A2
T1313,A4
T1314,A3
T1315,A4
T1316,A1
T1317,A4
T1318,A1
T1319,A2
T1320,A4
T1321,A5
T1322,A4
T1323,A3
T1324,A1
T1325,A2
T1326,A4
T1327,A5
T1328,A4
T1329,A2
T1330,A1
T1331,A5
T1332,A2
T1333,A3
T1334,A2
T1335,A1
T1336,A3
T1337,A4
T1338,A1
T1339,A2
T1340,A3
T1341,A5
T1342,A5
T1343,A2
T1344,A5
T1345,A3
T1346,A1
T1347,A2
T1348,A3
T1349,A1
T1350,A3
T1351,A4
T1352,A2
T1353,A4
T1354,A2
T1355,A4
T1356,A4
T1357,A4
T1358,A3
T1359,A1
T1360,A2
T1361,A5
T1362,A4
T1363,A5
T1364,A4
T1365,A1
T1366,A2
T1367,A3
T1368,A5
T1369,A2
T1370,A4
T1371,A5
T1372,A4
T1373,A5
T1374,A1
T1375,A2
T1376,A5
T1377,A2
T1378,A1
T1379,A5
T1380,A5
T1381,A4
T1382,A3
T1383,A2
T1384,A1
T1385,A3
T1386,A1
T1387,A1
T1388,A2
T1389,A4
T1390,A5
T1391,A5
T1392,A3
T1393,A1
T1394,A2
T1395,A1
T1396,A2
T1397,A4
T1398,A1
T1399,A2
T1400,A3
T1401,A4
T1402,A1
T1403,A4
T1404,A1
T1405,A2
T1406,A4
T1407,A1
T1408,A5
T1409,A1
T1410,A1
T1411,A4
T1412,A3
T1413,A3
T1414,A1
T1415,A4
T1416,A5
T1417,A3
T1418,A2
T1419,A5
T1420,A5
T1421,A2
T1422,A4
T1423,A2
T1424,A1
T1425,A3
T1426,A1
T1427,A3
T1428,A3
T1429,A3
T1430,A5
T1431,A5
T1432,A2
T1433,A2
T1434,A4
T1435,A3
T1436,A5
T1437,A2
T1438,A4
T1439,A1
T1440,A2
T1441,A4
T1442,A5
T1443,A2
T1444,A5
T1445,A2
T1446,A2
T1447,A1
T1448,A5
T1449,A5
T1450,A4
T1451,A2
T1452,A3
T1453,A1
T1454,A3
T1455,A4
T1456,A4
T1457,A1
T1458,A3
T1459,A1
T1460,A5
T1461,A4
T1462,A4
T1463,A3
T1464,A2
T1465,A2
T1466,A1
T1467,A1
T1468,A5
T1469,A2
T1470,A3
T1471,A5
T1472,A3
T1473,A2
T1474,A4
T1475,A2
T1476,A5
T1477,A4
T1478,A3
T1479,A3
T1480,A4
T1481,A5
T1482,A3
T1483,A4
T1484,A5
T1485,A2
T1486,A3
T1487,A4
T1488,A5
T1489,A1
T1490,A4
T1491,A1
T1492,A4
T1493,A2
T1494,A2
T1495,A2
T1496,A2
T1497,A4
T1498,A5
T1499,A1
T1500,A1
T1501,A4
T1502,A4
T1503,A1
T1504,A1
T1505,A3
T1506,A5
T1507,A5
T1508,A3
T1509,A1
T1510,A2
T1511,A3
T1512,A2
T1513,A5
T1514,A4
T1515,A1
T1516,A2
T1517,A2
T1518,A4
T1519,A4
T1520,A5
T1521,A3
T1522,A5
T1523,A2
T1524,A5
T1525,A3
T1526,A3
T1527,A2
T1528,A5
T1529,A3
T1530,A1
T1531,A5
T1532,A1
T1533,A1
T1534,A1
T1535,A1
T1536,A3
T1537,A5
T1538,A1
T1539,A5
T1540,A3
T1541,A2
T1542,A4
T1543,A2
T1544,A2
T1545,A3
T1546,A4
T1547,A3
T1548,A2
T1549,A3
T1550,A5
T1551,A1
T1552,A3
T1553,A3
T1554,A1
T1555,A1
T1556,A2
T1557,A2
T1558,A1
T1559,A3
T1560,A3
T1561,A2
T1562,A4
T1563,A4
T1564,A2
T1565,A1
T1566,A1
T1567,A4
T1568,A1
T1569,A3
T1570,A2
T1571,A1
T1572,A2
T1573,A4
T1574,A2
T1575,A3
T1576,A2
T1577,A4
T1578,A5
T1579,A3
T1580,A5
T1581,A3
T1582,A3
T1583,A5
T1584,A5
T1585,A3
T1586,A4
T1587,A5
T1588,A2
T1589,A2
T1590,A4
T1591,A3
T1592,A2
T1593,A5
T1594,A5
T1595,A5
T1596,A5
T1597,A3
T1598,A1
T1599,A3
T1600,A3
T1601,A4
T1602,A3
T1603,A5
T1604,A2
T1605,A5
T1606,A5
T1607,A3
T1608,A1
T1609,A4
T1610,A1
T1611,A5
T1612,A2
T1613,A1
T1614,A4
T1615,A2
T1616,A4
T1617,A4
T1618,A4
T1619,A5
T1620,A3
T1621,A1
T1622,A3
T1623,A2
T1624,A1
T1625,A2
T1626,A4
T1627,A3
T1628,A2
T1629,A2
T1630,A4
T1631,A4
T1632,A3
T1633,A3
T1634,A5
T1635,A3
T1636,A1
T1637,A2
T1638,A1
T1639,A4
T1640,A4
T1641,A3
T1642,A4
T1643,A4
T1644,A1
T1645,A5
T1646,A1
T1647,A3
T1648,A5
T1649,A3
T1650,A1
T1651,A5
T1652,A1
T1653,A1
T1654,A4
T1655,A3
T1656,A2
T1657,A1
T1658,A2
T1659,A5
T1660,A4
T1661,A2
T1662,A4
T1663,A2
T1664,A3
T1665,A1
T1666,A3
T1667,A1
T1668,A2
T1669,A1
T1670,A4
T1671,A3
T1672,A3
T1673,A3
T1674,A1
T1675,A5
T1676,A1
T1677,A4
T1678,A1
T1679,A3
T1680,A1
T1681,A5
T1682,A2
T1683,A5
T1684,A3
T1685,A3
T1686,A2
T1687,A5
T1688,A1
T1689,A1
T1690,A5
T1691,A5
T1692,A4
T1693,A1
T1694,A3
T1695,A1
T1696,A5
T1697,A3
T1698,A2
T1699,A5
T1700,A2
T1701,A2
T1702,A2
T1703,A2
T1704,A2
T1705,A2
T1706,A3
T1707,A4
T1708,A4
T1709,A1
T1710,A2
T1711,A1
T1712,A3
T1713,A2
T1714,A5
T1715,A1
T1716,A3
T1717,A2
T1718,A3
T1719,A4
T1720,A1
T1721,A1
T1722,A3
T1723,A2
T1724,A2
T1725,A3
T1726,A5
T1727,A2
T1728,A5
T1729,A3
T1730,A2
T1731,A3
T1732,A4
T1733,A4
T1734,A5
T1735,A5
T1736,A3
T1737,A1
T1738,A5
T1739,A2
T1740,A3
T1741,A2
T1742,A1
T1743,A3
T1744,A2
T1745,A4
T1746,A4
T1747,A4
T1748,A1
T1749,A1
T1750,A3
T1751,A1
T1752,A4
T1753,A1
T1754,A5
T1755,A1
T1756,A2
T1757,A5
T1758,A2
T1759,A5
T1760,A1
T1761,A4
T1762,A5
T1763,A1
T1764,A3
T1765,A4
T1766,A5
T1767,A5
T1768,A2
T1769,A3
T1770,A1
T1771,A2
T1772,A1
T1773,A2
T1774,A5
T1775,A5
T1776,A3
T1777,A2
T1778,A4
T1779,A5
T1780,A5
T1781,A2
T1782,A1
T1783,A2
T1784,A3
T1785,A4
T1786,A5
T1787,A1
T1788,A5
T1789,A1
T1790,A2
T1791,A3
T1792,A4
T1793,A3
T1794,A3
T1795,A2
T1796,A1
T1797,A1
T1798,A1
T1799,A2
T1800,A5
T1801,A4
T1802,A4
T1803,A1
T1804,A2
T1805,A5
T1806,A5
T1807,A3
T1808,A2
T1809,A1
T1810,A1
T1811,A2
T1812,A1
T1813,A4
T1814,A4
T1815,A1
T1816,A3
T1817,A1
T1818,A5
T1819,A1
T1820,A4
T1821,A2
T1822,A5
T1823,A4
T1824,A3
T1825,A3
T1826,A3
T1827,A1
T1828,A1
T1829,A3
T1830,A4
T1831,A4
T1832,A3
T1833,A2
T1834,A5
T1835,A3
T1836,A3
T1837,A1
T1838,A2
T1839,A2
T1840,A3
T1841,A5
T1842,A2
T1843,A3
T1844,A5
T1845,A1
T1846,A3
T1847,A3
T1848,A1
T1849,A4
T1850,A2
T1851,A2
T1852,A4
T1853,A4
T1854,A3
T1855,A3
T1856,A3
T1857,A2
T1858,A1
T1859,A5
T1860,A1
T1861,A3
T1862,A4
T1863,A3
T1864,A5
T1865,A3
T1866,A2
T1867,A3
T1868,A2
T1869,A1
T1870,A4
T1871,A2
T1872,A4
T1873,A2
T1874,A4
T1875,A2
T1876,A1
T1877,A3
T1878,A2
T1879,A3
T1880,A2
T1881,A3
T1882,A5
T1883,A4
T1884,A4
T1885,A2
T1886,A1
T1887,A2
T1888,A1
T1889,A3
T1890,A3
T1891,A1
T1892,A4
T1893,A4
T1894,A3
T1895,A4
T1896,A1
T1897,A1
T1898,A1
T1899,A4
T1900,A2
T1901,A3
T1902,A1
T1903,A5
T1904,A4
T1905,A5
T1906,A5
T1907,A5
T1908,A2
T1909,A3
T1910,A2
T1911,A1
T1912,A3
T1913,A5
T1914,A4
T1915,A2
T1916,A1
T1917,A5
T1918,A1
T1919,A1
T1920,A4
T1921,A5
T1922,A1
T1923,A4
T1924,A5
T1925,A1
T1926,A4
T1927,A2
T1928,A2
T1929,A3
T1930,A2
T1931,A5
T1932,A4
T1933,A3
T1934,A3
T1935,A4
T1936,A2
T1937,A5
T1938,A1
T1939,A2
T1940,A3
T1941,A2
T1942,A4
T1943,A3
T1944,A2
T1945,A3
T1946,A4
T1947,A1
T1948,A2
T1949,A1
T1950,A3
T1951,A4
T1952,A3
T1953,A5
T1954,A1
T1955,A2
T1956,A2
T1957,A5
T1958,A1
T1959,A5
T1960,A1
T1961,A4
T1962,A2
T1963,A3
T1964,A2
T1965,A4
T1966,A1
T1967,A1
T1968,A4
T1969,A5
T1970,A1
T1971,A1
T1972,A1
T1973,A5
T1974,A1
T1975,A1
T1976,A3
T1977,A5
T1978,A5
T1979,A1
T1980,A1
T1981,A3
T1982,A3
T1983,A2
T1984,A4
T1985,A3
T1986,A4
T1987,A5
T1988,A1
T1989,A1
T1990,A3
T1991,A4
T1992,A3
T1993,A2
T1994,A5
T1995,A1
T1996,A1
T1997,A3
T1998,A2
T1999,A3
T2000,A2
T2001,A5
T2002,A1
T2003,A5
T2004,A5
T2005,A4
T2006,A4
T2007,A5
T2008,A5
T2009,A3
T2010,A2
T2011,A1
T2012,A3
T2013,A4
T2014,A5
T2015,A5
T2016,A3
T2017,A3
T2018,A1
T2019,A1
T2020,A4
T2021,A2
T2022,A3
T2023,A4
T2024,A5
T2025,A4
T2026,A5
T2027,A1
T2028,A1
T2029,A4
T2030,A1
T2031,A2
T2032,A5
T2033,A5
T2034,A2
T2035,A4
T2036,A1
T2037,A2
T2038,A2
T2039,A2
T2040,A3
T2041,A3
T2042,A1
T2043,A4
T2044,A1
T2045,A5
T2046,A4
T2047,A4
T2048,A2
T2049,A3
T2050,A2
T2051,A3
T2052,A4
T2053,A4
T2054,A1
T2055,A5
T2056,A5
T2057,A2
T2058,A2
T2059,A3
T2060,A5
T2061,A2
T2062,A4
T2063,A2
T2064,A1
T2065,A4
T2066,A3
T2067,A1
T2068,A5
T2069,A2
T2070,A1
T2071,A2
T2072,A1
T2073,A4
T2074,A4
T2075,A1
T2076,A1
T2077,A2
T2078,A1
T2079,A1
T2080,A2
T2081,A3
T2082,A2
T2083,A5
T2084,A2
T2085,A1
T2086,A1
T2087,A2
T2088,A5
T2089,A2
T2090,A3
T2091,A3
T2092,A1
T2093,A3
T2094,A3
T2095,A2
T2096,A5
T2097,A1
T2098,A2
T2099,A3
T2100,A1
T2101,A2
T2102,A3
T2103,A3
T2104,A2
T2105,A3
T2106,A3
T2107,A4
T2108,A2
T2109,A3
T2110,A2
T2111,A1
T2112,A2
T2113,A5
T2114,A5
T2115,A5
T2116,A5
T2117,A2
T2118,A2
T2119,A4
T2120,A5
T2121,A1
T2122,A1
T2123,A3
T2124,A5
T2125,A4
T2126,A3
T2127,A4
T2128,A5
T2129,A3
T2130,A3
T2131,A5
T2132,A5
T2133,A1
T2134,A4
T2135,A5
T2136,A3
T2137,A4
T2138,A5
T2139,A5
T2140,A4
T2141,A1
T2142,A5
T2143,A5
T2144,A2
T2145,A1
T2146,A4
T2147,A3
T2148,A2
T2149,A3
T2150,A2
T2151,A1
T2152,A2
T2153,A5
T2154,A2
T2155,A5
T2156,A2
T2157,A4
T2158,A1
T2159,A3
T2160,A4
T2161,A3
T2162,A4
T2163,A1
T2164,A2
T2165,A2
T2166,A3
T2167,A4
T2168,A4
T2169,A2
T2170,A1
T2171,A4
T2172,A4
T2173,A4
T2174,A5
T2175,A3
T2176,A5
T2177,A5
T2178,A5
T2179,A1
T2180,A1
T2181,A4
T2182,A2
T2183,A4
T2184,A2
T2185,A4
T2186,A4
T2187,A5
T2188,A1
T2189,A1
T2190,A4
T2191,A4
T2192,A5
T2193,A1
T2194,A4
T2195,A5
T2196,A2
T2197,A2
T2198,A4
T2199,A3
T2200,A3
T2201,A1
T2202,A2
T2203,A5
T2204,A3
T2205,A3
T2206,A1
T2207,A4
T2208,A1
T2209,A5
T2210,A3
T2211,A4
T2212,A5
T2213,A1
T2214,A2
T2215,A1
T2216,A3
T2217,A4
T2218,A3
T2219,A1
T2220,A5
T2221,A2
T2222,A3
T2223,A4
T2224,A3
T2225,A1
T2226,A1
T2227,A1
T2228,A3
T2229,A4
T2230,A2
T2231,A3
T2232,A4
T2233,A1
T2234,A1
T2235,A3
T2236,A5
T2237,A5
T2238,A3
T2239,A4
T2240,A4
T2241,A1
T2242,A5
T2243,A2
T2244,A2
T2245,A5
T2246,A3
T2247,A4
T2248,A4
T2249,A5
T2250,A4
T2251,A1
T2252,A1
T2253,A2
T2254,A1
T2255,A5
T2256,A5
T2257,A5
T2258,A3
T2259,A2
T2260,A1
T2261,A5
T2262,A5
T2263,A4
T2264,A2
T2265,A1
T2266,A4
T2267,A4
T2268,A4
T2269,A2
T2270,A5
T2271,A3
T2272,A4
T2273,A5
T2274,A4
T2275,A5
T2276,A3
T2277,A1
T2278,A4
T2279,A4
T2280,A2
T2281,A4
T2282,A2
T2283,A4
T2284,A4
T2285,A2
T2286,A3
T2287,A3
T2288,A1
T2289,A4
T2290,A1
T2291,A2
T2292,A3
T2293,A5
T2294,A2
T2295,A3
T2296,A2
T2297,A3
T2298,A2
T2299,A5
T2300,A5
T2301,A5
T2302,A3
T2303,A3
T2304,A5
T2305,A2
T2306,A1
T2307,A5
T2308,A5
T2309,A2
T2310,A1
T2311,A2
T2312,A3
T2313,A4
T2314,A3
T2315,A4
T2316,A3
T2317,A3
T2318,A4
T2319,A2
T2320,A2
T2321,A2
T2322,A1
T2323,A3
T2324,A3
T2325,A5
T2326,A1
T2327,A4
T2328,A5
T2329,A3
T2330,A3
T2331,A3
T2332,A3
T2333,A4
T2334,A5
T2335,A2
T2336,A4
T2337,A5
T2338,A5
T2339,A4
T2340,A3
T2341,A2
T2342,A1
T2343,A1
T2344,A3
T2345,A3
T2346,A2
T2347,A1
T2348,A1
T2349,A3
T2350,A5
T2351,A2
T2352,A3
T2353,A2
T2354,A3
T2355,A3
T2356,A5
T2357,A3
T2358,A2
T2359,A2
T2360,A5
T2361,A2
T2362,A4
T2363,A2
T2364,A4
T2365,A4
T2366,A2
T2367,A4
T2368,A4
T2369,A3
T2370,A4
T2371,A4
T2372,A2
T2373,A2
T2374,A4
T2375,A2
T2376,A1
T2377,A5
T2378,A4
T2379,A3
T2380,A2
T2381,A5
T2382,A1
T2383,A5
T2384,A4
T2385,A1
T2386,A5
T2387,A2
T2388,A1
T2389,A2
T2390,A5
T2391,A1
T2392,A1
T2393,A2
T2394,A3
T2395,A4
T2396,A1
T2397,A5
T2398,A5
T2399,A5
T2400,A1
T2401,A3
T2402,A4
T2403,A2
T2404,A5
T2405,A5
T2406,A1
T2407,A5
T2408,A3
T2409,A3
T2410,A2
T2411,A2
T2412,A5
T2413,A4
T2414,A4
T2415,A1
T2416,A1
T2417,A2
T2418,A2
T2419,A3
T2420,A3
T2421,A1
T2422,A3
T2423,A1
T2424,A1
T2425,A5
T2426,A5
T2427,A4
T2428,A4
T2429,A4
T2430,A3
T2431,A4
T2432,A4
T2433,A2
T2434,A3
T2435,A1
T2436,A1
T2437,A4
T2438,A3
T2439,A1
T2440,A1
T2441,A3
T2442,A5
T2443,A4
T2444,A3
T2445,A1
T2446,A1
T2447,A4
T2448,A5
T2449,A2
T2450,A1
T2451,A5
T2452,A5
T2453,A3
T2454,A3
T2455,A3
T2456,A3
T2457,A1
T2458,A5
T2459,A3
T2460,A3
T2461,A2
T2462,A1
T2463,A1
T2464,A2
T2465,A3
T2466,A2
T2467,A2
T2468,A2
T2469,A4
T2470,A2
T2471,A2
T2472,A5
T2473,A3
T2474,A4
T2475,A5
T2476,A2
T2477,A5
T2478,A5
T2479,A5
T2480,A4
T2481,A2
T2482,A4
T2483,A5
T2484,A1
T2485,A2
T2486,A3
T2487,A1
T2488,A5
T2489,A5
T2490,A1
T2491,A5
T2492,A1
T2493,A2
T2494,A4
T2495,A3
T2496,A4
T2497,A2
T2498,A3
T2499,A1
T2500,A4
T2501,A5
T2502,A1
T2503,A2
T2504,A2
T2505,A2
T2506,A2
T2507,A5
T2508,A3
T2509,A3
T2510,A3
T2511,A2
T2512,A5
T2513,A3
T2514,A5
T2515,A1
T2516,A4
T2517,A5
T2518,A3
T2519,A1
T2520,A4
T2521,A5
T2522,A1
T2523,A5
T2524,A4
T2525,A5
T2526,A2
T2527,A3
T2528,A5
T2529,A5
T2530,A4
T2531,A3
T2532,A2
T2533,A5
T2534,A2
T2535,A5
T2536,A4
T2537,A4
T2538,A2
T2539,A3
T2540,A1
T2541,A1
T2542,A3
T2543,A3
T2544,A5
T2545,A5
T2546,A1
T2547,A2
T2548,A4
T2549,A4
T2550,A2
T2551,A1
T2552,A3
T2553,A5
T2554,A4
T2555,A4
T2556,A4
T2557,A5
T2558,A1
T2559,A3
T2560,A1
T2561,A1
T2562,A2
T2563,A1
T2564,A1
T2565,A5
T2566,A1
T2567,A4
T2568,A1
T2569,A1
T2570,A5
T2571,A5
T2572,A2
T2573,A1
T2574,A1
T2575,A5
T2576,A3
T2577,A5
T2578,A3
T2579,A1
T2580,A3
T2581,A5
T2582,A4
T2583,A4
T2584,A1
T2585,A4
T2586,A5
T2587,A4
T2588,A4
T2589,A3
T2590,A5
T2591,A1
T2592,A4
T2593,A1
T2594,A1
T2595,A3
T2596,A1
T2597,A4
T2598,A3
T2599,A1
T2600,A1
T2601,A4
T2602,A3
T2603,A1
T2604,A4
T2605,A3
T2606,A2
T2607,A4
T2608,A5
T2609,A3
T2610,A4
T2611,A2
T2612,A2
T2613,A3
T2614,A5
T2615,A4
T2616,A5
T2617,A2
T2618,A2
T2619,A3
T2620,A4
T2621,A4
T2622,A5
T2623,A3
T2624,A2
T2625,A2
T2626,A2
T2627,A2
T2628,A4
T2629,A5
T2630,A4
T2631,A3
T2632,A5
T2633,A5
T2634,A4
T2635,A4
T2636,A1
T2637,A2
T2638,A4
T2639,A3
T2640,A2
T2641,A5
T2642,A4
T2643,A3
T2644,A5
T2645,A1
T2646,A2
T2647,A5
T2648,A1
T2649,A3
T2650,A4
T2651,A2
T2652,A4
T2653,A5
T2654,A1
T2655,A1
T2656,A1
T2657,A4
T2658,A3
T2659,A2
T2660,A5
T2661,A1
T2662,A2
T2663,A3
T2664,A4
T2665,A2
T2666,A3
T2667,A5
T2668,A1
T2669,A5
T2670,A4
T2671,A1
T2672,A2
T2673,A4
T2674,A5
T2675,A2
T2676,A3
T2677,A2
T2678,A1
T2679,A2
T2680,A2
T2681,A4
T2682,A1
T2683,A3
T2684,A1
T2685,A5
T2686,A3
T2687,A1
T2688,A4
T2689,A2
T2690,A4
T2691,A4
T2692,A1
T2693,A3
T2694,A3
T2695,A4
T2696,A4
T2697,A2
T2698,A4
T2699,A5
T2700,A2
T2701,A2
T2702,A2
T2703,A3
T2704,A1
T2705,A1
T2706,A1
T2707,A1
T2708,A4
T2709,A1
T2710,A2
T2711,A4
T2712,A5
T2713,A1
T2714,A1
T2715,A3
T2716,A1
T2717,A3
T2718,A4
T2719,A4
T2720,A2
T2721,A5
T2722,A4
T2723,A2
T2724,A4
T2725,A5
T2726,A1
T2727,A1
T2728,A4
T2729,A4
T2730,A2
T2731,A4
T2732,A3
T2733,A5
T2734,A3
T2735,A1
T2736,A1
T2737,A3
T2738,A3
T2739,A5
T2740,A3
T2741,A2
T2742,A1
T2743,A4
T2744,A5
T2745,A5
T2746,A1
T2747,A5
T2748,A3
T2749,A1
T2750,A4
T2751,A2
T2752,A1
T2753,A2
T2754,A1
T2755,A2
T2756,A5
T2757,A5
T2758,A1
T2759,A5
T2760,A1
T2761,A2
T2762,A1
T2763,A2
T2764,A3
T2765,A1
T2766,A1
T2767,A5
T2768,A4
T2769,A3
T2770,A5
T2771,A3
T2772,A4
T2773,A1
T2774,A5
T2775,A4
T2776,A1
T2777,A3
T2778,A1
T2779,A3
T2780,A2
T2781,A1
T2782,A5
T2783,A4
T2784,A5
T2785,A2
T2786,A5
T2787,A1
T2788,A4
T2789,A2
T2790,A2
T2791,A2
T2792,A5
T2793,A1
T2794,A5
T2795,A4
T2796,A1
T2797,A4
T2798,A1
T2799,A2
T2800,A2
T2801,A3
T2802,A1
T2803,A4
T2804,A1
T2805,A3
T2806,A1
T2807,A1
T2808,A2
T2809,A3
T2810,A1
T2811,A3
T2812,A2
T2813,A1
T2814,A5
T2815,A5
T2816,A1
T2817,A2
T2818,A3
T2819,A1
T2820,A5
T2821,A1
T2822,A3
T2823,A2
T2824,A4
T2825,A3
T2826,A3
T2827,A3
T2828,A3
T2829,A2
T2830,A3
T2831,A4
T2832,A2
T2833,A5
T2834,A3
T2835,A3
T2836,A5
T2837,A5
T2838,A5
T2839,A5
T2840,A4
T2841,A3
T2842,A5
T2843,A3
T2844,A5
T2845,A5
T2846,A5
T2847,A1
T2848,A1
T2849,A1
T2850,A5
T2851,A3
T2852,A5
T2853,A1
T2854,A2
T2855,A1
T2856,A4
T2857,A2
T2858,A5
T2859,A2
T2860,A4
T2861,A4
T2862,A1
T2863,A4
T2864,A1
T2865,A5
T2866,A4
T2867,A5
T2868,A5
T2869,A1
T2870,A3
T2871,A4
T2872,A4
T2873,A1
T2874,A4
T2875,A1
T2876,A2
T2877,A3
T2878,A2
T2879,A5
T2880,A2
T2881,A4
T2882,A2
T2883,A5
T2884,A4
T2885,A4
T2886,A2
T2887,A1
T2888,A2
T2889,A1
T2890,A3
T2891,A2
T2892,A5
T2893,A5
T2894,A4
T2895,A2
T2896,A1
T2897,A3
T2898,A5
T2899,A5
T2900,A5
T2901,A1
T2902,A1
T2903,A1
T2904,A1
T2905,A5
T2906,A2
T2907,A2
T2908,A3
T2909,A3
T2910,A1
T2911,A4
T2912,A2
T2913,A1
T2914,A1
T2915,A5
T2916,A1
T2917,A1
T2918,A2
T2919,A2
T2920,A5
T2921,A5
T2922,A4
T2923,A3
T2924,A3
T2925,A4
T2926,A5
T2927,A3
T2928,A3
T2929,A1
T2930,A4
T2931,A2
T2932,A4
T2933,A4
T2934,A4
T2935,A5
T2936,A2
T2937,A4
T2938,A3
T2939,A2
T2940,A3
T2941,A5
T2942,A4
T2943,A5
T2944,A1
T2945,A4
T2946,A3
T2947,A3
T2948,A1
T2949,A2
T2950,A5
T2951,A3
T2952,A3
T2953,A2
T2954,A2
T2955,A4
T2956,A4
T2957,A1
T2958,A5
T2959,A2
T2960,A3
T2961,A5
T2962,A5
T2963,A2
T2964,A4
T2965,A5
T2966,A2
T2967,A5
T2968,A2
T2969,A1
T2970,A4
T2971,A1
T2972,A2
T2973,A3
T2974,A3
T2975,A5
T2976,A2
T2977,A1
T2978,A3
T2979,A2
T2980,A3
T2981,A2
T2982,A3
T2983,A4
T2984,A5
T2985,A5
T2986,A3
T2987,A5
T2988,A1
T2989,A1
T2990,A4
T2991,A5
T2992,A2
T2993,A4
T2994,A5
T2995,A5
T2996,A1
T2997,A1
T2998,A3
T2999,A2
T3000,A3
T3001,A2
T3002,A5
T3003,A5
T3004,A1
T3005,A2
T3006,A5
T3007,A5
T3008,A4
T3009,A2
T3010,A4
T3011,A3
T3012,A5
T3013,A2
T3014,A2
T3015,A2
T3016,A1
T3017,A5
T3018,A5
T3019,A2
T3020,A1
T3021,A3
T3022,A2
T3023,A4
T3024,A4
T3025,A1
T3026,A1
T3027,A5
T3028,A4
T3029,A5
T3030,A4
T3031,A5
T3032,A4
T3033,A3
T3034,A3
T3035,A2
T3036,A4
T3037,A3
T3038,A2
T3039,A5
T3040,A3
T3041,A2
T3042,A3
T3043,A4
T3044,A4
T3045,A3
T3046,A3
T3047,A2
T3048,A3
T3049,A2
T3050,A2
T3051,A5
T3052,A3
T3053,A1
T3054,A3
T3055,A2
T3056,A1
T3057,A1
T3058,A4
T3059,A5
T3060,A1
T3061,A3
T3062,A4
T3063,A4
T3064,A2
T3065,A2
T3066,A2
T3067,A1
T3068,A1
T3069,A3
T3070,A4
T3071,A4
T3072,A4
T3073,A4
T3074,A2
T3075,A5
T3076,A2
T3077,A1
T3078,A3
T3079,A2
T3080,A2
T3081,A1
T3082,A1
T3083,A1
T3084,A3
T3085,A5
T3086,A4
T3087,A5
T3088,A1
T3089,A4
T3090,A2
T3091,A5
T3092,A2
T3093,A4
T3094,A4
T3095,A1
T3096,A2
T3097,A4
T3098,A5
T3099,A4
T3100,A1
T3101,A3
T3102,A2
T3103,A5
T3104,A2
T3105,A2
T3106,A4
T3107,A3
T3108,A1
T3109,A4
T3110,A1
T3111,A5
T3112,A2
T3113,A4
T3114,A4
T3115,A1
T3116,A2
T3117,A1
T3118,A3
T3119,A2
T3120,A2
T3121,A2
T3122,A4
T3123,A2
T3124,A1
T3125,A3
T3126,A3
T3127,A4
T3128,A3
T3129,A2
T3130,A1
T3131,A4
T3132,A4
T3133,A4
T3134,A5
T3135,A4
T3136,A1
T3137,A2
T3138,A4
T3139,A3
T3140,A2
T3141,A3
T3142,A4
T3143,A4
T3144,A5
T3145,A5
T3146,A1
T3147,A1
T3148,A3
T3149,A1
T3150,A2
T3151,A5
T3152,A5
T3153,A4
T3154,A4
T3155,A2
T3156,A2
T3157,A5
T3158,A2
T3159,A4
T3160,A2
T3161,A5
T3162,A1
T3163,A1
T3164,A2
T3165,A5
T3166,A4
T3167,A4
T3168,A4
T3169,A2
T3170,A1
T3171,A5
T3172,A1
T3173,A1
T3174,A5
T3175,A3
T3176,A2
T3177,A4
T3178,A3
T3179,A5
T3180,A2
T3181,A4
T3182,A5
T3183,A3
T3184,A5
T3185,A4
T3186,A1
T3187,A5
T3188,A1
T3189,A3
T3190,A3
T3191,A1
T3192,A5
T3193,A2
T3194,A1
T3195,A2
T3196,A4
T3197,A2
T3198,A4
T3199,A1
T3200,A5
T3201,A5
T3202,A5
T3203,A4
T3204,A4
T3205,A4
T3206,A3
T3207,A5
T3208,A2
T3209,A3
T3210,A1
T3211,A1
T3212,A1
T3213,A1
T3214,A1
T3215,A5
T3216,A4
T3217,A4
T3218,A3
T3219,A3
T3220,A3
T3221,A5
T3222,A3
T3223,A5
T3224,A2
T3225,A1
T3226,A3
T3227,A4
T3228,A1
T3229,A4
T3230,A2
T3231,A5
T3232,A3
T3233,A3
T3234,A2
T3235,A2
T3236,A5
T3237,A4
T3238,A3
T3239,A5
T3240,A5
T3241,A1
T3242,A4
T3243,A3
T3244,A5
T3245,A4
T3246,A5
T3247,A2
T3248,A1
T3249,A4
T3250,A3
T3251,A5
T3252,A5
T3253,A5
T3254,A3
T3255,A3
T3256,A1
T3257,A1
T3258,A5
T3259,A3
T3260,A4
T3261,A4
T3262,A3
T3263,A1
T3264,A3
T3265,A5
T3266,A2
T3267,A3
T3268,A3
T3269,A5
T3270,A1
T3271,A1
T3272,A3
T3273,A3
T3274,A4
T3275,A2
T3276,A1
T3277,A5
T3278,A5
T3279,A2
T3280,A3
T3281,A4
T3282,A5
T3283,A4
T3284,A3
T3285,A2
T3286,A2
T3287,A2
T3288,A5
T3289,A2
T3290,A3
T3291,A1
T3292,A5
T3293,A5
T3294,A4
T3295,A4
T3296,A2
T3297,A3
T3298,A5
T3299,A4
T3300,A5
T3301,A3
T3302,A1
T3303,A4
T3304,A2
T3305,A4
T3306,A3
T3307,A3
T3308,A1
T3309,A3
T3310,A3
T3311,A4
T3312,A3
T3313,A1
T3314,A5
T3315,A4
T3316,A2
T3317,A4
T3318,A1
T3319,A1
T3320,A2
T3321,A5
T3322,A5
T3323,A4
T3324,A5
T3325,A2
T3326,A1
T3327,A5
T3328,A2
T3329,A5
T3330,A2
T3331,A5
T3332,A5
T3333,A3
T3334,A1
T3335,A3
T3336,A4
T3337,A5
T3338,A3
T3339,A1
T3340,A2
T3341,A5
T3342,A1
T3343,A5
T3344,A4
T3345,A4
T3346,A1
T3347,A2
T3348,A3
T3349,A3
T3350,A4
T3351,A2
T3352,A4
T3353,A1
T3354,A3
T3355,A4
T3356,A4
T3357,A4
T3358,A4
T3359,A4
T3360,A2
T3361,A1
T3362,A2
T3363,A3
T3364,A2
T3365,A3
T3366,A3
T3367,A5
T3368,A4
T3369,A4
T3370,A4
T3371,A5
T3372,A3
T3373,A3
T3374,A2
T3375,A5
T3376,A3
T3377,A3
T3378,A1
T3379,A1
T3380,A1
T3381,A5
T3382,A4
T3383,A3
T3384,A2
T3385,A1
T3386,A1
T3387,A1
T3388,A5
T3389,A4
T3390,A2
T3391,A5
T3392,A1
T3393,A5
T3394,A5
T3395,A4
T3396,A1
T3397,A5
T3398,A4
T3399,A1
T3400,A4
T3401,A1
T3402,A2
T3403,A3
T3404,A1
T3405,A5
T3406,A4
T3407,A5
T3408,A4
T3409,A1
T3410,A1
T3411,A5
T3412,A4
T3413,A3
T3414,A3
T3415,A4
T3416,A2
T3417,A3
T3418,A5
T3419,A4
T3420,A4
T3421,A5
T3422,A2
T3423,A1
T3424,A2
T3425,A5
T3426,A3
T3427,A3
T3428,A5
T3429,A3
T3430,A4
T3431,A2
T3432,A5
T3433,A1
T3434,A4
T3435,A2
T3436,A4
T3437,A1
T3438,A3
T3439,A3
T3440,A2
T3441,A2
T3442,A4
T3443,A5
T3444,A2
T3445,A2
T3446,A2
T3447,A1
T3448,A2
T3449,A1
T3450,A3
T3451,A5
T3452,A5
T3453,A1
T3454,A4
T3455,A2
T3456,A5
T3457,A5
T3458,A4
T3459,A2
T3460,A2
T3461,A4
T3462,A4
T3463,A3
T3464,A4
T3465,A4
T3466,A1
T3467,A3
T3468,A2
T3469,A3
T3470,A5
T3471,A5
T3472,A5
T3473,A3
T3474,A3
T3475,A3
T3476,A3
T3477,A2
T3478,A3
T3479,A5
T3480,A4
T3481,A1
T3482,A2
T3483,A1
T3484,A3
T3485,A4
T3486,A1
T3487,A5
T3488,A4
T3489,A3
T3490,A3
T3491,A4
T3492,A1
T3493,A2
T3494,A1
T3495,A5
T3496,A5
T3497,A4
T3498,A2
T3499,A1
T3500,A4
T3501,A1
T3502,A2
T3503,A2
T3504,A2
T3505,A5
T3506,A3
T3507,A1
T3508,A4
T3509,A1
T3510,A2
T3511,A1
T3512,A4
T3513,A1
T3514,A4
T3515,A1
T3516,A3
T3517,A1
T3518,A2
T3519,A4
T3520,A3
T3521,A5
T3522,A2
T3523,A1
T3524,A4
T3525,A3
T3526,A4
T3527,A1
T3528,A1
T3529,A5
T3530,A1
T3531,A1
T3532,A2
T3533,A5
T3534,A2
T3535,A2
T3536,A3
T3537,A4
T3538,A2
T3539,A4
T3540,A5
T3541,A2
T3542,A2
T3543,A2
T3544,A5
T3545,A3
T3546,A5
T3547,A5
T3548,A4
T3549,A3
T3550,A4
T3551,A2
T3552,A1
T3553,A4
T3554,A4
T3555,A1
T3556,A3
T3557,A3
T3558,A3
T3559,A1
T3560,A4
T3561,A4
T3562,A5
T3563,A2
T3564,A3
T3565,A2
T3566,A2
T3567,A3
T3568,A1
T3569,A1
T3570,A3
T3571,A2
T3572,A1
T3573,A2
T3574,A2
T3575,A2
T3576,A1
T3577,A4
T3578,A2
T3579,A5
T3580,A5
T3581,A1
T3582,A2
T3583,A3
T3584,A4
T3585,A2
T3586,A4
T3587,A5
T3588,A2
T3589,A3
T3590,A4
T3591,A3
T3592,A4
T3593,A5
T3594,A3
T3595,A2
T3596,A4
T3597,A3
T3598,A3
T3599,A4
T3600,A5
T3601,A2
T3602,A3
T3603,A2
T3604,A5
T3605,A2
T3606,A5
T3607,A3
T3608,A5
T3609,A4
T3610,A1
T3611,A2
T3612,A3
T3613,A4
T3614,A1
T3615,A2
T3616,A2
T3617,A2
T3618,A3
T3619,A5
T3620,A1
T3621,A2
T3622,A4
T3623,A4
T3624,A3
T3625,A3
T3626,A1
T3627,A1
T3628,A1
T3629,A5
T3630,A2
T3631,A1
T3632,A3
T3633,A1
T3634,A4
T3635,A2
T3636,A2
T3637,A2
T3638,A2
T3639,A2
T3640,A3
T3641,A3
T3642,A5
T3643,A4
T3644,A2
T3645,A5
T3646,A3
T3647,A2
T3648,A3
T3649,A2
T3650,A3
T3651,A2
T3652,A5
T3653,A2
T3654,A4
T3655,A2
T3656,A3
T3657,A1
T3658,A1
T3659,A4
T3660,A3
T3661,A4
T3662,A1
T3663,A1
T3664,A1
T3665,A4
T3666,A4
T3667,A1
T3668,A3
T3669,A1
T3670,A1
T3671,A4
T3672,A5
T3673,A5
T3674,A4
T3675,A3
T3676,A3
T3677,A2
T3678,A1
T3679,A3
T3680,A2
T3681,A2
T3682,A4
T3683,A1
T3684,A5
T3685,A3
T3686,A2
T3687,A1
T3688,A1
T3689,A2
T3690,A3
T3691,A1
T3692,A2
T3693,A3
T3694,A4
T3695,A5
T3696,A1
T3697,A3
T3698,A4
T3699,A3
T3700,A1
T3701,A1
T3702,A5
T3703,A3
T3704,A4
T3705,A4
T3706,A3
T3707,A4
T3708,A4
T3709,A5
T3710,A2
T3711,A2
T3712,A3
T3713,A1
T3714,A4
T3715,A3
T3716,A4
T3717,A4
T3718,A5
T3719,A1
T3720,A5
T3721,A2
T3722,A1
T3723,A4
T3724,A2
T3725,A2
T3726,A3
T3727,A1
T3728,A1
T3729,A4
T3730,A3
T3731,A2
T3732,A5
T3733,A2
T3734,A1
T3735,A4
T3736,A3
T3737,A4
T3738,A1
T3739,A4
T3740,A5
T3741,A3
T3742,A2
T3743,A4
T3744,A1
T3745,A2
T3746,A4
T3747,A5
T3748,A5
T3749,A4
T3750,A4
T3751,A2
T3752,A4
T3753,A4
T3754,A4
T3755,A5
T3756,A3
T3757,A3
T3758,A5
T3759,A4
T3760,A1
T3761,A4
T3762,A3
T3763,A5
T3764,A3
T3765,A1
T3766,A3
T3767,A1
T3768,A5
T3769,A4
T3770,A5
T3771,A1
T3772,A3
T3773,A4
T3774,A2
T3775,A3
T3776,A3
T3777,A4
T3778,A4
T3779,A3
T3780,A1
T3781,A5
T3782,A4
T3783,A1
T3784,A4
T3785,A2
T3786,A5
T3787,A4
T3788,A4
T3789,A2
T3790,A1
T3791,A5
T3792,A3
T3793,A2
T3794,A4
T3795,A3
T3796,A4
T3797,A3
T3798,A3
T3799,A5
T3800,A4
T3801,A4
T3802,A4
T3803,A1
T3804,A5
T3805,A4
T3806,A5
T3807,A1
T3808,A1
T3809,A5
T3810,A1
T3811,A1
T3812,A2
T3813,A2
T3814,A1
T3815,A1
T3816,A3
T3817,A4
T3818,A5
T3819,A5
T3820,A3
T3821,A4
T3822,A3
T3823,A2
T3824,A3
T3825,A2
T3826,A1
T3827,A5
T3828,A5
T3829,A1
T3830,A2
T3831,A1
T3832,A3
T3833,A2
T3834,A5
T3835,A4
T3836,A3
T3837,A4
T3838,A4
T3839,A1
T3840,A4
T3841,A1
T3842,A2
T3843,A5
T3844,A3
T3845,A4
T3846,A5
T3847,A2
T3848,A5
T3849,A4
T3850,A1
T3851,A3
T3852,A5
T3853,A3
T3854,A4
T3855,A1
T3856,A1
T3857,A1
T3858,A5
T3859,A1
T3860,A4
T3861,A5
T3862,A4
T3863,A3
T3864,A5
T3865,A4
T3866,A3
T3867,A2
T3868,A5
T3869,A3
T3870,A1
T3871,A2
T3872,A4
T3873,A2
T3874,A3
T3875,A3
T3876,A5
T3877,A5
T3878,A5
T3879,A3
T3880,A4
T3881,A2
T3882,A1
T3883,A5
T3884,A5
T3885,A2
T3886,A4
T3887,A4
T3888,A4
T3889,A1
T3890,A3
T3891,A3
T3892,A1
T3893,A1
T3894,A3
T3895,A4
T3896,A5
T3897,A1
T3898,A4
T3899,A4
T3900,A2
T3901,A5
T3902,A1
T3903,A3
T3904,A2
T3905,A5
T3906,A1
T3907,A4
T3908,A4
T3909,A5
T3910,A5
T3911,A3
T3912,A2
T3913,A5
T3914,A1
T3915,A3
T3916,A1
T3917,A2
T3918,A2
T3919,A3
T3920,A3
T3921,A4
T3922,A5
T3923,A5
T3924,A5
T3925,A2
T3926,A2
T3927,A2
T3928,A3
T3929,A1
T3930,A1
T3931,A2
T3932,A4
T3933,A3
T3934,A3
T3935,A4
T3936,A2
T3937,A4
T3938,A3
T3939,A5
T3940,A3
T3941,A4
T3942,A4
T3943,A1
T3944,A4
T3945,A1
T3946,A4
T3947,A2
T3948,A3
T3949,A3
T3950,A3
T3951,A3
T3952,A3
T3953,A3
T3954,A2
T3955,A4
T3956,A2
T3957,A3
T3958,A4
T3959,A3
T3960,A2
T3961,A5
T3962,A3
T3963,A5
T3964,A4
T3965,A4
T3966,A1
T3967,A5
T3968,A3
T3969,A3
T3970,A5
T3971,A1
T3972,A3
T3973,A5
T3974,A2
T3975,A5
T3976,A3
T3977,A4
T3978,A4
T3979,A5
T3980,A3
T3981,A1
T3982,A1
T3983,A2
T3984,A5
T3985,A5
T3986,A2
T3987,A4
T3988,A3
T3989,A3
T3990,A2
T3991,A2
T3992,A4
T3993,A1
T3994,A1
T3995,A1
T3996,A5
T3997,A3
T3998,A4
T3999,A4
T4000,A1
T4001,A2
T4002,A4
T4003,A2
T4004,A2
T4005,A5
T4006,A2
T4007,A1
T4008,A1
T4009,A2
T4010,A2
T4011,A2
T4012,A4
T4013,A1
T4014,A5
T4015,A3
T4016,A2
T4017,A1
T4018,A1
T4019,A4
T4020,A4
T4021,A5
T4022,A2
T4023,A1
T4024,A5
T4025,A5
T4026,A4
T4027,A2
T4028,A1
T4029,A1
T4030,A4
T4031,A1
T4032,A5
T4033,A1
T4034,A5
T4035,A2
T4036,A2
T4037,A1
T4038,A1
T4039,A2
T4040,A2
T4041,A4
T4042,A5
T4043,A2
T4044,A4
T4045,A5
T4046,A1
T4047,A1
T4048,A4
T4049,A5
T4050,A2
T4051,A1
T4052,A3
T4053,A4
T4054,A1
T4055,A1
T4056,A5
T4057,A5
T4058,A2
T4059,A4
T4060,A3
T4061,A3
T4062,A4
T4063,A3
T4064,A5
T4065,A2
T4066,A1
T4067,A2
T4068,A2
T4069,A5
T4070,A5
T4071,A3
T4072,A3
T4073,A1
T4074,A4
T4075,A3
T4076,A5
T4077,A2
T4078,A2
T4079,A3
T4080,A4
T4081,A4
T4082,A2
T4083,A4
T4084,A2
T4085,A1
T4086,A4
T4087,A4
T4088,A5
T4089,A5
T4090,A3
T4091,A1
T4092,A5
T4093,A4
T4094,A4
T4095,A2
T4096,A2
T4097,A1
T4098,A5
T4099,A3
T4100,A1
T4101,A1
T4102,A4
T4103,A4
T4104,A4
T4105,A3
T4106,A5
T4107,A1
T4108,A4
T4109,A5
T4110,A2
T4111,A5
T4112,A4
T4113,A3
T4114,A4
T4115,A1
T4116,A1
T4117,A4
T4118,A3
T4119,A3
T4120,A4
T4121,A4
T4122,A1
T4123,A3
T4124,A1
T4125,A5
T4126,A5
T4127,A2
T4128,A3
T4129,A4
T4130,A3
T4131,A5
T4132,A3
T4133,A3
T4134,A5
T4135,A1
T4136,A2
T4137,A3
T4138,A2
T4139,A4
T4140,A3
T4141,A4
T4142,A2
T4143,A3
T4144,A1
T4145,A5
T4146,A3
T4147,A5
T4148,A5
T4149,A4
T4150,A2
T4151,A3
T4152,A4
T4153,A4
T4154,A2
T4155,A3
T4156,A1
T4157,A4
T4158,A4
T4159,A1
T4160,A3
T4161,A1
T4162,A5
T4163,A4
T4164,A5
T4165,A5
T4166,A3
T4167,A4
T4168,A1
T4169,A1
T4170,A1
T4171,A5
T4172,A5
T4173,A5
T4174,A2
T4175,A3
T4176,A5
T4177,A5
T4178,A3
T4179,A3
T4180,A3
T4181,A4
T4182,A3
T4183,A1
T4184,A5
T4185,A3
T4186,A3
T4187,A4
T4188,A1
T4189,A2
T4190,A4
T4191,A5
T4192,A2
T4193,A2
T4194,A2
T4195,A5
T4196,A3
T4197,A1
T4198,A4
T4199,A4
T4200,A3
T4201,A1
T4202,A4
T4203,A5
T4204,A5
T4205,A2
T4206,A1
T4207,A1
T4208,A4
T4209,A4
T4210,A2
T4211,A5
T4212,A1
T4213,A1
T4214,A1
T4215,A2
T4216,A5
T4217,A3
T4218,A1
T4219,A3
T4220,A3
T4221,A4
T4222,A3
T4223,A2
T4224,A5
T4225,A2
T4226,A1
T4227,A1
T4228,A1
T4229,A1
T4230,A2
T4231,A3
T4232,A5
T4233,A1
T4234,A3
T4235,A3
T4236,A2
T4237,A3
T4238,A4
T4239,A4
T4240,A2
T4241,A1
T4242,A1
T4243,A3
T4244,A4
T4245,A5
T4246,A2
T4247,A5
T4248,A5
T4249,A3
T4250,A1
T4251,A5
T4252,A2
T4253,A3
T4254,A5
T4255,A1
T4256,A4
T4257,A4
T4258,A3
T4259,A4
T4260,A4
T4261,A3
T4262,A4
T4263,A1
T4264,A5
T4265,A3
T4266,A5
T4267,A5
T4268,A5
T4269,A5
T4270,A4
T4271,A1
T4272,A4
T4273,A2
T4274,A3
T4275,A3
T4276,A5
T4277,A5
T4278,A1
T4279,A5
T4280,A2
T4281,A2
T4282,A2
T4283,A1
T4284,A4
T4285,A1
T4286,A3
T4287,A3
T4288,A5
T4289,A2
T4290,A3
T4291,A2
T4292,A5
T4293,A2
T4294,A1
T4295,A5
T4296,A2
T4297,A5
T4298,A4
T4299,A5
T4300,A2
T4301,A5
T4302,A2
T4303,A5
T4304,A5
T4305,A5
T4306,A5
T4307,A5
T4308,A1
T4309,A1
T4310,A1
T4311,A5
T4312,A5
T4313,A3
T4314,A5
T4315,A1
T4316,A2
T4317,A3
T4318,A5
T4319,A3
T4320,A2
T4321,A4
T4322,A4
T4323,A1
T4324,A5
T4325,A4
T4326,A5
T4327,A4
T4328,A4
T4329,A4
T4330,A1
T4331,A5
T4332,A5
T4333,A3
T4334,A1
T4335,A1
T4336,A4
T4337,A2
T4338,A2
T4339,A3
T4340,A1
T4341,A3
T4342,A2
T4343,A5
T4344,A5
T4345,A2
T4346,A1
T4347,A3
T4348,A1
T4349,A3
T4350,A5
T4351,A1
T4352,A4
T4353,A3
T4354,A5
T4355,A5
T4356,A3
T4357,A4
T4358,A3
T4359,A3
T4360,A3
T4361,A5
T4362,A4
T4363,A2
T4364,A1
T4365,A1
T4366,A5
T4367,A2
T4368,A3
T4369,A4
T4370,A4
T4371,A4
T4372,A3
T4373,A2
T4374,A3
T4375,A5
T4376,A4
T4377,A2
T4378,A4
T4379,A3
T4380,A3
T4381,A2
T4382,A4
T4383,A4
T4384,A5
T4385,A2
T4386,A5
T4387,A4
T4388,A2
T4389,A4
T4390,A1
T4391,A5
T4392,A3
T4393,A2
T4394,A1
T4395,A5
T4396,A1
T4397,A5
T4398,A1
T4399,A5
T4400,A3
T4401,A2
T4402,A2
T4403,A1
T4404,A5
T4405,A4
T4406,A1
T4407,A2
T4408,A1
T4409,A5
T4410,A5
T4411,A4
T4412,A1
T4413,A2
T4414,A4
T4415,A1
T4416,A1
T4417,A4
T4418,A5
T4419,A5
T4420,A4
T4421,A5
T4422,A5
T4423,A2
T4424,A3
T4425,A2
T4426,A1
T4427,A1
T4428,A3
T4429,A5
T4430,A3
T4431,A4
T4432,A3
T4433,A4
T4434,A1
T4435,A4
T4436,A2
T4437,A4
T4438,A5
T4439,A4
T4440,A1
T4441,A1
T4442,A3
T4443,A2
T4444,A1
T4445,A3
T4446,A2
T4447,A2
T4448,A3
T4449,A3
T4450,A3
T4451,A1
T4452,A2
T4453,A2
T4454,A3
T4455,A3
T4456,A4
T4457,A2
T4458,A2
T4459,A4
T4460,A2
T4461,A5
T4462,A4
T4463,A5
T4464,A2
T4465,A2
T4466,A4
T4467,A2
T4468,A2
T4469,A3
T4470,A4
T4471,A4
T4472,A2
T4473,A2
T4474,A4
T4475,A1
T4476,A2
T4477,A4
T4478,A3
T4479,A3
T4480,A3
T4481,A5
T4482,A1
T4483,A2
T4484,A5
T4485,A3
T4486,A5
T4487,A1
T4488,A4
T4489,A4
T4490,A2
T4491,A4
T4492,A4
T4493,A2
T4494,A2
T4495,A4
T4496,A5
T4497,A4
T4498,A2
T4499,A1
T4500,A1
T4501,A1
T4502,A4
T4503,A5
T4504,A2
T4505,A4
T4506,A1
T4507,A3
T4508,A3
T4509,A4
T4510,A4
T4511,A4
T4512,A5
T4513,A2
T4514,A2
T4515,A1
T4516,A5
T4517,A1
T4518,A4
T4519,A3
T4520,A3
T4521,A1
T4522,A2
T4523,A3
T4524,A4
T4525,A5
T4526,A4
T4527,A1
T4528,A5
T4529,A3
T4530,A5
T4531,A1
T4532,A3
T4533,A5
T4534,A3
T4535,A2
T4536,A3
T4537,A5
T4538,A2
T4539,A4
T4540,A4
T4541,A3
T4542,A5
T4543,A2
T4544,A5
T4545,A2
T4546,A3
T4547,A5
T4548,A5
T4549,A1
T4550,A2
T4551,A3
T4552,A3
T4553,A1
T4554,A1
T4555,A5
T4556,A4
T4557,A4
T4558,A3
T4559,A3
T4560,A4
T4561,A4
T4562,A2
T4563,A1
T4564,A1
T4565,A2
T4566,A5
T4567,A1
T4568,A1
T4569,A5
T4570,A1
T4571,A3
T4572,A5
T4573,A5
T4574,A5
T4575,A3
T4576,A2
T4577,A1
T4578,A5
T4579,A1
T4580,A5
T4581,A4
T4582,A4
T4583,A4
T4584,A2
T4585,A2
T4586,A5
T4587,A4
T4588,A4
T4589,A5
T4590,A4
T4591,A5
T4592,A5
T4593,A4
T4594,A4
T4595,A3
T4596,A4
T4597,A3
T4598,A4
T4599,A3
T4600,A3
T4601,A2
T4602,A3
T4603,A3
T4604,A2
T4605,A5
T4606,A4
T4607,A1
T4608,A3
T4609,A1
T4610,A5
T4611,A4
T4612,A2
T4613,A2
T4614,A1
T4615,A4
T4616,A2
T4617,A4
T4618,A3
T4619,A2
T4620,A1
T4621,A3
T4622,A5
T4623,A4
T4624,A3
T4625,A4
T4626,A2
T4627,A1
T4628,A3
T4629,A4
T4630,A3
T4631,A3
T4632,A5
T4633,A4
T4634,A1
T4635,A4
T4636,A3
T4637,A1
T4638,A3
T4639,A3
T4640,A2
T4641,A3
T4642,A4
T4643,A1
T4644,A5
T4645,A5
T4646,A1
T4647,A1
T4648,A1
T4649,A2
T4650,A3
T4651,A4
T4652,A1
T4653,A3
T4654,A2
T4655,A1
T4656,A5
T4657,A4
T4658,A4
T4659,A4
T4660,A1
T4661,A1
T4662,A5
T4663,A2
T4664,A1
T4665,A5
T4666,A1
T4667,A2
T4668,A5
T4669,A5
T4670,A3
T4671,A4
T4672,A5
T4673,A4
T4674,A5
T4675,A2
T4676,A2
T4677,A1
T4678,A4
T4679,A1
T4680,A5
T4681,A2
T4682,A5
T4683,A3
T4684,A5
T4685,A3
T4686,A2
T4687,A1
T4688,A3
T4689,A1
T4690,A2
T4691,A5
T4692,A3
T4693,A1
T4694,A5
T4695,A4
T4696,A3
T4697,A5
T4698,A5
T4699,A2
T4700,A3
T4701,A2
T4702,A4
T4703,A4
T4704,A5
T4705,A3
T4706,A5
T4707,A3
T4708,A5
T4709,A3
T4710,A5
T4711,A2
T4712,A5
T4713,A3
T4714,A2
T4715,A2
T4716,A3
T4717,A3
T4718,A3
T4719,A2
T4720,A2
T4721,A4
T4722,A4
T4723,A3
T4724,A5
T4725,A2
T4726,A4
T4727,A3
T4728,A3
T4729,A5
T4730,A2
T4731,A2
T4732,A1
T4733,A4
T4734,A2
T4735,A5
T4736,A5
T4737,A2
T4738,A1
T4739,A4
T4740,A4
T4741,A1
T4742,A5
T4743,A2
T4744,A2
T4745,A4
T4746,A1
T4747,A5
T4748,A1
T4749,A3
T4750,A2
T4751,A2
T4752,A1
T4753,A5
T4754,A5
T4755,A2
T4756,A4
T4757,A4
T4758,A3
T4759,A2
T4760,A4
T4761,A2
T4762,A1
T4763,A4
T4764,A5
T4765,A5
T4766,A4
T4767,A1
T4768,A3
T4769,A2
T4770,A1
T4771,A5
T4772,A4
T4773,A1
T4774,A2
T4775,A3
T4776,A1
T4777,A1
T4778,A5
T4779,A1
T4780,A5
T4781,A1
T4782,A1
T4783,A1
T4784,A4
T4785,A1
T4786,A5
T4787,A4
T4788,A5
T4789,A4
T4790,A5
T4791,A5
T4792,A2
T4793,A2
T4794,A1
T4795,A2
T4796,A4
T4797,A3
T4798,A3
T4799,A2
T4800,A5
T4801,A1
T4802,A3
T4803,A2
T4804,A2
T4805,A4
T4806,A1
T4807,A4
T4808,A3
T4809,A2
T4810,A2
T4811,A4
T4812,A4
T4813,A5
T4814,A5
T4815,A3
T4816,A2
T4817,A3
T4818,A4
T4819,A3
T4820,A1
T4821,A2
T4822,A3
T4823,A1
T4824,A3
T4825,A4
T4826,A2
T4827,A4
T4828,A2
T4829,A3
T4830,A2
T4831,A5
T4832,A4
T4833,A1
T4834,A4
T4835,A2
T4836,A4
T4837,A4
T4838,A5
T4839,A5
T4840,A4
T4841,A1
T4842,A5
T4843,A3
T4844,A5
T4845,A4
T4846,A2
T4847,A1
T4848,A5
T4849,A1
T4850,A3
T4851,A1
T4852,A4
T4853,A1
T4854,A4
T4855,A5
T4856,A3
T4857,A4
T4858,A1
T4859,A3
T4860,A3
T4861,A5
T4862,A3
T4863,A5
T4864,A2
T4865,A4
T4866,A5
T4867,A3
T4868,A1
T4869,A1
T4870,A3
T4871,A4
T4872,A1
T4873,A1
T4874,A4
T4875,A4
T4876,A4
T4877,A2
T4878,A4
T4879,A2
T4880,A2
T4881,A4
T4882,A5
T4883,A5
T4884,A3
T4885,A1
T4886,A2
T4887,A5
T4888,A3
T4889,A4
T4890,A4
T4891,A2
T4892,A2
T4893,A1
T4894,A1
T4895,A3
T4896,A1
T4897,A5
T4898,A2
T4899,A3
T4900,A5
T4901,A1
T4902,A5
T4903,A3
T4904,A5
T4905,A1
T4906,A2
T4907,A1
T4908,A1
T4909,A5
T4910,A1
T4911,A4
T4912,A2
T4913,A2
T4914,A4
T4915,A5
T4916,A4
T4917,A3
T4918,A5
T4919,A2
T4920,A4
T4921,A5
T4922,A2
T4923,A1
T4924,A4
T4925,A1
T4926,A5
T4927,A5
T4928,A1
T4929,A5
T4930,A3
T4931,A4
T4932,A4
T4933,A4
T4934,A5
T4935,A3
T4936,A4
T4937,A3
T4938,A2
T4939,A4
T4940,A1
T4941,A5
T4942,A3
T4943,A5
T4944,A3
T4945,A5
T4946,A3
T4947,A1
T4948,A3
T4949,A5
T4950,A2
T4951,A2
T4952,A5
T4953,A2
T4954,A1
T4955,A2
T4956,A3
T4957,A3
T4958,A2
T4959,A5
T4960,A2
T4961,A2
T4962,A4
T4963,A1
T4964,A4
T4965,A5
T4966,A4
T4967,A3
T4968,A5
T4969,A1
T4970,A3
T4971,A5
T4972,A4
T4973,A1
T4974,A3
T4975,A2
T4976,A4
T4977,A1
T4978,A3
T4979,A4
T4980,A2
T4981,A4
T4982,A2
T4983,A4
T4984,A2
T4985,A2
T4986,A2
T4987,A3
T4988,A4
T4989,A4
T4990,A4
T4991,A5
T4992,A2
T4993,A3
T4994,A2
T4995,A1
T4996,A1
T4997,A3
T4998,A2
T4999,A2
T5000,A4
