task_id,user_id
T1,U47
T2,U72
T3,U149
T4,U183
T5,U163
T6,U143
T7,U44
T8,U170
T9,U199
T10,U13
T11,U31
T12,U64
T13,U25
T14,U65
T15,U187
T16,U133
T17,U99
T18,U197
T19,U185
T20,U161
T21,U143
T22,U86
T23,U117
T24,U153
T25,U74
T26,U195
T27,U184
T28,U35
T29,U188
T30,U16
T31,U45
T32,U42
T33,U107
T34,U20
T35,U158
T36,U199
T37,U45
T38,U134
T39,U118
T40,U27
T41,U125
T42,U155
T43,U87
T44,U130
T45,U173
T46,U13
T47,U149
T48,U61
T49,U196
T50,U162
T51,U74
T52,U34
T53,U7
T54,U105
T55,U50
T56,U192
T57,U98
T58,U196
T59,U12
T60,U54
T61,U140
T62,U129
T63,U188
T64,U158
T65,U88
T66,U159
T67,U173
T68,U6
T69,U80
T70,U198
T71,U150
T72,U197
T73,U74
T74,U65
T75,U1
T76,U50
T77,U84
T78,U194
T79,U23
T80,U103
T81,U93
T82,U194
T83,U67
T84,U189
T85,U37
T86,U60
T87,U49
T88,U18
T89,U148
T90,U103
T91,U163
T92,U130
T93,U68
T94,U13
T95,U140
T96,U120
T97,U19
T98,U200
T99,U133
T100,U161
T101,U52
T102,U28
T103,U148
T104,U173
T105,U24
T106,U9
T107,U36
T108,U80
T109,U142
T110,U99
T111,U107
T112,U198
T113,U149
T114,U99
T115,U97
T116,U158
T117,U39
T118,U191
T119,U52
T120,U73
T121,U169
T122,U142
T123,U175
T124,U74
T125,U98
T126,U122
T127,U74
T128,U38
T129,U22
T130,U55
T131,U63
T132,U134
T133,U194
T134,U155
T135,U74
T136,U93
T137,U39
T138,U160
T139,U25
T140,U98
T141,U109
T142,U21
T143,U88
T144,U130
T145,U137
T146,U93
T147,U106
T148,U41
T149,U93
T150,U45
T151,U104
T152,U81
T153,U48
T154,U163
T155,U98
T156,U63
T157,U16
T158,U73
T159,U117
T160,U14
T161,U75
T162,U133
T163,U119
T164,U141
T165,U145
T166,U195
T167,U129
T168,U86
T169,U23
T170,U11
T171,U138
T172,U185
T173,U75
T174,U169
T175,U54
T176,U112
T177,U162
T178,U14
T179,U159
T180,U20
T181,U162
T182,U51
T183,U168
T184,U141
T185,U110
T186,U22
T187,U142
T188,U105
T189,U137
T190,U134
T191,U12
T192,U18
T193,U99
T194,U96
T195,U157
T196,U75
T197,U43
T198,U16
T199,U39
T200,U54
T201,U194
T202,U57
T203,U60
T204,U15
T205,U179
T206,U182
T207,U75
T208,U56
T209,U20
T210,U120
T211,U7
T212,U102
T213,U173
T214,U189
T215,U144
T216,U184
T217,U146
T218,U112
T219,U16
T220,U190
T221,U170
T222,U46
T223,U145
T224,U154
T225,U100
T226,U99
T227,U74
T228,U136
T229,U198
T230,U112
T231,U129
T232,U20
T233,U55
T234,U60
T235,U197
T236,U88
T237,U81
T238,U176
T239,U63
T240,U58
T241,U187
T242,U163
T243,U105
T244,U22
T245,U192
T246,U71
T247,U69
T248,U148
T249,U198
T250,U193
T251,U92
T252,U119
T253,U21
T254,U111
T255,U135
T256,U152
T257,U101
T258,U87
T259,U186
T260,U176
T261,U122
T262,U188
T263,U191
T264,U166
T265,U59
T266,U8
T267,U13
T268,U196
T269,U26
T270,U29
T271,U154
T272,U125
T273,U134
T274,U86
T275,U40
T276,U32
T277,U134
T278,U101
T279,U85
T280,U32
T281,U53
T282,U177
T283,U26
T284,U3
T285,U166
T286,U171
T287,U23
T288,U94
T289,U123
T290,U14
T291,U147
T292,U43
T293,U197
T294,U35
T295,U5
T296,U145
T297,U178
T298,U195
T299,U71
T300,U30
T301,U118
T302,U93
T303,U125
T304,U137
T305,U136
T306,U181
T307,U90
T308,U67
T309,U6
T310,U189
T311,U45
T312,U98
T313,U24
T314,U29
T315,U59
T316,U78
T317,U155
T318,U152
T319,U173
T320,U23
T321,U12
T322,U125
T323,U144
T324,U4
T325,U143
T326,U142
T327,U31
T328,U44
T329,U172
T330,U49
T331,U106
T332,U11
T333,U184
T334,U182
T335,U146
T336,U21
T337,U28
T338,U3
T339,U11
T340,U28
T341,U104
T342,U59
T343,U187
T344,U102
T345,U172
T346,U166
T347,U10
T348,U58
T349,U147
T350,U147
T351,U154
T352,U23
T353,U192
T354,U198
T355,U16
T356,U45
T357,U34
T358,U84
T359,U84
T360,U189
T361,U138
T362,U52
T363,U27
T364,U147
T365,U4
T366,U133
T367,U145
T368,U108
T369,U128
T370,U33
T371,U133
T372,U100
T373,U181
T374,U62
T375,U2
T376,U28
T377,U49
T378,U102
T379,U22
T380,U33
T381,U13
T382,U138
T383,U79
T384,U139
T385,U148
T386,U34
T387,U99
T388,U159
T389,U55
T390,U92
T391,U54
T392,U129
T393,U1
T394,U92
T395,U122
T396,U153
T397,U150
T398,U80
T399,U31
T400,U185
T401,U97
T402,U103
T403,U43
T404,U144
T405,U48
T406,U90
T407,U12
T408,U98
T409,U94
T410,U59
T411,U2
T412,U84
T413,U132
T414,U176
T415,U37
T416,U75
T417,U118
T418,U45
T419,U68
T420,U81
T421,U178
T422,U162
T423,U8
T424,U105
T425,U164
T426,U11
T427,U21
T428,U193
T429,U46
T430,U147
T431,U121
T432,U26
T433,U147
T434,U9
T435,U2
T436,U84
T437,U190
T438,U26
T439,U100
T440,U73
T441,U189
T442,U179
T443,U107
T444,U25
T445,U188
T446,U48
T447,U149
T448,U187
T449,U86
T450,U11
T451,U39
T452,U98
T453,U60
T454,U82
T455,U110
T456,U16
T457,U129
T458,U5
T459,U49
T460,U47
T461,U110
T462,U60
T463,U41
T464,U182
T465,U31
T466,U100
T467,U52
T468,U1
T469,U190
T470,U66
T471,U95
T472,U96
T473,U72
T474,U167
T475,U178
T476,U82
T477,U151
T478,U70
T479,U48
T480,U176
T481,U60
T482,U50
T483,U44
T484,U11
T485,U13
T486,U31
T487,U30
T488,U92
T489,U134
T490,U173
T491,U73
T492,U142
T493,U65
T494,U148
T495,U70
T496,U99
T497,U71
T498,U122
T499,U144
T500,U160
T501,U151
T502,U161
T503,U65
T504,U141
T505,U28
T506,U181
T507,U118
T508,U200
T509,U178
T510,U1
T511,U64
T512,U164
T513,U98
T514,U191
T515,U177
T516,U7
T517,U171
T518,U72
T519,U65
T520,U24
T521,U57
T522,U18
T523,U142
T524,U46
T525,U36
T526,U184
T527,U140
T528,U140
T529,U51
T530,U86
T531,U37
T532,U106
T533,U132
T534,U123
T535,U54
T536,U8
T537,U21
T538,U16
T539,U47
T540,U85
T541,U5
T542,U111
T543,U24
T544,U15
T545,U42
T546,U148
T547,U183
T548,U112
T549,U68
T550,U42
T551,U96
T552,U104
T553,U161
T554,U62
T555,U53
T556,U119
T557,U77
T558,U19
T559,U157
T560,U60
T561,U4
T562,U91
T563,U183
T564,U30
T565,U8
T566,U83
T567,U162
T568,U122
T569,U132
T570,U76
T571,U162
T572,U32
T573,U92
T574,U59
T575,U46
T576,U85
T577,U146
T578,U108
T579,U14
T580,U93
T581,U127
T582,U173
T583,U182
T584,U135
T585,U146
T586,U118
T587,U84
T588,U89
T589,U100
T590,U177
T591,U2
T592,U105
T593,U194
T594,U1
T595,U115
T596,U30
T597,U56
T598,U35
T599,U164
T600,U155
T601,U16
T602,U193
T603,U165
T604,U63
T605,U141
T606,U20
T607,U97
T608,U71
T609,U122
T610,U163
T611,U163
T612,U186
T613,U123
T614,U10
T615,U82
T616,U98
T617,U173
T618,U166
T619,U9
T620,U52
T621,U195
T622,U181
T623,U35
T624,U74
T625,U132
T626,U49
T627,U102
T628,U155
T629,U24
T630,U34
T631,U124
T632,U70
T633,U157
T634,U4
T635,U195
T636,U1
T637,U45
T638,U86
T639,U131
T640,U68
T641,U107
T642,U111
T643,U141
T644,U148
T645,U102
T646,U64
T647,U52
T648,U144
T649,U173
T650,U107
T651,U28
T652,U141
T653,U171
T654,U160
T655,U105
T656,U30
T657,U82
T658,U10
T659,U100
T660,U151
T661,U179
T662,U28
T663,U146
T664,U23
T665,U194
T666,U122
T667,U152
T668,U37
T669,U58
T670,U141
T671,U151
T672,U45
T673,U142
T674,U79
T675,U91
T676,U166
T677,U26
T678,U147
T679,U55
T680,U82
T681,U198
T682,U72
T683,U60
T684,U163
T685,U65
T686,U167
T687,U107
T688,U153
T689,U139
T690,U23
T691,U104
T692,U196
T693,U21
T694,U124
T695,U3
T696,U99
T697,U125
T698,U56
T699,U133
T700,U78
T701,U94
T702,U18
T703,U152
T704,U176
T705,U178
T706,U122
T707,U133
T708,U112
T709,U93
T710,U46
T711,U184
T712,U37
T713,U129
T714,U101
T715,U177
T716,U71
T717,U22
T718,U82
T719,U166
T720,U79
T721,U24
T722,U133
T723,U124
T724,U37
T725,U39
T726,U143
T727,U24
T728,U157
T729,U136
T730,U4
T731,U3
T732,U22
T733,U68
T734,U114
T735,U33
T736,U37
T737,U189
T738,U53
T739,U79
T740,U162
T741,U123
T742,U38
T743,U169
T744,U122
T745,U43
T746,U13
T747,U54
T748,U74
T749,U27
T750,U102
T751,U44
T752,U185
T753,U148
T754,U68
T755,U197
T756,U177
T757,U175
T758,U156
T759,U5
T760,U193
T761,U56
T762,U90
T763,U65
T764,U44
T765,U81
T766,U45
T767,U32
T768,U38
T769,U145
T770,U2
T771,U23
T772,U157
T773,U132
T774,U70
T775,U49
T776,U182
T777,U53
T778,U17
T779,U57
T780,U174
T781,U41
T782,U170
T783,U11
T784,U50
T785,U7
T786,U132
T787,U195
T788,U26
T789,U108
T790,U191
T791,U89
T792,U26
T793,U3
T794,U115
T795,U65
T796,U1
T797,U71
T798,U69
T799,U184
T800,U136
T801,U70
T802,U30
T803,U188
T804,U196
T805,U96
T806,U152
T807,U98
T808,U23
T809,U195
T810,U189
T811,U107
T812,U47
T813,U9
T814,U96
T815,U96
T816,U3
T817,U63
T818,U167
T819,U83
T820,U190
T821,U148
T822,U129
T823,U107
T824,U198
T825,U17
T826,U118
T827,U150
T828,U85
T829,U95
T830,U121
T831,U200
T832,U167
T833,U79
T834,U154
T835,U198
T836,U162
T837,U97
T838,U24
T839,U3
T840,U77
T841,U105
T842,U119
T843,U144
T844,U156
T845,U40
T846,U102
T847,U157
T848,U68
T849,U46
T850,U114
T851,U16
T852,U48
T853,U112
T854,U128
T855,U61
T856,U6
T857,U200
T858,U143
T859,U7
T860,U74
T861,U76
T862,U56
T863,U42
T864,U145
T865,U103
T866,U174
T867,U160
T868,U183
T869,U76
T870,U185
T871,U180
T872,U25
T873,U85
T874,U116
T875,U173
T876,U146
T877,U189
T878,U49
T879,U155
T880,U157
T881,U62
T882,U165
T883,U121
T884,U8
T885,U31
T886,U122
T887,U179
T888,U22
T889,U95
T890,U15
T891,U161
T892,U102
T893,U18
T894,U171
T895,U128
T896,U146
T897,U105
T898,U188
T899,U119
T900,U32
T901,U1
T902,U121
T903,U8
T904,U23
T905,U173
T906,U180
T907,U53
T908,U95
T909,U53
T910,U173
T911,U180
T912,U7
T913,U197
T914,U176
T915,U161
T916,U47
T917,U190
T918,U39
T919,U193
T920,U165
T921,U132
T922,U4
T923,U34
T924,U71
T925,U137
T926,U140
T927,U25
T928,U170
T929,U23
T930,U61
T931,U157
T932,U180
T933,U121
T934,U143
T935,U158
T936,U54
T937,U37
T938,U25
T939,U116
T940,U93
T941,U21
T942,U70
T943,U172
T944,U94
T945,U129
T946,U38
T947,U104
T948,U22
T949,U86
T950,U193
T951,U103
T952,U46
T953,U66
T954,U6
T955,U79
T956,U189
T957,U1
T958,U26
T959,U78
T960,U166
T961,U113
T962,U126
T963,U22
T964,U22
T965,U22
T966,U138
T967,U46
T968,U66
T969,U197
T970,U7
T971,U199
T972,U20
T973,U151
T974,U27
T975,U111
T976,U152
T977,U43
T978,U116
T979,U30
T980,U101
T981,U123
T982,U94
T983,U43
T984,U71
T985,U141
T986,U64
T987,U25
T988,U177
T989,U108
T990,U127
T991,U182
T992,U67
T993,U127
T994,U70
T995,U164
T996,U178
T997,U101
T998,U120
T999,U13
T1000,U2
T1001,U23
T1002,U157
T1003,U111
T1004,U63
T1005,U25
T1006,U200
T1007,U171
T1008,U147
T1009,U18
T1010,U123
T1011,U133
T1012,U106
T1013,U123
T1014,U63
T1015,U141
T1016,U146
T1017,U123
T1018,U98
T1019,U19
T1020,U126
T1021,U92
T1022,U99
T1023,U15
T1024,U115
T1025,U97
T1026,U71
T1027,U109
T1028,U89
T1029,U65
T1030,U117
T1031,U23
T1032,U89
T1033,U12
T1034,U92
T1035,U39
T1036,U127
T1037,U120
T1038,U189
T1039,U118
T1040,U127
T1041,U194
T1042,U87
T1043,U169
T1044,U53
T1045,U15
T1046,U188
T1047,U39
T1048,U139
T1049,U92
T1050,U85
T1051,U48
T1052,U183
T1053,U73
T1054,U57
T1055,U39
T1056,U113
T1057,U108
T1058,U194
T1059,U143
T1060,U79
T1061,U92
T1062,U161
T1063,U4
T1064,U49
T1065,U153
T1066,U71
T1067,U50
T1068,U126
T1069,U87
T1070,U160
T1071,U49
T1072,U188
T1073,U33
T1074,U83
T1075,U93
T1076,U122
T1077,U101
T1078,U136
T1079,U34
T1080,U64
T1081,U105
T1082,U51
T1083,U193
T1084,U44
T1085,U101
T1086,U69
T1087,U193
T1088,U161
T1089,U36
T1090,U106
T1091,U6
T1092,U135
T1093,U166
T1094,U157
T1095,U179
T1096,U71
T1097,U114
T1098,U40
T1099,U131
T1100,U125
T1101,U200
T1102,U185
T1103,U31
T1104,U199
T1105,U110
T1106,U156
T1107,U84
T1108,U136
T1109,U168
T1110,U90
T1111,U118
T1112,U2
T1113,U63
T1114,U100
T1115,U24
T1116,U6
T1117,U144
T1118,U145
T1119,U84
T1120,U26
T1121,U71
T1122,U107
T1123,U75
T1124,U191
T1125,U168
T1126,U19
T1127,U32
T1128,U54
T1129,U63
T1130,U166
T1131,U160
T1132,U23
T1133,U182
T1134,U160
T1135,U167
T1136,U177
T1137,U141
T1138,U144
T1139,U198
T1140,U12
T1141,U69
T1142,U186
T1143,U76
T1144,U41
T1145,U75
T1146,U94
T1147,U119
T1148,U111
T1149,U4
T1150,U184
T1151,U98
T1152,U139
T1153,U90
T1154,U42
T1155,U2
T1156,U3
T1157,U173
T1158,U41
T1159,U27
T1160,U136
T1161,U192
T1162,U176
T1163,U148
T1164,U191
T1165,U31
T1166,U71
T1167,U144
T1168,U112
T1169,U150
T1170,U86
T1171,U121
T1172,U125
T1173,U13
T1174,U106
T1175,U121
T1176,U33
T1177,U67
T1178,U6
T1179,U165
T1180,U138
T1181,U80
T1182,U178
T1183,U126
T1184,U40
T1185,U156
T1186,U42
T1187,U186
T1188,U164
T1189,U188
T1190,U124
T1191,U84
T1192,U60
T1193,U45
T1194,U60
T1195,U161
T1196,U19
T1197,U196
T1198,U165
T1199,U77
T1200,U47
T1201,U55
T1202,U14
T1203,U48
T1204,U50
T1205,U116
T1206,U61
T1207,U150
T1208,U136
T1209,U36
T1210,U192
T1211,U77
T1212,U71
T1213,U188
T1214,U118
T1215,U197
T1216,U65
T1217,U178
T1218,U59
T1219,U171
T1220,U10
T1221,U79
T1222,U195
T1223,U183
T1224,U110
T1225,U79
T1226,U153
T1227,U144
T1228,U118
T1229,U84
T1230,U61
T1231,U88
T1232,U58
T1233,U145
T1234,U155
T1235,U187
T1236,U42
T1237,U74
T1238,U86
T1239,U85
T1240,U125
T1241,U165
T1242,U85
T1243,U43
T1244,U44
T1245,U118
T1246,U141
T1247,U161
T1248,U162
T1249,U167
T1250,U173
T1251,U72
T1252,U21
T1253,U1
T1254,U60
T1255,U191
T1256,U116
T1257,U165
T1258,U42
T1259,U135
T1260,U140
T1261,U179
T1262,U83
T1263,U81
T1264,U140
T1265,U18
T1266,U120
T1267,U64
T1268,U68
T1269,U58
T1270,U181
T1271,U149
T1272,U91
T1273,U32
T1274,U22
T1275,U195
T1276,U131
T1277,U165
T1278,U190
T1279,U119
T1280,U172
T1281,U33
T1282,U170
T1283,U24
T1284,U8
T1285,U109
T1286,U165
T1287,U10
T1288,U89
T1289,U36
T1290,U49
T1291,U47
T1292,U101
T1293,U28
T1294,U79
T1295,U152
T1296,U120
T1297,U138
T1298,U138
T1299,U77
T1300,U177
T1301,U92
T1302,U11
T1303,U168
T1304,U83
T1305,U126
T1306,U133
T1307,U138
T1308,U75
T1309,U113
T1310,U47
T1311,U168
T1312,U88
T1313,U24
T1314,U54
T1315,U166
T1316,U102
T1317,U39
T1318,U176
T1319,U181
T1320,U108
T1321,U167
T1322,U43
T1323,U154
T1324,U86
T1325,U48
T1326,U198
T1327,U93
T1328,U91
T1329,U169
T1330,U83
T1331,U180
T1332,U14
T1333,U60
T1334,U66
T1335,U108
T1336,U120
T1337,U150
T1338,U184
T1339,U127
T1340,U14
T1341,U88
T1342,U152
T1343,U115
T1344,U118
T1345,U124
T1346,U22
T1347,U62
T1348,U30
T1349,U165
T1350,U12
T1351,U127
T1352,U73
T1353,U67
T1354,U98
T1355,U113
T1356,U147
T1357,U91
T1358,U146
T1359,U157
T1360,U189
T1361,U99
T1362,U119
T1363,U185
T1364,U48
T1365,U20
T1366,U121
T1367,U126
T1368,U129
T1369,U51
T1370,U142
T1371,U158
T1372,U134
T1373,U98
T1374,U90
T1375,U44
T1376,U171
T1377,U65
T1378,U114
T1379,U84
T1380,U100
T1381,U160
T1382,U109
T1383,U156
T1384,U119
T1385,U51
T1386,U37
T1387,U60
T1388,U81
T1389,U66
T1390,U153
T1391,U66
T1392,U24
T1393,U134
T1394,U139
T1395,U120
T1396,U173
T1397,U179
T1398,U70
T1399,U100
T1400,U18
T1401,U141
T1402,U58
T1403,U133
T1404,U181
T1405,U188
T1406,U17
T1407,U197
T1408,U175
T1409,U124
T1410,U75
T1411,U24
T1412,U155
T1413,U84
T1414,U87
T1415,U57
T1416,U170
T1417,U128
T1418,U162
T1419,U56
T1420,U54
T1421,U62
T1422,U64
T1423,U170
T1424,U78
T1425,U46
T1426,U160
T1427,U166
T1428,U10
T1429,U157
T1430,U150
T1431,U3
T1432,U113
T1433,U44
T1434,U101
T1435,U82
T1436,U141
T1437,U114
T1438,U31
T1439,U128
T1440,U82
T1441,U65
T1442,U16
T1443,U193
T1444,U83
T1445,U102
T1446,U119
T1447,U75
T1448,U59
T1449,U95
T1450,U39
T1451,U159
T1452,U75
T1453,U158
T1454,U59
T1455,U28
T1456,U44
T1457,U194
T1458,U56
T1459,U90
T1460,U129
T1461,U183
T1462,U59
T1463,U154
T1464,U190
T1465,U168
T1466,U127
T1467,U64
T1468,U30
T1469,U65
T1470,U62
T1471,U95
T1472,U140
T1473,U2
T1474,U171
T1475,U161
T1476,U177
T1477,U3
T1478,U100
T1479,U162
T1480,U184
T1481,U52
T1482,U137
T1483,U82
T1484,U151
T1485,U71
T1486,U5
T1487,U145
T1488,U186
T1489,U68
T1490,U77
T1491,U90
T1492,U65
T1493,U40
T1494,U42
T1495,U87
T1496,U195
T1497,U26
T1498,U33
T1499,U111
T1500,U115
T1501,U29
T1502,U45
T1503,U139
T1504,U108
T1505,U38
T1506,U22
T1507,U124
T1508,U128
T1509,U81
T1510,U149
T1511,U10
T1512,U141
T1513,U30
T1514,U142
T1515,U200
T1516,U22
T1517,U28
T1518,U66
T1519,U96
T1520,U80
T1521,U167
T1522,U184
T1523,U61
T1524,U42
T1525,U98
T1526,U11
T1527,U96
T1528,U182
T1529,U20
T1530,U63
T1531,U167
T1532,U68
T1533,U20
T1534,U154
T1535,U11
T1536,U139
T1537,U71
T1538,U110
T1539,U90
T1540,U134
T1541,U146
T1542,U91
T1543,U180
T1544,U124
T1545,U165
T1546,U197
T1547,U14
T1548,U166
T1549,U6
T1550,U54
T1551,U40
T1552,U149
T1553,U66
T1554,U4
T1555,U67
T1556,U118
T1557,U159
T1558,U110
T1559,U75
T1560,U71
T1561,U173
T1562,U196
T1563,U71
T1564,U200
T1565,U2
T1566,U149
T1567,U162
T1568,U10
T1569,U136
T1570,U35
T1571,U78
T1572,U107
T1573,U168
T1574,U80
T1575,U138
T1576,U122
T1577,U84
T1578,U51
T1579,U125
T1580,U51
T1581,U154
T1582,U43
T1583,U172
T1584,U19
T1585,U15
T1586,U17
T1587,U103
T1588,U81
T1589,U128
T1590,U144
T1591,U173
T1592,U92
T1593,U184
T1594,U74
T1595,U93
T1596,U38
T1597,U2
T1598,U171
T1599,U152
T1600,U139
T1601,U73
T1602,U93
T1603,U13
T1604,U152
T1605,U23
T1606,U199
T1607,U94
T1608,U140
T1609,U197
T1610,U6
T1611,U78
T1612,U132
T1613,U77
T1614,U87
T1615,U197
T1616,U2
T1617,U162
T1618,U66
T1619,U111
T1620,U23
T1621,U95
T1622,U125
T1623,U126
T1624,U59
T1625,U3
T1626,U77
T1627,U103
T1628,U54
T1629,U35
T1630,U60
T1631,U167
T1632,U77
T1633,U200
T1634,U137
T1635,U64
T1636,U79
T1637,U54
T1638,U18
T1639,U65
T1640,U178
T1641,U158
T1642,U115
T1643,U147
T1644,U168
T1645,U57
T1646,U19
T1647,U11
T1648,U33
T1649,U8
T1650,U144
T1651,U73
T1652,U125
T1653,U118
T1654,U152
T1655,U50
T1656,U188
T1657,U185
T1658,U57
T1659,U43
T1660,U43
T1661,U10
T1662,U113
T1663,U52
T1664,U184
T1665,U134
T1666,U139
T1667,U12
T1668,U16
T1669,U200
T1670,U102
T1671,U1
T1672,U118
T1673,U160
T1674,U148
T1675,U89
T1676,U121
T1677,U62
T1678,U144
T1679,U144
T1680,U99
T1681,U181
T1682,U36
T1683,U82
T1684,U66
T1685,U152
T1686,U186
T1687,U67
T1688,U45
T1689,U97
T1690,U73
T1691,U121
T1692,U12
T1693,U100
T1694,U144
T1695,U93
T1696,U81
T1697,U178
T1698,U105
T1699,U80
T1700,U108
T1701,U28
T1702,U132
T1703,U110
T1704,U150
T1705,U119
T1706,U6
T1707,U102
T1708,U169
T1709,U42
T1710,U56
T1711,U163
T1712,U25
T1713,U196
T1714,U6
T1715,U77
T1716,U156
T1717,U137
T1718,U110
T1719,U125
T1720,U97
T1721,U143
T1722,U180
T1723,U177
T1724,U115
T1725,U82
T1726,U27
T1727,U115
T1728,U40
T1729,U13
T1730,U186
T1731,U71
T1732,U29
T1733,U48
T1734,U106
T1735,U62
T1736,U73
T1737,U177
T1738,U102
T1739,U19
T1740,U95
T1741,U121
T1742,U183
T1743,U195
T1744,U192
T1745,U20
T1746,U7
T1747,U174
T1748,U37
T1749,U150
T1750,U192
T1751,U144
T1752,U2
T1753,U133
T1754,U106
T1755,U196
T1756,U134
T1757,U57
T1758,U19
T1759,U140
T1760,U62
T1761,U160
T1762,U195
T1763,U187
T1764,U115
T1765,U162
T1766,U183
T1767,U168
T1768,U169
T1769,U106
T1770,U85
T1771,U55
T1772,U158
T1773,U196
T1774,U18
T1775,U157
T1776,U144
T1777,U82
T1778,U78
T1779,U35
T1780,U179
T1781,U92
T1782,U101
T1783,U142
T1784,U68
T1785,U27
T1786,U178
T1787,U78
T1788,U52
T1789,U40
T1790,U10
T1791,U166
T1792,U136
T1793,U49
T1794,U18
T1795,U37
T1796,U115
T1797,U130
T1798,U143
T1799,U120
T1800,U121
T1801,U174
T1802,U155
T1803,U163
T1804,U166
T1805,U20
T1806,U15
T1807,U104
T1808,U24
T1809,U13
T1810,U184
T1811,U195
T1812,U104
T1813,U133
T1814,U110
T1815,U200
T1816,U100
T1817,U18
T1818,U147
T1819,U198
T1820,U174
T1821,U142
T1822,U115
T1823,U6
T1824,U9
T1825,U140
T1826,U34
T1827,U177
T1828,U3
T1829,U149
T1830,U130
T1831,U69
T1832,U14
T1833,U30
T1834,U32
T1835,U11
T1836,U167
T1837,U177
T1838,U16
T1839,U21
T1840,U151
T1841,U73
T1842,U75
T1843,U118
T1844,U182
T1845,U172
T1846,U161
T1847,U26
T1848,U174
T1849,U187
T1850,U161
T1851,U92
T1852,U169
T1853,U69
T1854,U134
T1855,U90
T1856,U77
T1857,U73
T1858,U62
T1859,U102
T1860,U7
T1861,U81
T1862,U50
T1863,U104
T1864,U1
T1865,U15
T1866,U99
T1867,U161
T1868,U8
T1869,U200
T1870,U167
T1871,U24
T1872,U66
T1873,U146
T1874,U74
T1875,U55
T1876,U67
T1877,U22
T1878,U46
T1879,U73
T1880,U166
T1881,U19
T1882,U78
T1883,U192
T1884,U21
T1885,U75
T1886,U86
T1887,U98
T1888,U125
T1889,U129
T1890,U71
T1891,U71
T1892,U195
T1893,U152
T1894,U74
T1895,U186
T1896,U43
T1897,U122
T1898,U52
T1899,U192
T1900,U136
T1901,U184
T1902,U67
T1903,U53
T1904,U85
T1905,U155
T1906,U184
T1907,U66
T1908,U103
T1909,U186
T1910,U75
T1911,U19
T1912,U88
T1913,U200
T1914,U147
T1915,U186
T1916,U85
T1917,U190
T1918,U163
T1919,U127
T1920,U200
T1921,U196
T1922,U54
T1923,U81
T1924,U115
T1925,U172
T1926,U13
T1927,U87
T1928,U121
T1929,U158
T1930,U23
T1931,U187
T1932,U124
T1933,U106
T1934,U8
T1935,U28
T1936,U16
T1937,U12
T1938,U17
T1939,U55
T1940,U96
T1941,U14
T1942,U18
T1943,U16
T1944,U5
T1945,U80
T1946,U195
T1947,U141
T1948,U98
T1949,U170
T1950,U189
T1951,U108
T1952,U32
T1953,U147
T1954,U150
T1955,U33
T1956,U94
T1957,U20
T1958,U141
T1959,U137
T1960,U128
T1961,U35
T1962,U198
T1963,U57
T1964,U17
T1965,U34
T1966,U56
T1967,U22
T1968,U59
T1969,U137
T1970,U26
T1971,U13
T1972,U107
T1973,U90
T1974,U75
T1975,U60
T1976,U111
T1977,U62
T1978,U141
T1979,U31
T1980,U105
T1981,U96
T1982,U124
T1983,U53
T1984,U143
T1985,U88
T1986,U142
T1987,U132
T1988,U169
T1989,U118
T1990,U191
T1991,U30
T1992,U23
T1993,U52
T1994,U200
T1995,U152
T1996,U93
T1997,U77
T1998,U185
T1999,U68
T2000,U39
T2001,U169
T2002,U71
T2003,U68
T2004,U127
T2005,U36
T2006,U41
T2007,U107
T2008,U43
T2009,U38
T2010,U181
T2011,U112
T2012,U97
T2013,U35
T2014,U144
T2015,U15
T2016,U33
T2017,U122
T2018,U72
T2019,U154
T2020,U60
T2021,U14
T2022,U130
T2023,U73
T2024,U105
T2025,U14
T2026,U152
T2027,U28
T2028,U58
T2029,U15
T2030,U190
T2031,U30
T2032,U129
T2033,U5
T2034,U108
T2035,U88
T2036,U45
T2037,U111
T2038,U76
T2039,U199
T2040,U87
T2041,U173
T2042,U93
T2043,U123
T2044,U147
T2045,U182
T2046,U140
T2047,U117
T2048,U27
T2049,U62
T2050,U112
T2051,U141
T2052,U58
T2053,U30
T2054,U192
T2055,U52
T2056,U135
T2057,U188
T2058,U128
T2059,U32
T2060,U140
T2061,U90
T2062,U198
T2063,U118
T2064,U46
T2065,U163
T2066,U134
T2067,U166
T2068,U59
T2069,U98
T2070,U187
T2071,U136
T2072,U111
T2073,U92
T2074,U174
T2075,U148
T2076,U64
T2077,U174
T2078,U177
T2079,U68
T2080,U29
T2081,U12
T2082,U129
T2083,U80
T2084,U51
T2085,U52
T2086,U114
T2087,U115
T2088,U141
T2089,U32
T2090,U124
T2091,U141
T2092,U125
T2093,U67
T2094,U126
T2095,U55
T2096,U139
T2097,U143
T2098,U115
T2099,U9
T2100,U134
T2101,U173
T2102,U151
T2103,U162
T2104,U22
T2105,U152
T2106,U159
T2107,U95
T2108,U74
T2109,U121
T2110,U156
T2111,U81
T2112,U178
T2113,U194
T2114,U122
T2115,U59
T2116,U14
T2117,U197
T2118,U125
T2119,U133
T2120,U48
T2121,U96
T2122,U49
T2123,U10
T2124,U114
T2125,U68
T2126,U83
T2127,U11
T2128,U66
T2129,U39
T2130,U111
T2131,U60
T2132,U100
T2133,U30
T2134,U84
T2135,U52
T2136,U77
T2137,U155
T2138,U35
T2139,U65
T2140,U49
T2141,U85
T2142,U93
T2143,U32
T2144,U181
T2145,U20
T2146,U40
T2147,U174
T2148,U194
T2149,U27
T2150,U87
T2151,U154
T2152,U189
T2153,U31
T2154,U145
T2155,U68
T2156,U158
T2157,U35
T2158,U110
T2159,U82
T2160,U80
T2161,U128
T2162,U167
T2163,U117
T2164,U180
T2165,U117
T2166,U162
T2167,U96
T2168,U72
T2169,U72
T2170,U184
T2171,U20
T2172,U77
T2173,U131
T2174,U134
T2175,U188
T2176,U115
T2177,U115
T2178,U174
T2179,U122
T2180,U21
T2181,U161
T2182,U123
T2183,U133
T2184,U32
T2185,U30
T2186,U177
T2187,U58
T2188,U22
T2189,U56
T2190,U157
T2191,U32
T2192,U103
T2193,U172
T2194,U185
T2195,U122
T2196,U8
T2197,U94
T2198,U100
T2199,U108
T2200,U69
T2201,U44
T2202,U118
T2203,U58
T2204,U124
T2205,U34
T2206,U180
T2207,U29
T2208,U117
T2209,U152
T2210,U152
T2211,U86
T2212,U24
T2213,U13
T2214,U113
T2215,U130
T2216,U89
T2217,U192
T2218,U146
T2219,U33
T2220,U109
T2221,U20
T2222,U105
T2223,U107
T2224,U147
T2225,U9
T2226,U62
T2227,U27
T2228,U32
T2229,U84
T2230,U31
T2231,U100
T2232,U141
T2233,U174
T2234,U32
T2235,U93
T2236,U152
T2237,U161
T2238,U58
T2239,U23
T2240,U177
T2241,U136
T2242,U133
T2243,U51
T2244,U67
T2245,U146
T2246,U18
T2247,U49
T2248,U67
T2249,U6
T2250,U29
T2251,U98
T2252,U133
T2253,U79
T2254,U76
T2255,U152
T2256,U131
T2257,U168
T2258,U2
T2259,U41
T2260,U69
T2261,U160
T2262,U127
T2263,U70
T2264,U36
T2265,U48
T2266,U138
T2267,U21
T2268,U3
T2269,U167
T2270,U186
T2271,U126
T2272,U57
T2273,U54
T2274,U119
T2275,U53
T2276,U145
T2277,U119
T2278,U128
T2279,U148
T2280,U57
T2281,U186
T2282,U122
T2283,U80
T2284,U109
T2285,U147
T2286,U53
T2287,U86
T2288,U58
T2289,U73
T2290,U27
T2291,U8
T2292,U135
T2293,U80
T2294,U188
T2295,U61
T2296,U47
T2297,U161
T2298,U58
T2299,U72
T2300,U58
T2301,U27
T2302,U68
T2303,U107
T2304,U9
T2305,U176
T2306,U54
T2307,U186
T2308,U132
T2309,U115
T2310,U197
T2311,U93
T2312,U8
T2313,U42
T2314,U139
T2315,U104
T2316,U131
T2317,U117
T2318,U164
T2319,U125
T2320,U7
T2321,U186
T2322,U170
T2323,U88
T2324,U25
T2325,U164
T2326,U169
T2327,U83
T2328,U169
T2329,U156
T2330,U64
T2331,U167
T2332,U49
T2333,U84
T2334,U26
T2335,U199
T2336,U72
T2337,U26
T2338,U96
T2339,U175
T2340,U66
T2341,U26
T2342,U125
T2343,U24
T2344,U40
T2345,U23
T2346,U161
T2347,U176
T2348,U148
T2349,U178
T2350,U95
T2351,U199
T2352,U168
T2353,U35
T2354,U193
T2355,U192
T2356,U95
T2357,U123
T2358,U128
T2359,U26
T2360,U92
T2361,U75
T2362,U6
T2363,U188
T2364,U19
T2365,U188
T2366,U127
T2367,U122
T2368,U184
T2369,U30
T2370,U11
T2371,U63
T2372,U76
T2373,U3
T2374,U150
T2375,U71
T2376,U151
T2377,U169
T2378,U30
T2379,U55
T2380,U106
T2381,U197
T2382,U168
T2383,U85
T2384,U46
T2385,U67
T2386,U44
T2387,U177
T2388,U190
T2389,U131
T2390,U82
T2391,U161
T2392,U13
T2393,U125
T2394,U156
T2395,U77
T2396,U64
T2397,U119
T2398,U166
T2399,U107
T2400,U176
T2401,U56
T2402,U155
T2403,U158
T2404,U131
T2405,U170
T2406,U122
T2407,U60
T2408,U72
T2409,U102
T2410,U41
T2411,U101
T2412,U66
T2413,U192
T2414,U66
T2415,U97
T2416,U74
T2417,U34
T2418,U184
T2419,U63
T2420,U196
T2421,U100
T2422,U70
T2423,U75
T2424,U138
T2425,U150
T2426,U197
T2427,U5
T2428,U166
T2429,U6
T2430,U78
T2431,U182
T2432,U134
T2433,U90
T2434,U173
T2435,U70
T2436,U25
T2437,U46
T2438,U141
T2439,U17
T2440,U63
T2441,U5
T2442,U35
T2443,U94
T2444,U110
T2445,U195
T2446,U190
T2447,U116
T2448,U83
T2449,U5
T2450,U149
T2451,U164
T2452,U57
T2453,U93
T2454,U76
T2455,U154
T2456,U47
T2457,U7
T2458,U135
T2459,U49
T2460,U109
T2461,U71
T2462,U12
T2463,U1
T2464,U126
T2465,U107
T2466,U48
T2467,U17
T2468,U134
T2469,U127
T2470,U154
T2471,U117
T2472,U156
T2473,U112
T2474,U121
T2475,U90
T2476,U13
T2477,U200
T2478,U154
T2479,U47
T2480,U176
T2481,U97
T2482,U32
T2483,U77
T2484,U170
T2485,U104
T2486,U141
T2487,U199
T2488,U17
T2489,U77
T2490,U116
T2491,U156
T2492,U100
T2493,U34
T2494,U89
T2495,U49
T2496,U119
T2497,U101
T2498,U14
T2499,U78
T2500,U123
T2501,U73
T2502,U95
T2503,U151
T2504,U168
T2505,U51
T2506,U42
T2507,U22
T2508,U57
T2509,U38
T2510,U73
T2511,U184
T2512,U164
T2513,U148
T2514,U32
T2515,U113
T2516,U69
T2517,U169
T2518,U33
T2519,U105
T2520,U54
T2521,U78
T2522,U102
T2523,U57
T2524,U49
T2525,U98
T2526,U115
T2527,U185
T2528,U58
T2529,U59
T2530,U59
T2531,U22
T2532,U132
T2533,U68
T2534,U143
T2535,U140
T2536,U90
T2537,U45
T2538,U89
T2539,U129
T2540,U197
T2541,U22
T2542,U4
T2543,U180
T2544,U169
T2545,U69
T2546,U152
T2547,U59
T2548,U180
T2549,U163
T2550,U121
T2551,U123
T2552,U86
T2553,U96
T2554,U66
T2555,U104
T2556,U59
T2557,U19
T2558,U117
T2559,U103
T2560,U119
T2561,U189
T2562,U34
T2563,U177
T2564,U68
T2565,U62
T2566,U166
T2567,U103
T2568,U20
T2569,U45
T2570,U65
T2571,U185
T2572,U181
T2573,U114
T2574,U20
T2575,U68
T2576,U45
T2577,U138
T2578,U1
T2579,U124
T2580,U147
T2581,U162
T2582,U139
T2583,U41
T2584,U71
T2585,U170
T2586,U46
T2587,U133
T2588,U168
T2589,U6
T2590,U49
T2591,U9
T2592,U94
T2593,U76
T2594,U80
T2595,U114
T2596,U87
T2597,U94
T2598,U100
T2599,U96
T2600,U62
T2601,U15
T2602,U77
T2603,U157
T2604,U166
T2605,U4
T2606,U157
T2607,U177
T2608,U4
T2609,U52
T2610,U39
T2611,U107
T2612,U34
T2613,U122
T2614,U29
T2615,U46
T2616,U115
T2617,U115
T2618,U13
T2619,U77
T2620,U104
T2621,U63
T2622,U159
T2623,U24
T2624,U27
T2625,U179
T2626,U90
T2627,U176
T2628,U147
T2629,U40
T2630,U179
T2631,U188
T2632,U83
T2633,U11
T2634,U164
T2635,U163
T2636,U182
T2637,U60
T2638,U124
T2639,U183
T2640,U12
T2641,U197
T2642,U156
T2643,U75
T2644,U34
T2645,U59
T2646,U132
T2647,U50
T2648,U157
T2649,U150
T2650,U28
T2651,U185
T2652,U15
T2653,U134
T2654,U134
T2655,U111
T2656,U14
T2657,U102
T2658,U112
T2659,U94
T2660,U175
T2661,U45
T2662,U71
T2663,U23
T2664,U32
T2665,U82
T2666,U9
T2667,U116
T2668,U118
T2669,U151
T2670,U38
T2671,U42
T2672,U38
T2673,U73
T2674,U130
T2675,U187
T2676,U141
T2677,U56
T2678,U43
T2679,U77
T2680,U189
T2681,U58
T2682,U196
T2683,U155
T2684,U61
T2685,U103
T2686,U165
T2687,U51
T2688,U29
T2689,U51
T2690,U112
T2691,U20
T2692,U72
T2693,U54
T2694,U172
T2695,U106
T2696,U138
T2697,U170
T2698,U147
T2699,U195
T2700,U131
T2701,U30
T2702,U141
T2703,U116
T2704,U113
T2705,U145
T2706,U25
T2707,U1
T2708,U178
T2709,U132
T2710,U153
T2711,U197
T2712,U42
T2713,U80
T2714,U68
T2715,U196
T2716,U63
T2717,U114
T2718,U172
T2719,U36
T2720,U174
T2721,U60
T2722,U71
T2723,U129
T2724,U192
T2725,U181
T2726,U55
T2727,U141
T2728,U82
T2729,U141
T2730,U15
T2731,U77
T2732,U90
T2733,U75
T2734,U168
T2735,U82
T2736,U187
T2737,U126
T2738,U21
T2739,U182
T2740,U11
T2741,U185
T2742,U63
T2743,U59
T2744,U62
T2745,U176
T2746,U129
T2747,U114
T2748,U40
T2749,U18
T2750,U34
T2751,U23
T2752,U191
T2753,U181
T2754,U40
T2755,U179
T2756,U145
T2757,U170
T2758,U172
T2759,U134
T2760,U127
T2761,U115
T2762,U5
T2763,U48
T2764,U132
T2765,U33
T2766,U107
T2767,U124
T2768,U150
T2769,U135
T2770,U103
T2771,U66
T2772,U199
T2773,U66
T2774,U86
T2775,U189
T2776,U55
T2777,U18
T2778,U11
T2779,U81
T2780,U49
T2781,U67
T2782,U32
T2783,U144
T2784,U118
T2785,U11
T2786,U13
T2787,U38
T2788,U78
T2789,U39
T2790,U60
T2791,U84
T2792,U27
T2793,U183
T2794,U12
T2795,U140
T2796,U134
T2797,U16
T2798,U147
T2799,U162
T2800,U53
T2801,U37
T2802,U2
T2803,U186
T2804,U174
T2805,U134
T2806,U83
T2807,U167
T2808,U121
T2809,U157
T2810,U80
T2811,U191
T2812,U165
T2813,U123
T2814,U78
T2815,U144
T2816,U26
T2817,U2
T2818,U144
T2819,U79
T2820,U52
T2821,U28
T2822,U181
T2823,U69
T2824,U13
T2825,U124
T2826,U173
T2827,U118
T2828,U101
T2829,U117
T2830,U127
T2831,U24
T2832,U116
T2833,U123
T2834,U136
T2835,U88
T2836,U132
T2837,U61
T2838,U70
T2839,U32
T2840,U178
T2841,U177
T2842,U92
T2843,U39
T2844,U136
T2845,U173
T2846,U22
T2847,U138
T2848,U188
T2849,U3
T2850,U111
T2851,U146
T2852,U29
T2853,U84
T2854,U192
T2855,U190
T2856,U99
T2857,U92
T2858,U28
T2859,U15
T2860,U10
T2861,U131
T2862,U167
T2863,U130
T2864,U135
T2865,U116
T2866,U90
T2867,U131
T2868,U104
T2869,U54
T2870,U112
T2871,U189
T2872,U104
T2873,U74
T2874,U170
T2875,U155
T2876,U99
T2877,U61
T2878,U146
T2879,U194
T2880,U86
T2881,U64
T2882,U170
T2883,U167
T2884,U164
T2885,U142
T2886,U35
T2887,U185
T2888,U149
T2889,U10
T2890,U83
T2891,U108
T2892,U93
T2893,U62
T2894,U13
T2895,U89
T2896,U40
T2897,U154
T2898,U136
T2899,U190
T2900,U24
T2901,U43
T2902,U181
T2903,U180
T2904,U122
T2905,U107
T2906,U137
T2907,U80
T2908,U143
T2909,U147
T2910,U64
T2911,U170
T2912,U134
T2913,U45
T2914,U187
T2915,U184
T2916,U97
T2917,U186
T2918,U31
T2919,U125
T2920,U170
T2921,U59
T2922,U92
T2923,U76
T2924,U65
T2925,U41
T2926,U52
T2927,U139
T2928,U79
T2929,U71
T2930,U7
T2931,U187
T2932,U121
T2933,U95
T2934,U80
T2935,U62
T2936,U70
T2937,U146
T2938,U46
T2939,U106
T2940,U156
T2941,U71
T2942,U37
T2943,U18
T2944,U32
T2945,U76
T2946,U88
T2947,U12
T2948,U190
T2949,U73
T2950,U79
T2951,U194
T2952,U70
T2953,U189
T2954,U185
T2955,U93
T2956,U188
T2957,U160
T2958,U61
T2959,U129
T2960,U168
T2961,U125
T2962,U170
T2963,U149
T2964,U162
T2965,U124
T2966,U36
T2967,U128
T2968,U109
T2969,U155
T2970,U124
T2971,U140
T2972,U180
T2973,U21
T2974,U25
T2975,U89
T2976,U165
T2977,U90
T2978,U61
T2979,U81
T2980,U94
T2981,U58
T2982,U153
T2983,U180
T2984,U83
T2985,U125
T2986,U67
T2987,U160
T2988,U146
T2989,U179
T2990,U12
T2991,U137
T2992,U151
T2993,U15
T2994,U33
T2995,U187
T2996,U17
T2997,U39
T2998,U62
T2999,U39
T3000,U41
T3001,U123
T3002,U120
T3003,U174
T3004,U67
T3005,U26
T3006,U150
T3007,U115
T3008,U178
T3009,U13
T3010,U157
T3011,U126
T3012,U109
T3013,U169
T3014,U96
T3015,U46
T3016,U144
T3017,U98
T3018,U137
T3019,U62
T3020,U56
T3021,U70
T3022,U4
T3023,U172
T3024,U88
T3025,U118
T3026,U56
T3027,U140
T3028,U76
T3029,U58
T3030,U149
T3031,U149
T3032,U126
T3033,U146
T3034,U45
T3035,U179
T3036,U142
T3037,U47
T3038,U112
T3039,U68
T3040,U73
T3041,U105
T3042,U131
T3043,U66
T3044,U75
T3045,U39
T3046,U196
T3047,U61
T3048,U85
T3049,U134
T3050,U170
T3051,U180
T3052,U82
T3053,U57
T3054,U66
T3055,U89
T3056,U119
T3057,U52
T3058,U152
T3059,U32
T3060,U149
T3061,U191
T3062,U92
T3063,U115
T3064,U100
T3065,U49
T3066,U92
T3067,U167
T3068,U115
T3069,U103
T3070,U143
T3071,U160
T3072,U61
T3073,U52
T3074,U125
T3075,U114
T3076,U79
T3077,U29
T3078,U20
T3079,U117
T3080,U47
T3081,U165
T3082,U184
T3083,U22
T3084,U26
T3085,U102
T3086,U59
T3087,U31
T3088,U21
T3089,U167
T3090,U145
T3091,U189
T3092,U37
T3093,U198
T3094,U147
T3095,U55
T3096,U57
T3097,U169
T3098,U90
T3099,U97
T3100,U142
T3101,U136
T3102,U105
T3103,U19
T3104,U28
T3105,U33
T3106,U169
T3107,U143
T3108,U134
T3109,U182
T3110,U49
T3111,U24
T3112,U134
T3113,U124
T3114,U69
T3115,U102
T3116,U189
T3117,U191
T3118,U113
T3119,U122
T3120,U184
T3121,U45
T3122,U120
T3123,U145
T3124,U82
T3125,U150
T3126,U96
T3127,U197
T3128,U40
T3129,U148
T3130,U54
T3131,U8
T3132,U81
T3133,U78
T3134,U118
T3135,U173
T3136,U145
T3137,U13
T3138,U120
T3139,U64
T3140,U185
T3141,U55
T3142,U31
T3143,U183
T3144,U181
T3145,U152
T3146,U25
T3147,U179
T3148,U8
T3149,U40
T3150,U151
T3151,U112
T3152,U27
T3153,U192
T3154,U181
T3155,U124
T3156,U130
T3157,U102
T3158,U165
T3159,U17
T3160,U46
T3161,U162
T3162,U68
T3163,U1
T3164,U70
T3165,U14
T3166,U163
T3167,U81
T3168,U161
T3169,U156
T3170,U7
T3171,U75
T3172,U196
T3173,U163
T3174,U77
T3175,U39
T3176,U84
T3177,U21
T3178,U68
T3179,U67
T3180,U74
T3181,U188
T3182,U89
T3183,U175
T3184,U6
T3185,U89
T3186,U110
T3187,U48
T3188,U147
T3189,U15
T3190,U60
T3191,U46
T3192,U157
T3193,U115
T3194,U32
T3195,U75
T3196,U171
T3197,U1
T3198,U179
T3199,U43
T3200,U89
T3201,U93
T3202,U97
T3203,U12
T3204,U143
T3205,U74
T3206,U156
T3207,U9
T3208,U163
T3209,U110
T3210,U83
T3211,U19
T3212,U142
T3213,U20
T3214,U144
T3215,U172
T3216,U191
T3217,U119
T3218,U39
T3219,U87
T3220,U33
T3221,U112
T3222,U12
T3223,U35
T3224,U138
T3225,U156
T3226,U200
T3227,U23
T3228,U63
T3229,U92
T3230,U182
T3231,U96
T3232,U181
T3233,U79
T3234,U45
T3235,U163
T3236,U41
T3237,U127
T3238,U190
T3239,U59
T3240,U186
T3241,U157
T3242,U16
T3243,U151
T3244,U10
T3245,U16
T3246,U90
T3247,U157
T3248,U66
T3249,U169
T3250,U56
T3251,U12
T3252,U69
T3253,U139
T3254,U118
T3255,U28
T3256,U62
T3257,U44
T3258,U152
T3259,U130
T3260,U147
T3261,U37
T3262,U111
T3263,U55
T3264,U157
T3265,U91
T3266,U37
T3267,U138
T3268,U144
T3269,U160
T3270,U91
T3271,U80
T3272,U88
T3273,U157
T3274,U154
T3275,U70
T3276,U177
T3277,U85
T3278,U150
T3279,U149
T3280,U39
T3281,U169
T3282,U4
T3283,U51
T3284,U49
T3285,U188
T3286,U70
T3287,U142
T3288,U76
T3289,U101
T3290,U11
T3291,U88
T3292,U49
T3293,U118
T3294,U12
T3295,U97
T3296,U186
T3297,U38
T3298,U177
T3299,U176
T3300,U140
T3301,U163
T3302,U131
T3303,U104
T3304,U134
T3305,U130
T3306,U157
T3307,U118
T3308,U185
T3309,U160
T3310,U21
T3311,U171
T3312,U34
T3313,U123
T3314,U194
T3315,U78
T3316,U91
T3317,U107
T3318,U71
T3319,U143
T3320,U114
T3321,U127
T3322,U152
T3323,U129
T3324,U174
T3325,U16
T3326,U6
T3327,U175
T3328,U116
T3329,U135
T3330,U192
T3331,U17
T3332,U10
T3333,U69
T3334,U3
T3335,U179
T3336,U175
T3337,U87
T3338,U159
T3339,U169
T3340,U56
T3341,U34
T3342,U44
T3343,U191
T3344,U170
T3345,U183
T3346,U78
T3347,U176
T3348,U64
T3349,U54
T3350,U142
T3351,U2
T3352,U88
T3353,U200
T3354,U135
T3355,U28
T3356,U28
T3357,U10
T3358,U200
T3359,U104
T3360,U104
T3361,U188
T3362,U117
T3363,U27
T3364,U75
T3365,U122
T3366,U80
T3367,U63
T3368,U146
T3369,U34
T3370,U78
T3371,U185
T3372,U167
T3373,U161
T3374,U103
T3375,U61
T3376,U174
T3377,U32
T3378,U78
T3379,U114
T3380,U10
T3381,U57
T3382,U193
T3383,U185
T3384,U149
T3385,U13
T3386,U4
T3387,U129
T3388,U14
T3389,U160
T3390,U147
T3391,U5
T3392,U198
T3393,U81
T3394,U62
T3395,U147
T3396,U129
T3397,U7
T3398,U28
T3399,U102
T3400,U78
T3401,U65
T3402,U165
T3403,U45
T3404,U129
T3405,U62
T3406,U101
T3407,U129
T3408,U120
T3409,U191
T3410,U200
T3411,U48
T3412,U11
T3413,U198
T3414,U29
T3415,U83
T3416,U27
T3417,U185
T3418,U4
T3419,U115
T3420,U16
T3421,U65
T3422,U65
T3423,U24
T3424,U66
T3425,U9
T3426,U27
T3427,U200
T3428,U148
T3429,U148
T3430,U167
T3431,U96
T3432,U29
T3433,U58
T3434,U185
T3435,U158
T3436,U184
T3437,U128
T3438,U38
T3439,U162
T3440,U51
T3441,U38
T3442,U158
T3443,U87
T3444,U186
T3445,U8
T3446,U136
T3447,U30
T3448,U60
T3449,U121
T3450,U154
T3451,U21
T3452,U22
T3453,U120
T3454,U70
T3455,U184
T3456,U78
T3457,U199
T3458,U109
T3459,U102
T3460,U37
T3461,U56
T3462,U127
T3463,U157
T3464,U164
T3465,U36
T3466,U199
T3467,U147
T3468,U158
T3469,U89
T3470,U152
T3471,U40
T3472,U149
T3473,U32
T3474,U153
T3475,U199
T3476,U110
T3477,U177
T3478,U118
T3479,U138
T3480,U109
T3481,U112
T3482,U65
T3483,U28
T3484,U148
T3485,U189
T3486,U146
T3487,U16
T3488,U123
T3489,U17
T3490,U176
T3491,U100
T3492,U192
T3493,U75
T3494,U180
T3495,U187
T3496,U53
T3497,U48
T3498,U196
T3499,U7
T3500,U40
T3501,U58
T3502,U36
T3503,U56
T3504,U11
T3505,U26
T3506,U15
T3507,U151
T3508,U70
T3509,U48
T3510,U35
T3511,U158
T3512,U90
T3513,U93
T3514,U67
T3515,U195
T3516,U48
T3517,U12
T3518,U193
T3519,U130
T3520,U59
T3521,U134
T3522,U73
T3523,U67
T3524,U64
T3525,U109
T3526,U51
T3527,U150
T3528,U189
T3529,U176
T3530,U34
T3531,U103
T3532,U12
T3533,U180
T3534,U35
T3535,U3
T3536,U92
T3537,U70
T3538,U66
T3539,U162
T3540,U40
T3541,U135
T3542,U159
T3543,U40
T3544,U135
T3545,U91
T3546,U100
T3547,U29
T3548,U58
T3549,U151
T3550,U155
T3551,U60
T3552,U63
T3553,U66
T3554,U66
T3555,U181
T3556,U69
T3557,U144
T3558,U146
T3559,U178
T3560,U100
T3561,U27
T3562,U9
T3563,U123
T3564,U9
T3565,U172
T3566,U150
T3567,U84
T3568,U4
T3569,U138
T3570,U63
T3571,U154
T3572,U93
T3573,U134
T3574,U140
T3575,U140
T3576,U166
T3577,U163
T3578,U154
T3579,U116
T3580,U82
T3581,U98
T3582,U98
T3583,U124
T3584,U79
T3585,U192
T3586,U15
T3587,U167
T3588,U140
T3589,U129
T3590,U117
T3591,U92
T3592,U84
T3593,U161
T3594,U53
T3595,U110
T3596,U54
T3597,U121
T3598,U39
T3599,U104
T3600,U119
T3601,U3
T3602,U2
T3603,U163
T3604,U173
T3605,U63
T3606,U80
T3607,U47
T3608,U9
T3609,U14
T3610,U133
T3611,U89
T3612,U152
T3613,U157
T3614,U163
T3615,U136
T3616,U199
T3617,U170
T3618,U48
T3619,U52
T3620,U90
T3621,U162
T3622,U67
T3623,U39
T3624,U48
T3625,U133
T3626,U193
T3627,U9
T3628,U123
T3629,U34
T3630,U75
T3631,U60
T3632,U157
T3633,U100
T3634,U52
T3635,U84
T3636,U77
T3637,U38
T3638,U23
T3639,U63
T3640,U32
T3641,U34
T3642,U136
T3643,U190
T3644,U96
T3645,U109
T3646,U138
T3647,U23
T3648,U81
T3649,U164
T3650,U20
T3651,U194
T3652,U197
T3653,U81
T3654,U77
T3655,U190
T3656,U78
T3657,U88
T3658,U32
T3659,U138
T3660,U159
T3661,U108
T3662,U139
T3663,U58
T3664,U23
T3665,U151
T3666,U129
T3667,U80
T3668,U107
T3669,U129
T3670,U78
T3671,U139
T3672,U166
T3673,U150
T3674,U147
T3675,U195
T3676,U163
T3677,U155
T3678,U198
T3679,U24
T3680,U120
T3681,U87
T3682,U87
T3683,U110
T3684,U125
T3685,U185
T3686,U162
T3687,U44
T3688,U61
T3689,U143
T3690,U181
T3691,U185
T3692,U23
T3693,U187
T3694,U165
T3695,U117
T3696,U49
T3697,U64
T3698,U94
T3699,U31
T3700,U123
T3701,U1
T3702,U80
T3703,U130
T3704,U106
T3705,U115
T3706,U41
T3707,U11
T3708,U192
T3709,U129
T3710,U177
T3711,U55
T3712,U76
T3713,U52
T3714,U20
T3715,U52
T3716,U23
T3717,U31
T3718,U161
T3719,U123
T3720,U174
T3721,U138
T3722,U10
T3723,U41
T3724,U61
T3725,U116
T3726,U43
T3727,U24
T3728,U145
T3729,U57
T3730,U133
T3731,U172
T3732,U101
T3733,U134
T3734,U79
T3735,U74
T3736,U190
T3737,U109
T3738,U26
T3739,U162
T3740,U23
T3741,U66
T3742,U84
T3743,U186
T3744,U199
T3745,U125
T3746,U66
T3747,U118
T3748,U154
T3749,U27
T3750,U181
T3751,U31
T3752,U187
T3753,U98
T3754,U160
T3755,U72
T3756,U7
T3757,U151
T3758,U13
T3759,U153
T3760,U141
T3761,U39
T3762,U13
T3763,U15
T3764,U120
T3765,U193
T3766,U16
T3767,U151
T3768,U4
T3769,U65
T3770,U9
T3771,U98
T3772,U162
T3773,U90
T3774,U3
T3775,U198
T3776,U134
T3777,U71
T3778,U182
T3779,U18
T3780,U118
T3781,U62
T3782,U32
T3783,U196
T3784,U130
T3785,U172
T3786,U135
T3787,U92
T3788,U116
T3789,U62
T3790,U153
T3791,U98
T3792,U56
T3793,U135
T3794,U198
T3795,U131
T3796,U174
T3797,U61
T3798,U85
T3799,U148
T3800,U175
T3801,U112
T3802,U13
T3803,U198
T3804,U115
T3805,U51
T3806,U171
T3807,U128
T3808,U128
T3809,U91
T3810,U160
T3811,U161
T3812,U50
T3813,U3
T3814,U98
T3815,U110
T3816,U55
T3817,U157
T3818,U90
T3819,U103
T3820,U31
T3821,U96
T3822,U118
T3823,U139
T3824,U169
T3825,U3
T3826,U187
T3827,U94
T3828,U189
T3829,U180
T3830,U3
T3831,U24
T3832,U9
T3833,U68
T3834,U15
T3835,U92
T3836,U64
T3837,U137
T3838,U76
T3839,U68
T3840,U162
T3841,U15
T3842,U91
T3843,U92
T3844,U195
T3845,U74
T3846,U177
T3847,U53
T3848,U31
T3849,U20
T3850,U118
T3851,U67
T3852,U102
T3853,U150
T3854,U95
T3855,U141
T3856,U15
T3857,U162
T3858,U114
T3859,U60
T3860,U71
T3861,U200
T3862,U9
T3863,U61
T3864,U185
T3865,U112
T3866,U2
T3867,U69
T3868,U18
T3869,U196
T3870,U44
T3871,U16
T3872,U171
T3873,U57
T3874,U119
T3875,U143
T3876,U103
T3877,U49
T3878,U60
T3879,U157
T3880,U67
T3881,U55
T3882,U58
T3883,U3
T3884,U9
T3885,U169
T3886,U5
T3887,U73
T3888,U110
T3889,U145
T3890,U79
T3891,U2
T3892,U91
T3893,U196
T3894,U70
T3895,U79
T3896,U140
T3897,U155
T3898,U35
T3899,U52
T3900,U5
T3901,U24
T3902,U197
T3903,U9
T3904,U91
T3905,U100
T3906,U58
T3907,U70
T3908,U7
T3909,U87
T3910,U191
T3911,U84
T3912,U189
T3913,U119
T3914,U171
T3915,U124
T3916,U76
T3917,U25
T3918,U176
T3919,U46
T3920,U29
T3921,U91
T3922,U76
T3923,U70
T3924,U24
T3925,U185
T3926,U163
T3927,U187
T3928,U167
T3929,U118
T3930,U33
T3931,U75
T3932,U116
T3933,U60
T3934,U156
T3935,U147
T3936,U196
T3937,U74
T3938,U121
T3939,U181
T3940,U75
T3941,U80
T3942,U144
T3943,U58
T3944,U8
T3945,U7
T3946,U186
T3947,U96
T3948,U79
T3949,U51
T3950,U66
T3951,U108
T3952,U13
T3953,U6
T3954,U133
T3955,U178
T3956,U190
T3957,U49
T3958,U8
T3959,U45
T3960,U16
T3961,U15
T3962,U116
T3963,U134
T3964,U32
T3965,U146
T3966,U122
T3967,U14
T3968,U147
T3969,U99
T3970,U45
T3971,U30
T3972,U98
T3973,U11
T3974,U9
T3975,U134
T3976,U181
T3977,U116
T3978,U199
T3979,U85
T3980,U145
T3981,U66
T3982,U24
T3983,U136
T3984,U144
T3985,U183
T3986,U138
T3987,U128
T3988,U3
T3989,U143
T3990,U53
T3991,U103
T3992,U68
T3993,U200
T3994,U133
T3995,U91
T3996,U144
T3997,U2
T3998,U112
T3999,U74
T4000,U154
T4001,U171
T4002,U170
T4003,U119
T4004,U171
T4005,U55
T4006,U129
T4007,U98
T4008,U89
T4009,U185
T4010,U38
T4011,U89
T4012,U149
T4013,U170
T4014,U185
T4015,U119
T4016,U174
T4017,U20
T4018,U15
T4019,U109
T4020,U172
T4021,U24
T4022,U70
T4023,U77
T4024,U137
T4025,U174
T4026,U183
T4027,U182
T4028,U173
T4029,U106
T4030,U124
T4031,U20
T4032,U162
T4033,U98
T4034,U164
T4035,U147
T4036,U69
T4037,U51
T4038,U142
T4039,U64
T4040,U171
T4041,U41
T4042,U22
T4043,U175
T4044,U169
T4045,U190
T4046,U145
T4047,U197
T4048,U57
T4049,U95
T4050,U167
T4051,U76
T4052,U39
T4053,U108
T4054,U169
T4055,U86
T4056,U1
T4057,U190
T4058,U124
T4059,U95
T4060,U55
T4061,U34
T4062,U78
T4063,U80
T4064,U140
T4065,U78
T4066,U107
T4067,U99
T4068,U116
T4069,U166
T4070,U116
T4071,U66
T4072,U192
T4073,U113
T4074,U38
T4075,U146
T4076,U59
T4077,U42
T4078,U11
T4079,U56
T4080,U104
T4081,U57
T4082,U90
T4083,U25
T4084,U24
T4085,U169
T4086,U27
T4087,U128
T4088,U24
T4089,U44
T4090,U158
T4091,U7
T4092,U184
T4093,U3
T4094,U185
T4095,U45
T4096,U198
T4097,U116
T4098,U157
T4099,U69
T4100,U38
T4101,U163
T4102,U147
T4103,U134
T4104,U100
T4105,U189
T4106,U67
T4107,U1
T4108,U151
T4109,U127
T4110,U111
T4111,U167
T4112,U199
T4113,U171
T4114,U197
T4115,U85
T4116,U41
T4117,U167
T4118,U38
T4119,U31
T4120,U193
T4121,U137
T4122,U111
T4123,U169
T4124,U192
T4125,U164
T4126,U54
T4127,U123
T4128,U163
T4129,U145
T4130,U19
T4131,U20
T4132,U3
T4133,U84
T4134,U61
T4135,U39
T4136,U70
T4137,U59
T4138,U193
T4139,U176
T4140,U64
T4141,U51
T4142,U64
T4143,U154
T4144,U131
T4145,U94
T4146,U64
T4147,U25
T4148,U133
T4149,U69
T4150,U25
T4151,U112
T4152,U195
T4153,U164
T4154,U138
T4155,U160
T4156,U65
T4157,U175
T4158,U110
T4159,U139
T4160,U37
T4161,U76
T4162,U82
T4163,U99
T4164,U31
T4165,U21
T4166,U46
T4167,U182
T4168,U98
T4169,U63
T4170,U52
T4171,U106
T4172,U150
T4173,U75
T4174,U42
T4175,U138
T4176,U102
T4177,U11
T4178,U48
T4179,U146
T4180,U82
T4181,U118
T4182,U24
T4183,U184
T4184,U183
T4185,U137
T4186,U85
T4187,U118
T4188,U106
T4189,U90
T4190,U186
T4191,U153
T4192,U157
T4193,U104
T4194,U87
T4195,U184
T4196,U169
T4197,U137
T4198,U124
T4199,U191
T4200,U99
T4201,U52
T4202,U16
T4203,U132
T4204,U52
T4205,U101
T4206,U158
T4207,U38
T4208,U27
T4209,U87
T4210,U129
T4211,U78
T4212,U176
T4213,U99
T4214,U61
T4215,U58
T4216,U86
T4217,U186
T4218,U68
T4219,U180
T4220,U75
T4221,U56
T4222,U91
T4223,U172
T4224,U199
T4225,U102
T4226,U170
T4227,U87
T4228,U14
T4229,U27
T4230,U80
T4231,U194
T4232,U109
T4233,U59
T4234,U172
T4235,U40
T4236,U143
T4237,U80
T4238,U147
T4239,U66
T4240,U166
T4241,U79
T4242,U121
T4243,U14
T4244,U167
T4245,U49
T4246,U183
T4247,U69
T4248,U151
T4249,U188
T4250,U106
T4251,U33
T4252,U31
T4253,U189
T4254,U94
T4255,U74
T4256,U176
T4257,U189
T4258,U61
T4259,U107
T4260,U41
T4261,U197
T4262,U184
T4263,U21
T4264,U144
T4265,U86
T4266,U76
T4267,U199
T4268,U73
T4269,U34
T4270,U38
T4271,U59
T4272,U196
T4273,U82
T4274,U38
T4275,U9
T4276,U85
T4277,U173
T4278,U75
T4279,U61
T4280,U74
T4281,U196
T4282,U150
T4283,U25
T4284,U180
T4285,U174
T4286,U27
T4287,U185
T4288,U7
T4289,U185
T4290,U58
T4291,U34
T4292,U63
T4293,U196
T4294,U163
T4295,U46
T4296,U187
T4297,U133
T4298,U150
T4299,U24
T4300,U85
T4301,U183
T4302,U189
T4303,U32
T4304,U3
T4305,U97
T4306,U112
T4307,U89
T4308,U59
T4309,U84
T4310,U139
T4311,U18
T4312,U101
T4313,U167
T4314,U69
T4315,U150
T4316,U179
T4317,U30
T4318,U114
T4319,U126
T4320,U85
T4321,U121
T4322,U100
T4323,U130
T4324,U14
T4325,U62
T4326,U88
T4327,U108
T4328,U129
T4329,U11
T4330,U170
T4331,U172
T4332,U42
T4333,U88
T4334,U153
T4335,U165
T4336,U107
T4337,U80
T4338,U11
T4339,U180
T4340,U8
T4341,U135
T4342,U130
T4343,U8
T4344,U83
T4345,U90
T4346,U113
T4347,U86
T4348,U40
T4349,U195
T4350,U182
T4351,U68
T4352,U154
T4353,U93
T4354,U170
T4355,U56
T4356,U5
T4357,U11
T4358,U121
T4359,U4
T4360,U165
T4361,U70
T4362,U124
T4363,U44
T4364,U68
T4365,U149
T4366,U101
T4367,U181
T4368,U105
T4369,U159
T4370,U156
T4371,U146
T4372,U27
T4373,U33
T4374,U197
T4375,U154
T4376,U67
T4377,U9
T4378,U110
T4379,U196
T4380,U19
T4381,U186
T4382,U176
T4383,U15
T4384,U69
T4385,U121
T4386,U161
T4387,U20
T4388,U84
T4389,U111
T4390,U72
T4391,U105
T4392,U154
T4393,U82
T4394,U156
T4395,U27
T4396,U95
T4397,U141
T4398,U115
T4399,U128
T4400,U79
T4401,U167
T4402,U38
T4403,U182
T4404,U200
T4405,U61
T4406,U184
T4407,U197
T4408,U69
T4409,U61
T4410,U128
T4411,U112
T4412,U158
T4413,U165
T4414,U177
T4415,U81
T4416,U79
T4417,U138
T4418,U115
T4419,U95
T4420,U111
T4421,U69
T4422,U30
T4423,U6
T4424,U180
T4425,U88
T4426,U28
T4427,U98
T4428,U24
T4429,U42
T4430,U66
T4431,U60
T4432,U36
T4433,U47
T4434,U69
T4435,U15
T4436,U101
T4437,U186
T4438,U154
T4439,U49
T4440,U102
T4441,U192
T4442,U1
T4443,U6
T4444,U122
T4445,U199
T4446,U150
T4447,U137
T4448,U124
T4449,U23
T4450,U93
T4451,U125
T4452,U117
T4453,U188
T4454,U148
T4455,U158
T4456,U87
T4457,U106
T4458,U85
T4459,U116
T4460,U145
T4461,U109
T4462,U194
T4463,U198
T4464,U8
T4465,U182
T4466,U185
T4467,U167
T4468,U6
T4469,U16
T4470,U85
T4471,U72
T4472,U100
T4473,U42
T4474,U63
T4475,U19
T4476,U182
T4477,U135
T4478,U16
T4479,U3
T4480,U89
T4481,U15
T4482,U31
T4483,U135
T4484,U176
T4485,U131
T4486,U129
T4487,U75
T4488,U117
T4489,U29
T4490,U173
T4491,U93
T4492,U112
T4493,U30
T4494,U41
T4495,U91
T4496,U198
T4497,U68
T4498,U17
T4499,U62
T4500,U95
T4501,U172
T4502,U41
T4503,U43
T4504,U9
T4505,U89
T4506,U48
T4507,U67
T4508,U127
T4509,U176
T4510,U113
T4511,U30
T4512,U148
T4513,U199
T4514,U45
T4515,U51
T4516,U95
T4517,U111
T4518,U5
T4519,U56
T4520,U92
T4521,U48
T4522,U81
T4523,U144
T4524,U114
T4525,U197
T4526,U104
T4527,U184
T4528,U160
T4529,U11
T4530,U193
T4531,U104
T4532,U49
T4533,U192
T4534,U196
T4535,U35
T4536,U172
T4537,U143
T4538,U72
T4539,U108
T4540,U94
T4541,U14
T4542,U52
T4543,U22
T4544,U97
T4545,U92
T4546,U197
T4547,U70
T4548,U153
T4549,U188
T4550,U136
T4551,U144
T4552,U112
T4553,U112
T4554,U110
T4555,U40
T4556,U150
T4557,U59
T4558,U103
T4559,U33
T4560,U83
T4561,U46
T4562,U150
T4563,U181
T4564,U137
T4565,U193
T4566,U1
T4567,U90
T4568,U143
T4569,U49
T4570,U195
T4571,U131
T4572,U59
T4573,U21
T4574,U52
T4575,U13
T4576,U39
T4577,U44
T4578,U103
T4579,U15
T4580,U143
T4581,U170
T4582,U41
T4583,U128
T4584,U7
T4585,U35
T4586,U162
T4587,U124
T4588,U13
T4589,U96
T4590,U142
T4591,U197
T4592,U175
T4593,U31
T4594,U76
T4595,U39
T4596,U170
T4597,U83
T4598,U86
T4599,U132
T4600,U162
T4601,U192
T4602,U130
T4603,U31
T4604,U55
T4605,U108
T4606,U59
T4607,U10
T4608,U89
T4609,U135
T4610,U121
T4611,U183
T4612,U150
T4613,U92
T4614,U124
T4615,U48
T4616,U12
T4617,U51
T4618,U7
T4619,U72
T4620,U132
T4621,U143
T4622,U154
T4623,U43
T4624,U61
T4625,U147
T4626,U10
T4627,U134
T4628,U81
T4629,U177
T4630,U21
T4631,U83
T4632,U96
T4633,U24
T4634,U105
T4635,U65
T4636,U5
T4637,U94
T4638,U200
T4639,U38
T4640,U156
T4641,U105
T4642,U56
T4643,U198
T4644,U77
T4645,U131
T4646,U171
T4647,U8
T4648,U161
T4649,U188
T4650,U95
T4651,U28
T4652,U77
T4653,U167
T4654,U147
T4655,U164
T4656,U41
T4657,U28
T4658,U186
T4659,U132
T4660,U33
T4661,U114
T4662,U175
T4663,U86
T4664,U113
T4665,U169
T4666,U145
T4667,U194
T4668,U6
T4669,U197
T4670,U95
T4671,U94
T4672,U87
T4673,U14
T4674,U157
T4675,U101
T4676,U36
T4677,U103
T4678,U173
T4679,U146
T4680,U60
T4681,U136
T4682,U183
T4683,U192
T4684,U92
T4685,U104
T4686,U60
T4687,U114
T4688,U48
T4689,U8
T4690,U90
T4691,U135
T4692,U12
T4693,U85
T4694,U111
T4695,U47
T4696,U27
T4697,U118
T4698,U3
T4699,U3
T4700,U100
T4701,U67
T4702,U108
T4703,U49
T4704,U68
T4705,U149
T4706,U71
T4707,U105
T4708,U108
T4709,U192
T4710,U153
T4711,U66
T4712,U109
T4713,U200
T4714,U143
T4715,U9
T4716,U84
T4717,U1
T4718,U157
T4719,U36
T4720,U150
T4721,U128
T4722,U50
T4723,U89
T4724,U30
T4725,U74
T4726,U171
T4727,U41
T4728,U191
T4729,U17
T4730,U39
T4731,U1
T4732,U128
T4733,U91
T4734,U140
T4735,U77
T4736,U3
T4737,U84
T4738,U171
T4739,U185
T4740,U86
T4741,U130
T4742,U190
T4743,U62
T4744,U57
T4745,U5
T4746,U198
T4747,U163
T4748,U15
T4749,U81
T4750,U134
T4751,U106
T4752,U10
T4753,U133
T4754,U55
T4755,U130
T4756,U75
T4757,U141
T4758,U65
T4759,U199
T4760,U118
T4761,U95
T4762,U68
T4763,U56
T4764,U135
T4765,U36
T4766,U100
T4767,U151
T4768,U74
T4769,U2
T4770,U108
T4771,U105
T4772,U53
T4773,U58
T4774,U133
T4775,U111
T4776,U109
T4777,U74
T4778,U88
T4779,U141
T4780,U149
T4781,U128
T4782,U68
T4783,U170
T4784,U123
T4785,U142
T4786,U172
T4787,U167
T4788,U91
T4789,U64
T4790,U114
T4791,U182
T4792,U86
T4793,U126
T4794,U152
T4795,U191
T4796,U33
T4797,U168
T4798,U108
T4799,U49
T4800,U84
T4801,U200
T4802,U31
T4803,U88
T4804,U116
T4805,U106
T4806,U197
T4807,U94
T4808,U39
T4809,U42
T4810,U195
T4811,U163
T4812,U97
T4813,U92
T4814,U176
T4815,U188
T4816,U83
T4817,U33
T4818,U59
T4819,U147
T4820,U53
T4821,U193
T4822,U96
T4823,U99
T4824,U144
T4825,U83
T4826,U11
T4827,U36
T4828,U166
T4829,U16
T4830,U61
T4831,U81
T4832,U168
T4833,U190
T4834,U61
T4835,U193
T4836,U17
T4837,U66
T4838,U135
T4839,U4
T4840,U187
T4841,U186
T4842,U68
T4843,U95
T4844,U181
T4845,U127
T4846,U108
T4847,U124
T4848,U157
T4849,U43
T4850,U149
T4851,U103
T4852,U76
T4853,U122
T4854,U22
T4855,U197
T4856,U52
T4857,U143
T4858,U59
T4859,U53
T4860,U90
T4861,U161
T4862,U126
T4863,U25
T4864,U62
T4865,U197
T4866,U191
T4867,U62
T4868,U10
T4869,U32
T4870,U196
T4871,U2
T4872,U133
T4873,U97
T4874,U185
T4875,U73
T4876,U27
T4877,U139
T4878,U195
T4879,U42
T4880,U149
T4881,U113
T4882,U131
T4883,U155
T4884,U39
T4885,U143
T4886,U66
T4887,U45
T4888,U178
T4889,U31
T4890,U136
T4891,U197
T4892,U3
T4893,U36
T4894,U11
T4895,U146
T4896,U27
T4897,U163
T4898,U68
T4899,U61
T4900,U56
T4901,U144
T4902,U166
T4903,U97
T4904,U178
T4905,U185
T4906,U168
T4907,U98
T4908,U118
T4909,U125
T4910,U129
T4911,U180
T4912,U69
T4913,U7
T4914,U194
T4915,U159
T4916,U12
T4917,U76
T4918,U162
T4919,U182
T4920,U135
T4921,U99
T4922,U93
T4923,U82
T4924,U76
T4925,U181
T4926,U184
T4927,U79
T4928,U32
T4929,U69
T4930,U15
T4931,U170
T4932,U145
T4933,U57
T4934,U124
T4935,U148
T4936,U169
T4937,U62
T4938,U37
T4939,U95
T4940,U58
T4941,U80
T4942,U166
T4943,U142
T4944,U6
T4945,U70
T4946,U197
T4947,U14
T4948,U193
T4949,U17
T4950,U50
T4951,U45
T4952,U61
T4953,U145
T4954,U107
T4955,U68
T4956,U44
T4957,U73
T4958,U132
T4959,U91
T4960,U37
T4961,U160
T4962,U78
T4963,U107
T4964,U156
T4965,U190
T4966,U53
T4967,U158
T4968,U18
T4969,U98
T4970,U194
T4971,U153
T4972,U28
T4973,U17
T4974,U96
T4975,U53
T4976,U59
T4977,U14
T4978,U183
T4979,U3
T4980,U69
T4981,U146
T4982,U115
T4983,U151
T4984,U175
T4985,U64
T4986,U129
T4987,U26
T4988,U180
T4989,U111
T4990,U183
T4991,U78
T4992,U142
T4993,U149
T4994,U53
T4995,U50
T4996,U5
T4997,U123
T4998,U50
T4999,U188
T5000,U190
