resource_id,resource_IP
R1,32.155.65.121
R2,140.245.210.184
R3,221.54.234.218
R4,209.122.229.209
R5,56.29.68.228
R6,233.132.96.186
R7,138.40.57.39
R8,61.203.213.137
R9,113.174.178.203
R10,141.18.86.149
R11,210.134.223.220
R12,178.95.120.104
R13,214.134.77.254
R14,200.219.118.154
R15,177.84.219.127
R16,200.239.227.164
R17,90.226.222.89
R18,128.234.181.88
R19,230.15.15.5
R20,178.213.74.233
R21,48.142.2.124
R22,137.208.186.23
R23,153.240.3.188
R24,137.83.189.124
R25,148.32.165.78
R26,204.44.39.143
R27,9.148.140.132
R28,178.61.160.76
R29,165.168.176.126
R30,94.154.230.158
R31,44.108.33.192
R32,21.93.114.131
R33,99.43.201.231
R34,249.83.136.86
R35,156.20.95.255
R36,199.218.89.26
R37,231.170.236.228
R38,176.108.167.212
R39,214.243.76.31
R40,150.250.15.197
R41,110.120.82.228
R42,128.28.131.181
R43,76.47.252.169
R44,227.52.223.72
R45,32.175.221.19
R46,43.27.107.193
R47,213.83.178.200
R48,22.134.25.34
R49,199.114.30.18
R50,84.190.230.118
R51,187.32.92.21
R52,24.83.51.108
R53,224.110.133.142
R54,5.158.245.106
R55,108.160.45.150
R56,175.164.22.83
R57,195.203.147.230
R58,116.40.202.83
R59,144.192.212.172
R60,196.40.48.129
R61,132.27.40.94
R62,63.143.224.65
R63,164.182.121.176
R64,127.4.37.94
R65,4.139.58.65
R66,34.53.139.7
R67,190.43.102.227
R68,139.232.239.38
R69,4.232.174.192
R70,152.30.116.184
R71,241.13.112.138
R72,172.214.158.114
R73,175.25.103.69
R74,168.128.200.69
R75,239.219.183.183
R76,27.103.173.114
R77,178.176.100.125
R78,224.125.113.137
R79,213.102.33.185
R80,4.18.235.66
R81,6.13.216.109
R82,62.180.70.109
R83,154.177.14.147
R84,78.27.211.142
R85,56.103.69.167
R86,51.122.124.180
R87,136.1.66.147
R88,155.92.249.58
R89,156.172.88.164
R90,151.189.153.197
R91,80.49.87.17
R92,89.65.46.98
R93,212.243.212.145
R94,194.53.38.9
R95,86.198.0.197
R96,161.2.12.155
R97,132.184.161.14
R98,92.116.253.207
R99,128.18.87.41
R100,6.188.162.106
R101,22.76.40.242
R102,93.112.216.83
R103,178.225.51.92
R104,35.49.120.233
R105,227.117.75.92
R106,61.44.14.108
R107,223.112.39.84
R108,81.43.148.125
R109,172.72.225.89
R110,127.27.60.39
R111,65.164.223.182
R112,105.168.224.147
R113,52.157.228.177
R114,241.129.73.173
R115,196.20.76.139
R116,231.191.103.182
R117,121.5.91.72
R118,96.38.43.163
R119,75.108.77.190
R120,148.240.33.136
R121,50.18.143.224
R122,68.144.233.58
R123,65.18.243.204
R124,146.250.158.172
R125,145.114.6.243
R126,76.185.228.171
R127,126.133.125.65
R128,7.129.234.18
R129,240.148.74.41
R130,161.208.32.61
R131,135.177.221.227
R132,64.42.39.28
R133,36.224.80.6
R134,22.241.79.10
R135,55.168.195.104
R136,146.17.157.249
R137,9.88.198.188
R138,158.39.190.99
R139,120.69.67.231
R140,108.101.19.133
R141,209.33.129.55
R142,55.236.85.175
R143,161.191.186.7
R144,252.165.59.137
R145,124.123.124.201
R146,236.252.127.231
R147,124.169.7.127
R148,153.209.141.197
R149,11.186.92.130
R150,88.76.254.30
R151,147.151.96.57
R152,26.74.86.79
R153,32.134.210.11
R154,126.192.45.69
R155,207.212.234.69
R156,210.238.67.132
R157,40.37.164.194
R158,165.153.168.245
R159,250.81.200.118
R160,236.38.89.89
R161,31.87.105.62
R162,203.103.52.190
R163,64.131.207.95
R164,110.183.131.113
R165,130.190.51.243
R166,2.184.215.189
R167,128.55.237.205
R168,127.51.227.209
R169,108.219.111.106
R170,163.86.156.148
R171,83.191.183.52
R172,146.98.243.44
R173,16.164.173.28
R174,135.243.169.238
R175,53.149.6.43
R176,72.214.94.127
R177,96.50.127.3
R178,166.146.57.158
R179,91.143.65.67
R180,83.16.125.89
R181,18.233.18.44
R182,2.64.216.149
R183,162.228.6.197
R184,53.142.87.249
R185,229.235.98.220
R186,195.86.140.224
R187,140.191.190.193
R188,203.255.178.169
R189,196.253.59.18
R190,190.62.8.178
R191,188.19.145.49
R192,31.77.125.31
R193,9.88.199.96
R194,174.234.1.205
R195,143.94.66.227
R196,136.9.105.54
R197,180.50.107.197
R198,73.223.148.144
R199,213.0.90.18
R200,63.25.194.18
R201,167.35.175.241
R202,189.38.136.104
R203,100.112.181.205
R204,207.6.127.240
R205,251.158.212.199
R206,225.52.50.29
R207,131.18.128.43
R208,47.169.58.237
R209,246.154.43.240
R210,86.241.86.125
R211,156.249.185.88
R212,203.22.229.206
R213,180.28.77.171
R214,165.69.140.225
R215,36.0.88.69
R216,53.84.154.59
R217,162.13.4.206
R218,36.247.169.19
R219,131.63.197.199
R220,49.218.145.76
R221,26.137.91.3
R222,167.21.86.174
R223,250.163.38.192
R224,218.196.195.114
R225,150.103.69.156
R226,211.126.94.88
R227,87.231.146.56
R228,86.56.248.140
R229,126.161.11.127
R230,169.248.190.37
R231,49.89.78.128
R232,5.64.13.84
R233,147.3.68.153
R234,112.7.141.251
R235,194.196.184.163
R236,15.176.20.13
R237,238.163.184.55
R238,23.86.68.181
R239,220.88.87.219
R240,53.78.191.62
R241,119.173.106.197
R242,219.76.248.222
R243,13.101.106.81
R244,82.61.151.54
R245,241.199.88.1
R246,196.224.23.0
R247,135.178.150.163
R248,217.176.192.218
R249,142.11.20.32
R250,79.145.154.191
R251,62.64.16.9
R252,62.236.113.23
R253,50.151.196.108
R254,144.88.99.156
R255,125.185.230.144
R256,30.182.95.82
R257,145.0.223.167
R258,1.252.74.69
R259,158.57.87.221
R260,121.255.32.171
R261,89.194.174.1
R262,220.189.151.56
R263,87.50.185.25
R264,156.97.101.24
R265,116.17.180.203
R266,198.179.230.61
R267,92.91.41.78
R268,234.102.99.225
R269,138.174.163.182
R270,31.246.181.248
R271,178.137.41.50
R272,18.76.113.89
R273,47.231.249.154
R274,14.105.86.184
R275,164.60.91.158
R276,151.117.66.98
R277,81.37.239.47
R278,246.82.247.89
R279,191.107.27.31
R280,231.132.152.241
R281,145.184.48.15
R282,171.8.57.62
R283,82.89.43.55
R284,93.123.37.168
R285,72.24.115.107
R286,217.124.52.228
R287,13.101.119.95
R288,9.16.209.255
R289,130.29.84.0
R290,193.169.17.226
R291,145.131.152.37
R292,81.42.121.219
R293,212.72.144.38
R294,129.228.191.41
R295,69.50.172.216
R296,45.89.143.143
R297,98.190.179.229
R298,17.64.246.1
R299,123.108.223.85
R300,249.154.32.110
R301,67.103.146.81
R302,196.11.253.71
R303,89.127.62.2
R304,218.148.194.155
R305,153.240.169.146
R306,39.188.45.82
R307,159.180.172.210
R308,136.251.134.131
R309,105.45.221.142
R310,48.249.205.11
R311,9.1.31.201
R312,212.25.169.133
R313,235.40.231.191
R314,38.100.245.125
R315,158.221.20.188
R316,33.117.50.73
R317,150.98.174.137
R318,94.137.150.232
R319,0.157.149.55
R320,117.201.18.189
R321,144.97.199.137
R322,85.165.34.75
R323,214.47.159.240
R324,22.243.129.197
R325,139.211.188.145
R326,21.248.151.127
R327,61.42.118.4
R328,154.173.170.51
R329,106.89.191.6
R330,21.93.39.173
R331,217.183.217.142
R332,38.212.18.122
R333,166.180.239.83
R334,60.139.6.240
R335,43.22.4.96
R336,88.121.95.188
R337,255.185.220.141
R338,143.108.26.133
R339,157.165.166.149
R340,16.212.2.173
R341,121.2.81.60
R342,220.207.242.203
R343,154.51.145.92
R344,248.130.150.234
R345,119.195.195.95
R346,223.38.151.219
R347,163.11.130.230
R348,45.244.9.219
R349,124.74.108.78
R350,165.126.126.18
R351,84.179.142.47
R352,20.178.50.72
R353,72.63.85.179
R354,36.38.140.215
R355,28.226.189.31
R356,129.179.33.60
R357,109.247.125.53
R358,108.161.184.240
R359,8.64.183.141
R360,176.167.65.31
R361,33.43.53.223
R362,214.98.125.118
R363,113.142.255.212
R364,182.64.216.161
R365,196.222.29.189
R366,145.103.136.80
R367,120.38.43.144
R368,11.207.171.103
R369,98.124.180.227
R370,95.208.76.12
R371,96.48.216.230
R372,129.241.193.86
R373,78.49.124.50
R374,128.233.202.91
R375,94.123.117.209
R376,156.224.187.149
R377,39.215.171.119
R378,104.168.193.170
R379,128.201.35.97
R380,121.115.85.119
R381,119.27.124.240
R382,36.22.181.245
R383,152.46.223.70
R384,164.192.33.164
R385,59.145.92.190
R386,232.72.48.212
R387,246.204.245.182
R388,97.27.127.102
R389,175.249.75.228
R390,170.7.129.245
R391,210.247.0.146
R392,121.86.53.48
R393,30.48.182.140
R394,243.220.178.132
R395,16.157.191.138
R396,88.107.200.215
R397,248.133.38.140
R398,130.15.202.210
R399,100.158.246.180
R400,208.203.166.85
R401,0.44.31.141
R402,174.244.111.198
R403,12.17.22.215
R404,59.213.184.60
R405,118.234.12.237
R406,250.87.225.250
R407,168.82.141.89
R408,79.151.191.84
R409,47.109.94.69
R410,212.245.93.59
R411,175.72.58.135
R412,195.31.203.226
R413,36.151.111.69
R414,73.102.171.157
R415,89.100.128.111
R416,51.66.92.116
R417,156.213.80.9
R418,239.65.213.208
R419,181.183.29.226
R420,27.65.43.171
R421,234.90.223.232
R422,179.237.221.199
R423,101.161.224.118
R424,247.241.141.73
R425,84.110.85.169
R426,230.122.117.139
R427,42.179.135.79
R428,252.228.248.108
R429,4.147.204.91
R430,58.101.179.104
R431,31.18.36.34
R432,182.35.59.184
R433,118.198.253.135
R434,234.21.42.92
R435,209.122.104.170
R436,172.107.83.54
R437,166.183.156.253
R438,136.38.33.32
R439,49.193.115.77
R440,21.5.230.241
R441,198.172.155.52
R442,28.205.159.77
R443,94.70.204.0
R444,76.7.181.215
R445,0.65.10.66
R446,217.42.140.53
R447,219.56.90.84
R448,219.69.17.72
R449,186.212.111.87
R450,255.172.155.126
R451,92.233.158.3
R452,86.135.206.154
R453,213.67.168.4
R454,99.0.206.148
R455,102.245.165.219
R456,107.110.196.35
R457,63.81.232.114
R458,227.220.175.226
R459,101.145.126.254
R460,253.182.249.0
R461,37.74.195.165
R462,5.14.155.97
R463,95.31.196.104
R464,12.79.249.21
R465,94.144.2.78
R466,14.192.123.91
R467,168.226.19.104
R468,54.72.173.161
R469,110.8.7.172
R470,122.241.1.4
R471,197.189.52.37
R472,164.16.211.100
R473,161.0.32.57
R474,146.158.53.91
R475,126.81.247.53
R476,59.91.187.54
R477,255.108.13.59
R478,54.146.233.103
R479,12.150.106.98
R480,54.189.101.70
R481,71.174.72.200
R482,193.144.202.125
R483,218.77.161.172
R484,5.40.201.204
R485,160.207.51.4
R486,197.99.114.72
R487,179.94.229.179
R488,67.128.65.255
R489,174.231.88.175
R490,36.151.179.124
R491,150.53.147.111
R492,121.19.89.33
R493,109.156.32.125
R494,242.129.199.105
R495,111.83.216.207
R496,10.157.255.26
R497,86.24.25.108
R498,229.233.210.23
R499,206.100.4.50
R500,42.254.247.227
R501,238.149.247.33
R502,43.230.70.92
R503,150.100.219.224
R504,62.153.101.29
R505,23.96.202.105
R506,173.53.42.49
R507,104.232.151.238
R508,45.34.90.177
R509,9.177.9.213
R510,49.60.164.246
R511,130.185.132.148
R512,63.91.88.38
R513,109.208.18.71
R514,55.223.156.240
R515,133.44.54.208
R516,182.38.11.26
R517,118.200.102.81
R518,39.254.38.30
R519,230.149.88.118
R520,92.231.28.221
R521,95.148.154.230
R522,210.238.202.63
R523,8.76.146.196
R524,73.40.130.12
R525,254.29.215.94
R526,42.66.105.37
R527,246.230.250.90
R528,68.228.248.81
R529,134.139.84.3
R530,128.184.101.23
R531,197.108.152.116
R532,168.174.190.107
R533,128.81.187.104
R534,184.239.5.18
R535,57.164.222.6
R536,229.250.214.122
R537,236.87.61.230
R538,12.130.101.108
R539,31.162.108.152
R540,103.149.73.245
R541,61.103.10.184
R542,148.94.231.168
R543,30.90.63.250
R544,191.58.255.107
R545,211.189.197.119
R546,106.73.165.123
R547,128.11.3.139
R548,254.222.130.122
R549,84.210.147.15
R550,209.136.230.19
R551,220.237.44.24
R552,182.125.236.161
R553,126.12.15.157
R554,98.191.141.178
R555,70.216.39.131
R556,126.180.105.44
R557,200.225.52.206
R558,192.212.81.216
R559,3.179.7.246
R560,193.51.111.203
R561,217.153.167.29
R562,39.198.249.158
R563,72.64.249.16
R564,170.160.103.28
R565,241.187.155.14
R566,159.40.24.82
R567,202.200.171.13
R568,12.192.144.254
R569,137.200.228.133
R570,167.48.182.172
R571,162.18.41.193
R572,136.20.51.245
R573,10.245.213.174
R574,29.71.254.164
R575,69.40.9.206
R576,64.171.20.221
R577,51.206.173.135
R578,23.36.59.104
R579,214.223.56.18
R580,237.222.110.86
R581,240.136.234.153
R582,17.189.230.56
R583,11.191.71.139
R584,8.198.117.192
R585,10.243.171.251
R586,146.246.15.172
R587,156.200.68.66
R588,153.96.60.114
R589,148.224.13.216
R590,41.103.139.15
R591,189.231.117.185
R592,129.148.19.209
R593,162.31.233.251
R594,151.185.65.155
R595,56.15.161.201
R596,169.247.221.211
R597,64.25.11.158
R598,201.58.211.63
R599,144.229.67.82
R600,238.99.4.134
R601,33.113.119.124
R602,70.95.185.47
R603,142.47.170.18
R604,54.26.195.61
R605,125.248.95.115
R606,200.46.218.242
R607,122.205.162.59
R608,128.132.165.226
R609,219.96.26.114
R610,133.25.10.82
R611,188.194.1.33
R612,210.28.120.157
R613,27.17.26.239
R614,136.99.119.246
R615,62.149.198.233
R616,203.203.150.167
R617,160.201.170.230
R618,44.98.29.252
R619,39.49.226.226
R620,204.59.165.180
R621,195.127.1.41
R622,92.219.77.54
R623,80.129.55.121
R624,46.136.55.111
R625,186.53.92.155
R626,234.130.222.255
R627,201.183.169.77
R628,212.9.182.248
R629,211.16.105.209
R630,127.54.110.202
R631,67.105.162.161
R632,168.40.177.6
R633,98.229.92.117
R634,10.120.89.167
R635,203.28.8.10
R636,43.38.163.50
R637,159.246.49.37
R638,31.130.5.226
R639,85.236.98.146
R640,168.243.197.101
R641,182.162.167.156
R642,115.138.16.87
R643,172.45.253.199
R644,115.131.173.185
R645,246.203.135.29
R646,99.185.190.9
R647,81.132.74.6
R648,150.236.100.226
R649,132.218.219.10
R650,123.48.153.35
R651,116.252.90.234
R652,165.205.64.140
R653,74.76.159.148
R654,10.33.102.114
R655,123.224.226.74
R656,194.183.92.70
R657,88.124.80.162
R658,168.241.252.46
R659,69.61.42.200
R660,14.44.60.50
R661,99.174.232.153
R662,125.118.66.179
R663,241.216.77.229
R664,1.27.57.161
R665,243.108.34.213
R666,129.147.53.1
R667,178.64.9.46
R668,24.192.255.62
R669,243.153.85.155
R670,236.180.181.4
R671,149.246.173.235
R672,67.83.92.36
R673,5.129.150.52
R674,57.18.187.255
R675,36.185.201.200
R676,158.171.136.76
R677,37.154.214.120
R678,49.156.147.66
R679,128.172.124.72
R680,12.91.42.15
R681,230.40.208.118
R682,201.94.39.245
R683,196.157.90.211
R684,149.138.50.171
R685,170.94.215.218
R686,10.189.184.191
R687,223.3.200.29
R688,126.82.197.27
R689,160.92.51.50
R690,198.7.203.221
R691,241.236.245.84
R692,51.231.15.147
R693,125.244.183.135
R694,27.6.169.124
R695,45.29.117.159
R696,122.230.132.82
R697,184.136.89.176
R698,109.250.200.22
R699,56.174.156.210
R700,55.118.21.206
R701,18.215.244.68
R702,231.213.22.45
R703,104.249.235.192
R704,41.166.88.247
R705,127.109.90.241
R706,183.30.8.86
R707,248.207.67.86
R708,46.106.186.170
R709,91.172.237.134
R710,46.190.221.24
R711,73.82.25.236
R712,7.179.69.25
R713,133.207.148.186
R714,40.83.40.0
R715,138.161.22.168
R716,251.23.212.5
R717,214.172.5.248
R718,130.195.225.170
R719,128.241.148.253
R720,213.39.179.203
R721,142.229.185.217
R722,150.203.148.63
R723,196.13.57.152
R724,105.116.88.130
R725,239.42.246.162
R726,250.118.222.5
R727,39.127.69.145
R728,228.70.45.216
R729,80.112.16.47
R730,4.42.35.131
R731,20.225.162.26
R732,11.54.184.217
R733,24.151.59.226
R734,103.53.134.245
R735,89.240.6.249
R736,5.55.110.184
R737,148.66.147.6
R738,117.95.19.37
R739,45.205.50.101
R740,96.3.242.50
R741,255.44.255.199
R742,10.193.99.8
R743,135.173.220.176
R744,254.170.164.109
R745,153.145.80.201
R746,171.205.123.37
R747,48.178.170.203
R748,92.220.162.225
R749,34.44.185.134
R750,180.62.20.240
R751,85.105.249.235
R752,98.201.63.104
R753,102.160.110.57
R754,209.210.217.91
R755,176.250.111.215
R756,200.99.211.48
R757,158.247.202.160
R758,226.60.34.233
R759,121.30.222.242
R760,35.115.61.209
R761,48.161.102.127
R762,63.249.44.170
R763,16.239.106.51
R764,163.170.169.38
R765,227.228.146.146
R766,59.82.65.151
R767,202.239.232.187
R768,115.183.221.105
R769,192.139.17.248
R770,81.150.96.106
R771,32.91.180.36
R772,200.163.213.71
R773,201.28.248.41
R774,131.117.180.124
R775,44.86.171.182
R776,209.115.247.180
R777,232.213.204.64
R778,77.17.40.241
R779,201.9.81.169
R780,255.12.200.185
R781,250.184.218.177
R782,145.127.36.19
R783,101.188.191.201
R784,170.127.118.88
R785,68.113.63.134
R786,35.146.104.140
R787,213.112.102.190
R788,200.204.10.239
R789,16.230.219.93
R790,158.94.175.98
R791,119.25.126.51
R792,0.19.40.137
R793,39.245.168.141
R794,233.21.210.93
R795,13.178.98.242
R796,23.107.14.125
R797,9.232.168.29
R798,81.139.225.66
R799,95.34.197.150
R800,195.53.149.219
R801,179.5.36.39
R802,143.95.216.193
R803,67.12.69.252
R804,134.9.218.183
R805,17.63.87.228
R806,236.37.201.153
R807,202.120.155.121
R808,117.207.46.90
R809,235.252.134.35
R810,72.188.21.53
R811,240.196.190.85
R812,185.198.11.161
R813,163.36.93.193
R814,183.241.73.221
R815,131.245.150.243
R816,55.100.39.243
R817,237.213.178.154
R818,21.197.2.107
R819,114.215.231.92
R820,75.57.21.159
R821,185.202.181.123
R822,165.137.197.66
R823,225.187.169.164
R824,214.44.225.13
R825,57.64.245.56
R826,155.92.246.159
R827,32.164.205.235
R828,0.20.34.115
R829,120.219.135.232
R830,162.224.29.157
R831,77.143.4.219
R832,113.178.178.78
R833,95.126.46.198
R834,80.28.138.180
R835,83.183.186.170
R836,77.87.6.235
R837,128.40.64.205
R838,84.211.66.135
R839,180.199.83.94
R840,119.203.83.55
R841,132.225.141.3
R842,127.61.145.16
R843,157.14.117.129
R844,138.175.102.173
R845,240.109.24.6
R846,219.183.116.12
R847,214.89.169.204
R848,63.3.92.0
R849,212.81.175.27
R850,23.171.148.214
R851,254.191.20.162
R852,231.143.33.87
R853,155.141.73.90
R854,144.19.54.114
R855,249.108.78.39
R856,205.5.202.122
R857,185.241.203.70
R858,10.226.5.67
R859,41.95.55.226
R860,92.254.34.245
R861,106.91.25.95
R862,118.25.38.47
R863,217.255.10.122
R864,164.254.56.249
R865,177.87.72.212
R866,196.195.71.88
R867,137.46.181.8
R868,203.205.54.185
R869,139.12.185.30
R870,204.29.239.238
R871,21.78.194.18
R872,142.107.71.187
R873,20.136.230.161
R874,148.13.197.227
R875,82.169.99.231
R876,80.90.59.207
R877,254.186.15.144
R878,151.165.19.199
R879,37.49.113.203
R880,231.135.176.147
R881,243.14.132.175
R882,166.160.121.177
R883,56.239.232.250
R884,167.59.47.73
R885,206.131.49.190
R886,121.51.70.175
R887,133.85.158.41
R888,169.253.127.108
R889,64.60.23.98
R890,119.180.18.220
R891,161.49.148.32
R892,82.214.15.182
R893,42.23.147.46
R894,159.104.196.111
R895,223.9.113.164
R896,95.69.74.213
R897,12.129.78.217
R898,114.19.92.148
R899,176.204.190.27
R900,157.112.52.125
R901,100.47.45.159
R902,127.189.116.101
R903,188.202.97.83
R904,163.70.229.241
R905,25.125.205.71
R906,56.45.112.255
R907,25.221.127.27
R908,115.53.156.133
R909,39.221.48.11
R910,141.110.211.110
R911,12.217.196.235
R912,91.68.14.36
R913,17.1.110.85
R914,170.254.207.9
R915,59.97.134.159
R916,180.5.9.125
R917,132.92.53.236
R918,81.36.18.38
R919,236.95.206.17
R920,111.81.150.75
R921,237.13.44.153
R922,220.109.189.141
R923,70.249.164.148
R924,39.44.106.12
R925,106.219.235.183
R926,69.222.2.35
R927,122.198.132.56
R928,48.44.226.76
R929,148.225.224.120
R930,188.147.3.115
R931,226.70.149.81
R932,222.45.53.139
R933,183.192.112.178
R934,14.125.144.62
R935,213.52.106.192
R936,41.144.23.250
R937,233.151.139.240
R938,132.170.39.91
R939,49.129.37.152
R940,185.80.154.23
R941,215.185.124.175
R942,147.68.107.96
R943,17.31.205.169
R944,160.152.141.179
R945,251.222.217.247
R946,209.218.153.206
R947,185.101.163.176
R948,214.175.121.249
R949,114.128.49.102
R950,106.18.94.245
R951,203.179.103.118
R952,72.213.156.31
R953,8.35.186.102
R954,45.46.200.245
R955,102.128.164.202
R956,203.119.72.81
R957,222.91.21.242
R958,210.156.176.76
R959,150.49.114.12
R960,211.51.160.58
R961,169.67.9.80
R962,239.47.182.242
R963,117.230.160.199
R964,212.5.216.106
R965,155.59.67.73
R966,16.25.179.59
R967,118.87.102.202
R968,106.145.201.56
R969,144.57.228.58
R970,31.219.6.98
R971,149.174.99.120
R972,196.121.11.222
R973,175.52.213.117
R974,71.158.239.74
R975,201.194.49.156
R976,224.134.103.178
R977,28.232.41.246
R978,66.251.168.158
R979,182.82.42.100
R980,84.219.225.195
R981,19.195.105.254
R982,221.199.75.88
R983,104.247.32.82
R984,117.221.11.160
R985,83.182.51.189
R986,80.194.28.24
R987,168.248.252.228
R988,93.44.107.153
R989,233.173.202.184
R990,45.154.203.102
R991,78.194.3.246
R992,191.122.59.130
R993,106.205.37.207
R994,177.239.142.79
R995,24.111.95.75
R996,181.59.35.77
R997,84.216.140.11
R998,118.32.212.84
R999,60.87.90.101
R1000,109.168.213.206
