task_id,year_scheduled,month_scheduled,day_scheduled,hour_scheduled
T1,2023,7,23,6
T2,2023,6,2,23
T3,2022,1,25,8
T4,2023,4,20,21
T5,2023,5,18,21
T6,2022,3,12,22
T7,2023,6,27,10
T8,2023,4,4,13
T9,2023,9,15,19
T10,2023,9,9,15
T11,2023,10,4,14
T12,2022,1,22,15
T13,2023,3,1,4
T14,2023,3,21,17
T15,2023,10,31,16
T16,2023,12,15,22
T17,2023,6,19,5
T18,2023,11,17,2
T19,2022,10,13,19
T20,2022,8,12,20
T21,2023,2,27,18
T22,2023,10,23,10
T23,2022,2,3,7
T24,2022,3,30,11
T25,2023,3,24,10
T26,2022,12,9,23
T27,2022,5,10,8
T28,2023,8,31,6
T29,2022,2,27,19
T30,2023,11,28,12
T31,2022,2,10,12
T32,2023,2,9,14
T33,2022,11,22,8
T34,2023,9,13,4
T35,2023,11,18,5
T36,2023,12,1,5
T37,2022,3,21,2
T38,2023,7,13,1
T39,2023,12,17,21
T40,2023,6,22,0
T41,2023,10,17,8
T42,2023,6,4,1
T43,2023,11,15,9
T44,2022,11,19,0
T45,2022,12,12,10
T46,2023,2,28,0
T47,2023,5,15,7
T48,2023,6,6,1
T49,2023,6,18,21
T50,2023,11,15,13
T51,2022,11,16,16
T52,2023,7,15,23
T53,2022,5,31,11
T54,2023,12,6,12
T55,2023,4,30,8
T56,2022,1,27,7
T57,2023,6,21,9
T58,2023,1,13,2
T59,2022,9,12,17
T60,2022,6,3,14
T61,2022,9,1,17
T62,2023,4,11,23
T63,2022,9,23,17
T64,2022,3,26,21
T65,2022,9,10,20
T66,2023,11,19,10
T67,2023,7,30,17
T68,2022,4,3,14
T69,2023,3,27,16
T70,2022,12,15,10
T71,2023,8,30,1
T72,2023,8,6,12
T73,2021,5,20,18
T74,2023,10,20,2
T75,2021,9,4,1
T76,2023,4,21,11
T77,2022,12,23,18
T78,2022,1,8,1
T79,2022,10,13,9
T80,2022,12,1,0
T81,2022,3,15,5
T82,2023,10,16,1
T83,2021,6,14,2
T84,2023,10,5,13
T85,2023,7,2,22
T86,2023,7,24,13
T87,2023,10,13,0
T88,2021,9,18,0
T89,2023,3,3,3
T90,2022,4,5,8
T91,2023,6,10,3
T92,2023,8,25,8
T93,2023,7,29,10
T94,2022,7,11,21
T95,2023,7,21,4
T96,2023,4,12,9
T97,2022,6,24,19
T98,2023,3,28,9
T99,2022,10,1,9
T100,2022,7,31,15
T101,2023,5,31,19
T102,2023,11,22,11
T103,2023,9,8,5
T104,2023,3,17,0
T105,2023,5,16,2
T106,2023,2,21,21
T107,2022,9,18,19
T108,2021,7,31,3
T109,2022,9,29,6
T110,2021,6,29,3
T111,2023,6,8,1
T112,2023,5,31,21
T113,2022,6,20,22
T114,2023,5,21,20
T115,2023,6,15,23
T116,2021,12,14,20
T117,2022,8,31,10
T118,2022,11,15,12
T119,2022,5,30,4
T120,2023,3,28,7
T121,2022,10,20,12
T122,2022,5,26,19
T123,2022,8,9,23
T124,2021,5,31,3
T125,2022,6,5,11
T126,2022,8,16,23
T127,2023,9,12,19
T128,2023,4,2,8
T129,2022,3,11,22
T130,2022,6,29,6
T131,2023,12,25,15
T132,2023,4,9,13
T133,2023,5,12,19
T134,2023,5,9,8
T135,2022,12,5,0
T136,2023,5,22,11
T137,2023,2,1,2
T138,2022,10,4,10
T139,2022,6,3,7
T140,2022,12,20,17
T141,2021,10,28,20
T142,2022,1,17,5
T143,2022,8,30,8
T144,2022,3,31,9
T145,2022,4,10,18
T146,2022,3,7,13
T147,2023,9,19,10
T148,2023,10,7,22
T149,2022,8,26,10
T150,2022,7,28,14
T151,2023,12,6,15
T152,2022,6,14,2
T153,2023,2,26,18
T154,2023,12,19,10
T155,2023,2,28,9
T156,2023,9,15,9
T157,2023,12,7,1
T158,2022,12,14,2
T159,2022,12,3,20
T160,2023,2,24,6
T161,2023,9,25,1
T162,2023,5,9,19
T163,2023,12,23,16
T164,2022,4,3,11
T165,2022,5,15,11
T166,2023,1,1,4
T167,2023,2,10,6
T168,2023,8,26,1
T169,2023,1,25,21
T170,2023,7,22,23
T171,2023,4,25,23
T172,2023,6,9,14
T173,2023,10,1,4
T174,2022,6,16,23
T175,2023,4,3,9
T176,2022,1,18,16
T177,2022,2,21,11
T178,2023,7,30,18
T179,2022,2,14,21
T180,2022,6,25,18
T181,2023,10,27,13
T182,2023,10,30,8
T183,2022,12,4,5
T184,2022,1,26,15
T185,2022,5,21,5
T186,2023,11,21,7
T187,2023,11,29,22
T188,2023,10,31,11
T189,2023,11,23,21
T190,2022,8,30,7
T191,2021,3,25,16
T192,2023,3,30,20
T193,2023,9,19,16
T194,2023,11,17,6
T195,2023,2,15,16
T196,2023,2,8,22
T197,2021,10,30,11
T198,2021,6,23,1
T199,2021,3,21,19
T200,2022,10,12,14
T201,2023,3,22,12
T202,2021,2,23,4
T203,2023,7,29,18
T204,2023,12,12,5
T205,2023,9,30,12
T206,2023,11,4,7
T207,2023,6,27,0
T208,2023,11,27,4
T209,2022,8,18,2
T210,2022,4,29,18
T211,2023,1,16,16
T212,2023,8,28,16
T213,2022,8,28,19
T214,2021,4,22,12
T215,2023,2,25,3
T216,2023,4,4,22
T217,2023,1,25,15
T218,2023,5,21,5
T219,2022,8,1,11
T220,2023,6,25,14
T221,2022,8,24,19
T222,2022,10,8,14
T223,2023,2,15,10
T224,2022,9,20,4
T225,2023,5,11,0
T226,2023,9,30,5
T227,2023,8,18,6
T228,2022,10,5,21
T229,2023,4,2,0
T230,2023,1,27,9
T231,2023,7,1,16
T232,2023,3,8,3
T233,2023,6,27,20
T234,2021,11,12,1
T235,2023,1,2,4
T236,2022,12,18,16
T237,2022,12,13,2
T238,2023,5,20,0
T239,2022,6,5,5
T240,2023,7,30,1
T241,2022,12,22,16
T242,2023,4,7,10
T243,2023,1,14,17
T244,2023,6,28,8
T245,2022,10,16,2
T246,2023,5,22,10
T247,2023,8,10,13
T248,2022,6,25,9
T249,2023,10,3,16
T250,2022,8,16,8
T251,2022,6,1,5
T252,2023,10,1,9
T253,2022,5,12,19
T254,2023,1,6,16
T255,2022,6,29,12
T256,2023,10,6,23
T257,2023,3,10,8
T258,2023,8,1,10
T259,2022,10,6,16
T260,2022,7,16,23
T261,2023,4,23,2
T262,2022,12,23,11
T263,2023,7,19,14
T264,2023,9,24,12
T265,2023,11,17,23
T266,2023,10,25,2
T267,2022,7,8,3
T268,2022,12,26,5
T269,2023,9,10,1
T270,2022,10,8,1
T271,2021,7,31,5
T272,2023,7,28,7
T273,2022,9,4,20
T274,2023,1,31,6
T275,2023,10,14,8
T276,2022,4,8,3
T277,2023,4,10,11
T278,2022,7,17,7
T279,2022,8,8,21
T280,2022,5,22,14
T281,2023,11,17,0
T282,2021,5,29,12
T283,2023,6,17,18
T284,2023,5,29,9
T285,2021,11,22,11
T286,2023,10,11,13
T287,2023,1,31,12
T288,2023,3,26,7
T289,2023,1,13,2
T290,2022,12,19,6
T291,2022,5,29,9
T292,2022,11,6,9
T293,2022,9,11,0
T294,2022,5,25,5
T295,2022,9,14,14
T296,2023,7,22,8
T297,2023,3,2,4
T298,2023,11,22,6
T299,2023,11,9,15
T300,2023,12,25,3
T301,2023,1,30,22
T302,2022,2,14,9
T303,2022,11,18,4
T304,2023,12,9,7
T305,2023,2,20,1
T306,2022,5,30,4
T307,2021,4,21,17
T308,2022,3,9,9
T309,2023,1,28,18
T310,2023,6,28,20
T311,2023,3,2,10
T312,2023,9,21,10
T313,2022,11,10,15
T314,2023,10,21,18
T315,2023,3,6,21
T316,2023,7,28,10
T317,2023,9,15,14
T318,2022,12,4,20
T319,2022,12,16,2
T320,2023,6,24,20
T321,2022,9,16,3
T322,2023,10,5,0
T323,2022,12,23,2
T324,2023,7,6,16
T325,2022,7,4,11
T326,2022,11,16,0
T327,2022,11,11,0
T328,2022,11,18,18
T329,2022,10,22,6
T330,2022,9,4,17
T331,2023,4,21,8
T332,2022,12,18,15
T333,2021,2,27,7
T334,2023,8,10,1
T335,2022,5,31,10
T336,2023,12,7,8
T337,2022,12,24,5
T338,2022,8,16,21
T339,2022,2,28,5
T340,2023,3,29,0
T341,2022,4,16,21
T342,2023,9,27,0
T343,2022,4,15,14
T344,2022,9,16,18
T345,2023,1,28,8
T346,2023,10,23,17
T347,2023,8,25,2
T348,2023,2,9,0
T349,2023,11,6,5
T350,2021,10,20,11
T351,2022,3,1,1
T352,2022,11,13,6
T353,2021,10,10,23
T354,2022,4,2,8
T355,2023,11,26,2
T356,2022,12,17,14
T357,2023,2,19,0
T358,2022,6,2,20
T359,2023,3,29,12
T360,2023,10,30,19
T361,2022,12,1,0
T362,2022,6,13,23
T363,2022,6,13,15
T364,2021,7,11,21
T365,2022,3,7,9
T366,2023,11,20,18
T367,2023,2,10,3
T368,2022,10,10,21
T369,2022,7,18,4
T370,2023,11,14,2
T371,2022,3,28,12
T372,2022,12,30,4
T373,2021,10,5,21
T374,2022,1,15,4
T375,2023,4,30,8
T376,2023,9,18,20
T377,2022,7,13,7
T378,2023,4,5,9
T379,2023,11,13,19
T380,2023,11,6,12
T381,2022,10,21,2
T382,2022,9,30,11
T383,2021,12,2,18
T384,2023,12,25,21
T385,2022,10,30,9
T386,2023,3,21,23
T387,2023,2,12,1
T388,2023,11,28,1
T389,2023,3,30,20
T390,2021,4,14,22
T391,2023,5,3,0
T392,2022,7,5,13
T393,2023,12,25,17
T394,2023,3,11,6
T395,2023,2,6,20
T396,2022,7,3,9
T397,2022,10,15,4
T398,2023,6,23,21
T399,2023,11,18,23
T400,2022,4,8,18
T401,2023,9,2,20
T402,2022,6,28,10
T403,2022,7,20,15
T404,2023,11,5,19
T405,2022,4,3,7
T406,2023,9,22,2
T407,2023,7,18,13
T408,2022,10,20,20
T409,2023,3,7,17
T410,2023,1,29,9
T411,2022,7,7,17
T412,2023,4,25,3
T413,2023,9,10,11
T414,2023,4,15,8
T415,2023,12,30,22
T416,2023,12,8,19
T417,2022,1,20,3
T418,2022,10,12,16
T419,2022,10,11,21
T420,2021,10,15,4
T421,2023,6,30,17
T422,2023,12,4,4
T423,2023,8,22,1
T424,2023,5,18,15
T425,2022,9,28,10
T426,2022,12,28,4
T427,2023,8,30,21
T428,2023,3,15,15
T429,2023,7,16,12
T430,2021,10,15,0
T431,2021,3,31,14
T432,2023,7,18,4
T433,2023,3,23,12
T434,2023,12,7,16
T435,2023,4,6,17
T436,2022,12,24,18
T437,2023,3,16,6
T438,2022,3,1,23
T439,2022,12,21,8
T440,2023,7,25,21
T441,2023,6,1,20
T442,2023,2,22,8
T443,2022,9,16,6
T444,2022,6,28,13
T445,2022,9,11,13
T446,2022,12,22,0
T447,2023,6,1,11
T448,2022,11,1,2
T449,2023,8,6,19
T450,2023,10,14,14
T451,2023,2,8,23
T452,2022,7,14,19
T453,2023,5,27,3
T454,2022,4,6,13
T455,2023,2,13,1
T456,2022,10,25,15
T457,2023,3,27,15
T458,2022,8,29,2
T459,2023,12,22,16
T460,2022,6,24,2
T461,2022,6,26,9
T462,2022,9,2,10
T463,2021,12,11,14
T464,2022,8,27,10
T465,2023,8,13,7
T466,2023,3,30,10
T467,2022,5,31,11
T468,2021,8,15,23
T469,2022,9,5,9
T470,2022,7,4,15
T471,2023,8,15,15
T472,2023,8,5,22
T473,2023,1,24,11
T474,2023,5,27,4
T475,2021,8,13,12
T476,2022,7,9,20
T477,2021,4,21,16
T478,2023,1,25,4
T479,2022,1,26,22
T480,2022,1,27,18
T481,2022,7,20,18
T482,2023,8,29,7
T483,2023,7,14,9
T484,2022,12,18,10
T485,2023,3,11,16
T486,2023,4,15,19
T487,2023,2,18,15
T488,2023,7,11,11
T489,2021,8,20,22
T490,2023,3,17,2
T491,2023,4,27,9
T492,2022,1,22,16
T493,2022,12,10,2
T494,2023,1,20,17
T495,2021,9,23,9
T496,2023,9,28,3
T497,2022,8,3,19
T498,2022,11,8,13
T499,2021,1,27,8
T500,2023,1,3,5
T501,2023,11,11,14
T502,2023,8,25,18
T503,2023,9,22,16
T504,2021,9,10,1
T505,2021,10,19,15
T506,2023,7,24,2
T507,2022,9,16,0
T508,2023,10,2,11
T509,2021,2,26,23
T510,2023,3,9,16
T511,2023,6,15,0
T512,2023,2,25,1
T513,2023,3,7,2
T514,2021,11,6,16
T515,2023,11,19,19
T516,2023,3,29,0
T517,2023,9,8,22
T518,2022,10,1,1
T519,2023,4,27,20
T520,2023,12,20,12
T521,2021,12,13,6
T522,2022,6,6,19
T523,2023,9,19,5
T524,2023,6,26,19
T525,2022,8,17,18
T526,2023,1,4,21
T527,2021,9,4,16
T528,2022,10,20,0
T529,2023,6,22,12
T530,2023,10,17,19
T531,2023,2,24,3
T532,2023,9,24,0
T533,2022,12,23,20
T534,2022,7,11,11
T535,2022,1,23,2
T536,2023,11,17,21
T537,2023,5,10,19
T538,2023,10,6,4
T539,2021,12,4,20
T540,2022,4,25,3
T541,2023,3,9,10
T542,2023,11,13,20
T543,2023,8,31,19
T544,2023,12,7,20
T545,2023,2,11,9
T546,2023,6,24,13
T547,2023,10,3,3
T548,2022,3,30,17
T549,2023,7,31,12
T550,2022,6,17,17
T551,2023,10,29,15
T552,2023,7,29,17
T553,2023,1,14,23
T554,2023,10,6,17
T555,2023,2,6,19
T556,2021,10,12,14
T557,2023,9,5,22
T558,2023,1,11,17
T559,2022,6,2,19
T560,2021,10,6,1
T561,2023,10,18,14
T562,2023,1,3,7
T563,2023,5,13,9
T564,2021,12,23,18
T565,2023,11,26,11
T566,2022,3,3,7
T567,2021,3,29,11
T568,2023,10,27,16
T569,2023,5,31,3
T570,2023,10,5,22
T571,2023,5,26,3
T572,2022,4,12,6
T573,2023,1,24,19
T574,2023,12,17,17
T575,2022,8,19,11
T576,2022,4,16,23
T577,2022,8,7,0
T578,2023,12,5,15
T579,2021,12,21,8
T580,2023,8,10,2
T581,2023,9,14,22
T582,2023,3,20,10
T583,2023,2,5,5
T584,2021,12,2,22
T585,2023,8,29,11
T586,2023,9,13,14
T587,2023,7,27,11
T588,2023,4,13,4
T589,2021,8,11,18
T590,2022,6,19,11
T591,2021,9,19,5
T592,2022,10,23,22
T593,2022,9,1,22
T594,2023,7,8,10
T595,2022,12,10,2
T596,2023,9,4,17
T597,2023,10,22,10
T598,2022,1,8,13
T599,2022,11,15,14
T600,2023,4,29,9
T601,2022,8,22,15
T602,2023,5,8,22
T603,2023,12,29,20
T604,2021,12,6,3
T605,2022,8,24,0
T606,2023,9,5,20
T607,2022,8,17,21
T608,2022,9,1,8
T609,2023,11,30,19
T610,2023,2,20,8
T611,2022,11,2,15
T612,2023,3,19,14
T613,2023,1,31,0
T614,2022,2,16,16
T615,2022,9,10,15
T616,2023,4,8,14
T617,2022,5,10,20
T618,2022,3,1,13
T619,2022,10,22,17
T620,2023,6,2,2
T621,2023,6,14,23
T622,2023,6,28,9
T623,2022,10,4,12
T624,2022,4,11,1
T625,2022,6,3,12
T626,2023,2,11,12
T627,2022,11,5,3
T628,2022,12,16,4
T629,2022,9,6,3
T630,2023,12,19,14
T631,2021,5,22,18
T632,2022,9,7,11
T633,2023,2,8,14
T634,2021,8,13,20
T635,2022,10,8,0
T636,2023,9,18,9
T637,2023,1,23,18
T638,2023,9,5,11
T639,2023,1,21,2
T640,2023,3,20,11
T641,2023,11,1,8
T642,2023,2,20,1
T643,2021,5,6,13
T644,2023,12,25,11
T645,2022,8,17,23
T646,2023,2,8,8
T647,2021,12,26,0
T648,2022,12,22,6
T649,2022,6,16,3
T650,2023,10,7,17
T651,2022,12,23,12
T652,2023,7,27,13
T653,2023,5,29,21
T654,2022,12,9,13
T655,2022,5,24,18
T656,2023,4,6,10
T657,2022,8,12,8
T658,2021,7,21,3
T659,2023,10,9,10
T660,2021,6,16,3
T661,2021,12,13,21
T662,2023,12,24,0
T663,2023,4,17,1
T664,2022,9,18,3
T665,2023,10,9,6
T666,2023,12,2,1
T667,2023,5,27,0
T668,2023,1,20,9
T669,2023,5,5,5
T670,2023,12,23,23
T671,2022,10,29,7
T672,2021,11,3,10
T673,2023,4,10,23
T674,2023,1,14,15
T675,2023,2,9,4
T676,2022,5,9,4
T677,2023,3,6,8
T678,2022,9,4,8
T679,2022,1,7,17
T680,2021,12,9,14
T681,2023,6,7,18
T682,2023,6,19,21
T683,2023,4,15,14
T684,2023,10,29,21
T685,2021,12,19,13
T686,2023,6,26,8
T687,2023,4,28,9
T688,2022,4,24,22
T689,2023,11,18,10
T690,2022,7,30,9
T691,2023,11,21,13
T692,2023,7,6,21
T693,2021,7,21,9
T694,2023,9,21,13
T695,2023,11,9,22
T696,2021,2,14,21
T697,2023,3,30,7
T698,2023,9,9,23
T699,2023,10,29,10
T700,2023,3,11,7
T701,2023,3,9,11
T702,2021,12,31,22
T703,2023,5,1,7
T704,2023,9,8,19
T705,2023,11,8,5
T706,2023,10,2,15
T707,2023,10,13,16
T708,2023,1,30,15
T709,2023,4,17,15
T710,2023,12,18,20
T711,2023,10,11,21
T712,2023,7,13,16
T713,2023,10,4,15
T714,2022,12,18,17
T715,2023,1,4,8
T716,2022,7,12,4
T717,2023,5,13,13
T718,2021,10,29,23
T719,2023,2,7,19
T720,2023,5,9,12
T721,2023,6,11,23
T722,2023,9,23,17
T723,2023,10,10,18
T724,2023,1,25,0
T725,2023,9,12,20
T726,2022,11,24,11
T727,2023,1,27,0
T728,2022,7,24,23
T729,2022,6,9,10
T730,2022,12,21,9
T731,2023,7,28,7
T732,2023,2,7,19
T733,2023,3,9,15
T734,2021,12,19,21
T735,2023,2,5,20
T736,2023,11,19,18
T737,2022,9,30,19
T738,2023,12,28,11
T739,2023,10,11,21
T740,2022,5,13,12
T741,2023,5,24,17
T742,2022,11,20,8
T743,2021,7,11,5
T744,2022,10,3,18
T745,2022,3,30,5
T746,2022,12,26,17
T747,2022,11,2,20
T748,2023,2,12,11
T749,2022,10,24,10
T750,2022,6,9,20
T751,2023,10,24,6
T752,2023,11,11,13
T753,2023,12,5,21
T754,2023,4,15,18
T755,2023,5,9,7
T756,2023,6,28,21
T757,2023,2,16,21
T758,2023,6,13,4
T759,2023,1,25,3
T760,2023,8,26,6
T761,2023,8,16,18
T762,2023,9,13,3
T763,2023,7,18,20
T764,2022,12,2,21
T765,2023,7,14,6
T766,2022,10,13,3
T767,2021,6,28,9
T768,2023,12,20,20
T769,2021,2,12,22
T770,2023,10,5,21
T771,2023,7,31,10
T772,2022,8,24,7
T773,2022,10,26,10
T774,2022,11,4,17
T775,2022,5,18,8
T776,2022,6,27,21
T777,2023,6,19,7
T778,2022,12,23,5
T779,2021,9,5,19
T780,2021,6,19,9
T781,2021,8,31,22
T782,2022,4,2,16
T783,2022,4,23,18
T784,2022,4,29,14
T785,2023,1,18,9
T786,2022,12,10,0
T787,2023,3,8,13
T788,2023,11,10,3
T789,2023,12,18,0
T790,2023,3,21,9
T791,2023,3,22,21
T792,2023,5,29,19
T793,2021,2,24,11
T794,2023,11,28,17
T795,2023,8,6,4
T796,2023,10,21,3
T797,2023,2,20,11
T798,2023,9,17,11
T799,2021,9,23,14
T800,2023,11,30,2
T801,2022,12,17,9
T802,2021,11,29,14
T803,2023,3,26,3
T804,2022,9,11,15
T805,2023,8,15,17
T806,2022,10,31,13
T807,2022,12,23,10
T808,2023,9,1,23
T809,2022,12,30,17
T810,2023,4,6,14
T811,2022,7,11,23
T812,2023,9,5,9
T813,2023,6,11,1
T814,2023,1,2,14
T815,2023,11,28,19
T816,2022,10,20,1
T817,2022,9,20,18
T818,2022,11,3,19
T819,2022,11,21,13
T820,2023,4,29,4
T821,2023,9,8,11
T822,2021,4,22,18
T823,2022,2,11,2
T824,2022,12,20,23
T825,2023,5,14,5
T826,2022,12,21,6
T827,2023,4,18,7
T828,2023,1,20,23
T829,2023,2,11,15
T830,2023,9,28,22
T831,2023,1,12,17
T832,2023,10,2,15
T833,2022,3,5,9
T834,2023,2,13,15
T835,2023,12,10,14
T836,2023,12,16,6
T837,2023,10,27,11
T838,2023,8,24,0
T839,2023,7,25,3
T840,2023,12,5,16
T841,2023,9,16,15
T842,2022,11,16,22
T843,2021,2,24,14
T844,2023,8,13,12
T845,2023,6,17,8
T846,2023,2,28,10
T847,2023,11,4,22
T848,2023,6,24,10
T849,2023,1,12,19
T850,2022,10,27,14
T851,2021,10,25,16
T852,2022,9,4,17
T853,2022,4,23,22
T854,2021,8,31,16
T855,2021,9,5,1
T856,2022,7,17,5
T857,2023,3,4,12
T858,2023,8,25,3
T859,2023,9,6,17
T860,2022,9,9,21
T861,2022,11,3,23
T862,2022,5,31,15
T863,2023,3,29,9
T864,2023,11,29,7
T865,2023,1,24,1
T866,2023,4,11,10
T867,2023,12,19,2
T868,2023,2,24,14
T869,2022,2,7,16
T870,2021,3,26,21
T871,2022,8,27,7
T872,2023,10,7,12
T873,2023,12,26,18
T874,2022,6,2,23
T875,2023,12,25,20
T876,2023,10,4,17
T877,2022,3,5,11
T878,2021,8,15,8
T879,2021,5,23,9
T880,2023,10,6,2
T881,2023,2,5,9
T882,2022,9,15,2
T883,2023,4,9,17
T884,2022,1,13,23
T885,2022,8,22,2
T886,2023,5,31,10
T887,2022,10,7,12
T888,2023,10,4,4
T889,2023,6,4,22
T890,2023,12,5,23
T891,2023,3,19,12
T892,2023,4,14,14
T893,2022,11,23,13
T894,2022,8,25,11
T895,2022,1,31,23
T896,2023,5,22,19
T897,2023,3,30,11
T898,2023,3,1,17
T899,2023,4,19,5
T900,2023,7,2,3
T901,2022,7,27,12
T902,2023,12,13,16
T903,2022,12,9,23
T904,2022,9,26,13
T905,2022,10,14,13
T906,2023,5,11,4
T907,2021,12,26,23
T908,2022,12,24,17
T909,2022,10,19,21
T910,2023,8,25,20
T911,2022,10,18,0
T912,2023,8,8,23
T913,2022,2,3,0
T914,2022,4,5,18
T915,2023,5,6,11
T916,2023,6,3,4
T917,2023,4,19,22
T918,2023,9,13,5
T919,2022,11,20,12
T920,2021,8,7,0
T921,2021,12,30,17
T922,2023,9,20,22
T923,2023,9,30,16
T924,2022,7,23,4
T925,2023,4,6,23
T926,2022,3,7,7
T927,2023,3,10,8
T928,2023,5,6,3
T929,2023,3,19,8
T930,2023,7,26,5
T931,2023,7,13,3
T932,2023,11,1,5
T933,2023,12,13,9
T934,2022,1,29,19
T935,2023,3,23,0
T936,2023,9,14,13
T937,2023,5,5,15
T938,2022,8,16,19
T939,2022,1,12,0
T940,2021,12,3,12
T941,2022,5,21,14
T942,2022,7,10,14
T943,2023,8,26,18
T944,2022,11,30,20
T945,2023,10,29,22
T946,2022,1,24,9
T947,2022,1,30,18
T948,2023,1,12,5
T949,2021,12,10,14
T950,2021,12,18,6
T951,2023,5,9,3
T952,2021,12,25,13
T953,2023,1,12,11
T954,2023,7,19,9
T955,2023,8,15,18
T956,2022,3,30,17
T957,2022,8,1,3
T958,2022,9,7,11
T959,2022,4,26,2
T960,2023,11,3,10
T961,2022,11,7,7
T962,2023,9,1,17
T963,2021,7,5,22
T964,2023,1,12,10
T965,2022,6,9,10
T966,2022,3,10,15
T967,2023,2,3,10
T968,2023,8,11,4
T969,2021,7,7,3
T970,2023,7,3,5
T971,2023,1,27,15
T972,2023,10,6,15
T973,2022,3,11,16
T974,2023,9,20,18
T975,2023,7,20,20
T976,2022,9,24,11
T977,2022,8,30,10
T978,2023,1,12,19
T979,2023,7,28,15
T980,2022,1,20,1
T981,2023,1,2,1
T982,2022,6,11,2
T983,2023,6,24,3
T984,2021,9,23,10
T985,2023,3,23,17
T986,2023,12,12,6
T987,2022,5,6,14
T988,2021,8,16,10
T989,2022,4,14,4
T990,2023,6,24,4
T991,2023,6,4,14
T992,2023,2,13,10
T993,2021,10,2,20
T994,2023,11,10,19
T995,2022,12,28,12
T996,2022,10,21,7
T997,2023,1,16,7
T998,2023,2,19,11
T999,2022,4,2,16
T1000,2023,7,15,15
T1001,2021,7,12,10
T1002,2023,3,5,7
T1003,2023,5,14,15
T1004,2023,2,6,13
T1005,2023,5,10,6
T1006,2022,6,12,12
T1007,2021,10,10,16
T1008,2022,12,13,13
T1009,2022,2,9,16
T1010,2023,6,13,12
T1011,2023,4,30,11
T1012,2022,7,25,11
T1013,2023,5,22,12
T1014,2022,10,3,7
T1015,2022,11,26,5
T1016,2022,7,11,5
T1017,2023,5,14,1
T1018,2023,8,10,2
T1019,2022,2,19,14
T1020,2021,11,8,4
T1021,2021,7,15,8
T1022,2022,12,10,19
T1023,2023,5,21,19
T1024,2023,3,3,9
T1025,2022,12,22,3
T1026,2022,4,26,19
T1027,2022,3,17,13
T1028,2023,7,1,1
T1029,2022,8,20,17
T1030,2023,11,12,23
T1031,2022,9,10,10
T1032,2023,4,21,0
T1033,2021,8,31,2
T1034,2022,8,24,1
T1035,2022,10,10,2
T1036,2022,12,1,18
T1037,2023,5,29,15
T1038,2023,2,28,15
T1039,2022,7,1,12
T1040,2023,11,19,10
T1041,2022,12,28,9
T1042,2023,5,20,16
T1043,2022,11,5,10
T1044,2022,7,25,13
T1045,2021,10,11,18
T1046,2023,7,4,9
T1047,2023,6,14,5
T1048,2022,12,24,19
T1049,2023,4,10,10
T1050,2022,8,29,13
T1051,2022,12,8,17
T1052,2022,9,21,17
T1053,2023,10,29,9
T1054,2023,10,25,21
T1055,2023,2,17,1
T1056,2022,5,26,20
T1057,2022,3,12,21
T1058,2023,6,25,12
T1059,2021,10,15,5
T1060,2022,7,14,15
T1061,2023,12,28,21
T1062,2023,7,14,8
T1063,2023,6,5,14
T1064,2023,12,1,5
T1065,2023,9,25,6
T1066,2022,11,23,20
T1067,2022,5,7,21
T1068,2022,12,9,13
T1069,2023,1,28,3
T1070,2022,10,31,17
T1071,2022,7,3,10
T1072,2022,12,16,1
T1073,2022,10,1,21
T1074,2023,8,6,2
T1075,2022,6,29,19
T1076,2023,6,25,8
T1077,2021,9,16,15
T1078,2022,12,9,2
T1079,2022,12,17,2
T1080,2022,10,29,20
T1081,2022,5,23,21
T1082,2022,2,22,0
T1083,2022,8,29,13
T1084,2023,8,5,12
T1085,2022,10,18,23
T1086,2021,8,24,13
T1087,2022,1,26,12
T1088,2023,7,22,13
T1089,2022,9,15,2
T1090,2023,7,31,22
T1091,2022,10,6,14
T1092,2022,7,18,16
T1093,2023,7,8,0
T1094,2022,5,11,2
T1095,2021,12,4,15
T1096,2022,3,18,11
T1097,2022,12,1,1
T1098,2022,6,7,20
T1099,2023,10,26,2
T1100,2022,3,29,1
T1101,2022,9,20,20
T1102,2021,8,3,9
T1103,2023,3,2,14
T1104,2022,1,2,21
T1105,2023,7,27,19
T1106,2023,3,27,15
T1107,2022,10,15,11
T1108,2023,9,3,16
T1109,2022,1,19,12
T1110,2023,6,30,13
T1111,2023,7,10,14
T1112,2022,5,4,14
T1113,2023,6,26,19
T1114,2023,6,10,8
T1115,2021,11,17,17
T1116,2022,10,28,18
T1117,2021,9,5,22
T1118,2023,6,23,21
T1119,2021,7,4,2
T1120,2023,12,24,5
T1121,2022,4,26,0
T1122,2023,6,26,11
T1123,2022,1,17,20
T1124,2023,12,9,22
T1125,2021,10,26,14
T1126,2023,5,7,5
T1127,2023,3,29,17
T1128,2023,1,2,6
T1129,2022,10,11,7
T1130,2023,11,27,9
T1131,2022,10,20,14
T1132,2023,4,14,22
T1133,2022,2,1,19
T1134,2023,10,10,3
T1135,2023,3,19,4
T1136,2023,8,20,3
T1137,2023,3,20,2
T1138,2022,12,25,9
T1139,2022,3,20,16
T1140,2023,6,4,19
T1141,2023,6,29,11
T1142,2022,3,6,14
T1143,2023,11,17,13
T1144,2023,7,4,12
T1145,2021,9,19,11
T1146,2022,2,21,16
T1147,2022,6,29,22
T1148,2023,12,14,6
T1149,2021,5,29,5
T1150,2023,12,14,11
T1151,2023,4,30,2
T1152,2022,3,1,15
T1153,2023,10,12,5
T1154,2023,1,2,19
T1155,2022,11,18,11
T1156,2023,5,10,20
T1157,2023,1,19,11
T1158,2023,10,10,7
T1159,2021,12,10,12
T1160,2023,6,21,12
T1161,2023,9,2,4
T1162,2023,4,22,6
T1163,2023,12,13,22
T1164,2023,11,3,1
T1165,2023,4,22,14
T1166,2022,11,15,11
T1167,2023,4,9,9
T1168,2023,7,28,5
T1169,2022,9,9,17
T1170,2022,10,27,5
T1171,2022,10,31,21
T1172,2023,1,28,7
T1173,2023,2,19,23
T1174,2022,11,25,16
T1175,2023,4,28,6
T1176,2022,6,22,13
T1177,2023,4,26,22
T1178,2022,9,5,3
T1179,2023,2,20,2
T1180,2023,6,23,9
T1181,2023,5,18,20
T1182,2023,9,3,13
T1183,2023,6,24,21
T1184,2023,1,3,17
T1185,2023,9,25,19
T1186,2022,9,21,21
T1187,2022,4,4,7
T1188,2021,9,21,12
T1189,2022,6,11,6
T1190,2021,7,15,4
T1191,2022,5,26,11
T1192,2023,9,14,3
T1193,2023,7,19,8
T1194,2022,12,3,5
T1195,2023,11,28,12
T1196,2022,12,29,20
T1197,2021,12,4,3
T1198,2023,7,10,3
T1199,2022,3,31,18
T1200,2022,2,6,14
T1201,2022,2,24,18
T1202,2022,2,6,21
T1203,2023,7,25,15
T1204,2022,10,6,4
T1205,2022,4,8,23
T1206,2023,9,11,6
T1207,2022,5,14,5
T1208,2023,6,26,14
T1209,2023,12,22,1
T1210,2023,7,27,7
T1211,2021,11,27,13
T1212,2023,2,20,13
T1213,2023,7,3,5
T1214,2023,11,19,11
T1215,2023,11,2,0
T1216,2023,12,12,18
T1217,2022,1,24,10
T1218,2023,1,6,3
T1219,2022,8,14,12
T1220,2023,4,25,3
T1221,2023,8,16,1
T1222,2023,4,16,15
T1223,2022,12,2,22
T1224,2023,2,13,4
T1225,2022,9,18,7
T1226,2022,9,3,7
T1227,2022,8,20,13
T1228,2022,5,27,5
T1229,2022,11,12,0
T1230,2022,12,31,10
T1231,2022,7,6,8
T1232,2023,6,3,21
T1233,2022,12,19,2
T1234,2023,9,27,7
T1235,2021,8,30,11
T1236,2023,9,16,23
T1237,2023,8,14,20
T1238,2022,11,11,11
T1239,2021,11,11,7
T1240,2023,5,15,7
T1241,2023,10,11,18
T1242,2023,8,11,11
T1243,2023,8,1,16
T1244,2023,2,7,2
T1245,2023,3,24,8
T1246,2023,10,14,8
T1247,2023,3,31,21
T1248,2022,9,24,5
T1249,2022,7,19,18
T1250,2023,10,12,7
T1251,2023,12,12,5
T1252,2022,1,29,16
T1253,2023,8,4,0
T1254,2023,2,6,23
T1255,2023,11,22,3
T1256,2022,11,14,11
T1257,2023,2,17,11
T1258,2023,11,16,20
T1259,2023,1,24,3
T1260,2021,9,19,16
T1261,2023,9,16,23
T1262,2021,10,21,10
T1263,2023,1,27,15
T1264,2023,4,8,5
T1265,2022,12,28,18
T1266,2023,10,24,19
T1267,2022,11,29,15
T1268,2023,1,5,10
T1269,2021,5,1,16
T1270,2023,12,20,16
T1271,2023,5,22,20
T1272,2023,4,16,10
T1273,2023,12,2,4
T1274,2023,10,6,3
T1275,2021,7,24,15
T1276,2023,8,11,9
T1277,2022,5,21,16
T1278,2023,7,11,3
T1279,2023,5,29,17
T1280,2023,8,6,7
T1281,2022,1,18,11
T1282,2022,8,8,9
T1283,2023,12,6,11
T1284,2023,10,15,17
T1285,2023,4,5,3
T1286,2022,10,19,0
T1287,2021,12,4,3
T1288,2022,10,17,10
T1289,2022,9,12,19
T1290,2022,11,24,20
T1291,2022,9,25,20
T1292,2022,1,17,1
T1293,2023,5,15,5
T1294,2022,7,12,5
T1295,2021,11,13,21
T1296,2023,1,25,9
T1297,2023,10,14,22
T1298,2021,7,14,4
T1299,2023,6,25,17
T1300,2022,8,20,2
T1301,2022,11,14,9
T1302,2023,7,5,13
T1303,2023,1,6,8
T1304,2022,11,22,10
T1305,2022,7,6,20
T1306,2023,8,26,6
T1307,2021,11,20,16
T1308,2022,10,24,0
T1309,2022,9,30,17
T1310,2023,1,20,19
T1311,2023,11,26,18
T1312,2023,8,18,2
T1313,2023,7,17,0
T1314,2022,3,19,3
T1315,2022,3,30,1
T1316,2023,2,14,9
T1317,2023,2,12,18
T1318,2023,8,5,8
T1319,2022,5,3,19
T1320,2022,10,20,5
T1321,2022,1,20,18
T1322,2023,5,12,5
T1323,2022,10,16,7
T1324,2021,12,12,6
T1325,2022,5,14,2
T1326,2021,10,21,10
T1327,2023,12,17,22
T1328,2021,10,9,12
T1329,2023,11,7,1
T1330,2022,11,20,5
T1331,2022,8,16,10
T1332,2023,7,16,20
T1333,2023,4,23,19
T1334,2021,12,29,14
T1335,2022,10,15,8
T1336,2023,12,20,16
T1337,2022,8,26,19
T1338,2021,9,16,0
T1339,2023,12,11,9
T1340,2023,1,26,17
T1341,2022,7,14,23
T1342,2023,1,12,9
T1343,2023,4,19,6
T1344,2023,7,29,10
T1345,2022,12,26,5
T1346,2023,10,2,22
T1347,2023,9,23,4
T1348,2022,4,19,1
T1349,2022,12,12,20
T1350,2022,2,14,1
T1351,2023,1,25,19
T1352,2023,7,2,16
T1353,2023,1,8,9
T1354,2023,4,29,0
T1355,2023,4,6,17
T1356,2022,10,26,3
T1357,2022,3,16,0
T1358,2023,7,8,6
T1359,2023,1,26,8
T1360,2021,12,10,18
T1361,2022,9,25,21
T1362,2023,9,25,4
T1363,2023,12,26,6
T1364,2023,6,3,3
T1365,2022,4,11,19
T1366,2023,5,1,14
T1367,2022,3,3,4
T1368,2023,3,13,19
T1369,2021,10,2,1
T1370,2023,10,19,23
T1371,2022,1,16,18
T1372,2023,9,3,17
T1373,2021,11,12,0
T1374,2023,2,8,19
T1375,2022,3,25,6
T1376,2023,6,23,10
T1377,2023,4,1,21
T1378,2021,8,25,20
T1379,2022,8,11,16
T1380,2022,5,26,23
T1381,2021,3,24,23
T1382,2022,1,28,0
T1383,2022,8,19,11
T1384,2023,5,23,8
T1385,2023,9,28,21
T1386,2023,8,12,20
T1387,2023,10,23,7
T1388,2022,8,4,19
T1389,2021,5,23,8
T1390,2023,9,4,16
T1391,2023,6,14,9
T1392,2023,10,10,14
T1393,2023,6,29,5
T1394,2023,8,3,4
T1395,2022,12,5,5
T1396,2023,7,1,23
T1397,2022,1,6,12
T1398,2023,5,31,11
T1399,2022,12,20,18
T1400,2021,12,16,9
T1401,2022,10,26,17
T1402,2023,10,22,12
T1403,2023,3,14,23
T1404,2022,2,23,16
T1405,2022,9,13,17
T1406,2022,6,20,9
T1407,2023,1,14,5
T1408,2023,6,10,12
T1409,2021,6,23,12
T1410,2023,6,11,11
T1411,2022,11,21,12
T1412,2023,10,6,2
T1413,2022,11,16,8
T1414,2023,10,29,22
T1415,2023,4,23,16
T1416,2022,4,24,18
T1417,2022,5,18,6
T1418,2023,3,4,0
T1419,2022,7,24,9
T1420,2021,12,8,2
T1421,2022,2,12,6
T1422,2023,4,30,3
T1423,2023,9,24,10
T1424,2022,11,5,11
T1425,2023,10,24,20
T1426,2022,7,6,20
T1427,2022,8,26,10
T1428,2021,10,9,20
T1429,2023,10,28,6
T1430,2023,12,17,16
T1431,2023,6,12,20
T1432,2022,8,14,1
T1433,2022,4,26,14
T1434,2023,4,7,11
T1435,2023,5,11,17
T1436,2022,4,15,2
T1437,2022,1,21,15
T1438,2023,10,16,4
T1439,2023,1,12,12
T1440,2022,4,17,6
T1441,2021,8,10,21
T1442,2022,11,14,15
T1443,2023,10,5,16
T1444,2021,11,6,9
T1445,2022,5,5,21
T1446,2023,5,22,7
T1447,2023,7,3,8
T1448,2022,1,20,16
T1449,2021,8,3,18
T1450,2022,11,3,10
T1451,2023,1,12,5
T1452,2023,6,12,0
T1453,2022,12,21,7
T1454,2023,7,22,10
T1455,2022,10,26,23
T1456,2023,7,16,12
T1457,2023,3,11,6
T1458,2023,9,26,19
T1459,2021,3,26,18
T1460,2022,11,14,13
T1461,2023,4,3,6
T1462,2023,10,5,4
T1463,2023,7,19,17
T1464,2023,12,18,10
T1465,2023,5,27,23
T1466,2022,9,30,11
T1467,2023,5,14,14
T1468,2023,2,1,9
T1469,2023,12,20,21
T1470,2023,2,1,4
T1471,2023,9,25,9
T1472,2022,5,11,13
T1473,2023,1,27,2
T1474,2021,9,18,9
T1475,2022,5,12,18
T1476,2023,10,22,18
T1477,2023,10,8,22
T1478,2021,4,10,6
T1479,2023,6,27,15
T1480,2021,4,13,22
T1481,2023,10,8,0
T1482,2023,4,14,19
T1483,2021,6,1,6
T1484,2023,3,31,7
T1485,2023,7,28,16
T1486,2022,3,8,1
T1487,2023,8,25,2
T1488,2023,4,22,4
T1489,2023,3,12,3
T1490,2023,5,2,11
T1491,2022,6,26,1
T1492,2023,5,7,15
T1493,2023,5,18,22
T1494,2022,8,8,18
T1495,2022,5,19,3
T1496,2023,8,25,1
T1497,2022,2,17,19
T1498,2022,3,6,7
T1499,2023,5,10,19
T1500,2023,5,30,10
T1501,2023,9,10,1
T1502,2023,1,12,3
T1503,2021,10,15,19
T1504,2023,11,16,13
T1505,2023,5,4,20
T1506,2023,8,3,10
T1507,2023,3,24,6
T1508,2022,9,28,6
T1509,2023,5,30,20
T1510,2022,5,15,10
T1511,2022,11,18,19
T1512,2023,10,10,15
T1513,2022,10,15,7
T1514,2023,6,10,10
T1515,2023,9,2,19
T1516,2021,12,25,19
T1517,2023,7,2,15
T1518,2022,5,25,2
T1519,2023,1,6,12
T1520,2021,12,27,19
T1521,2023,3,24,12
T1522,2022,6,24,0
T1523,2023,5,18,21
T1524,2021,3,7,17
T1525,2022,11,8,20
T1526,2023,6,17,0
T1527,2023,3,1,22
T1528,2023,8,22,4
T1529,2023,8,13,22
T1530,2022,2,4,18
T1531,2023,5,27,20
T1532,2023,4,13,21
T1533,2022,9,24,1
T1534,2023,9,3,9
T1535,2023,6,16,14
T1536,2022,12,4,17
T1537,2022,6,21,14
T1538,2023,10,5,5
T1539,2022,4,8,20
T1540,2022,12,28,22
T1541,2023,6,30,4
T1542,2022,10,29,4
T1543,2021,9,2,21
T1544,2022,1,26,22
T1545,2021,7,22,6
T1546,2023,10,15,16
T1547,2023,10,25,4
T1548,2022,3,20,20
T1549,2021,3,22,17
T1550,2022,3,5,16
T1551,2022,4,22,5
T1552,2021,10,24,16
T1553,2023,5,28,23
T1554,2023,7,27,0
T1555,2023,8,26,17
T1556,2023,12,15,9
T1557,2023,11,25,4
T1558,2023,3,4,12
T1559,2022,11,25,15
T1560,2022,12,19,3
T1561,2023,1,30,13
T1562,2023,12,18,18
T1563,2021,9,13,21
T1564,2022,12,12,23
T1565,2022,10,19,17
T1566,2023,6,26,23
T1567,2023,10,30,2
T1568,2023,11,3,17
T1569,2022,11,28,2
T1570,2023,11,17,9
T1571,2023,6,23,11
T1572,2023,10,2,4
T1573,2022,2,7,22
T1574,2021,6,11,7
T1575,2022,8,2,19
T1576,2023,10,10,17
T1577,2023,3,2,11
T1578,2022,10,8,20
T1579,2022,7,21,22
T1580,2022,4,4,15
T1581,2022,11,2,20
T1582,2023,3,14,12
T1583,2023,9,4,1
T1584,2021,9,18,8
T1585,2022,9,6,9
T1586,2022,3,13,4
T1587,2023,3,3,1
T1588,2023,10,29,16
T1589,2022,10,25,11
T1590,2023,6,2,4
T1591,2022,11,26,11
T1592,2022,3,6,0
T1593,2022,9,30,4
T1594,2022,5,30,5
T1595,2023,3,18,14
T1596,2023,4,15,6
T1597,2023,6,8,10
T1598,2022,8,22,9
T1599,2022,12,29,17
T1600,2023,11,14,13
T1601,2022,8,2,4
T1602,2022,10,6,21
T1603,2023,4,25,22
T1604,2022,12,28,16
T1605,2022,9,19,10
T1606,2023,11,26,11
T1607,2023,12,22,15
T1608,2023,1,13,13
T1609,2022,1,14,16
T1610,2022,10,16,4
T1611,2021,5,27,5
T1612,2022,10,27,7
T1613,2023,7,27,19
T1614,2021,5,31,5
T1615,2023,9,23,20
T1616,2022,6,28,0
T1617,2022,12,7,17
T1618,2023,8,21,23
T1619,2023,3,17,22
T1620,2023,1,9,12
T1621,2022,1,16,20
T1622,2023,3,4,15
T1623,2023,5,24,9
T1624,2022,5,30,4
T1625,2023,12,16,21
T1626,2023,3,17,19
T1627,2022,7,2,3
T1628,2022,12,8,5
T1629,2023,9,20,9
T1630,2023,9,15,21
T1631,2023,8,29,10
T1632,2023,1,17,0
T1633,2023,4,3,5
T1634,2022,10,28,19
T1635,2022,4,15,15
T1636,2023,8,22,4
T1637,2021,12,5,20
T1638,2023,10,16,10
T1639,2023,2,9,4
T1640,2023,9,18,1
T1641,2023,5,12,16
T1642,2021,7,22,2
T1643,2023,7,3,17
T1644,2023,9,1,9
T1645,2023,8,31,6
T1646,2022,9,9,15
T1647,2021,6,4,10
T1648,2023,8,14,2
T1649,2023,6,26,14
T1650,2023,5,31,8
T1651,2023,1,1,17
T1652,2023,6,28,20
T1653,2023,2,8,18
T1654,2021,7,7,22
T1655,2023,10,10,16
T1656,2023,5,3,20
T1657,2023,10,12,9
T1658,2022,6,18,11
T1659,2022,12,22,23
T1660,2023,6,11,3
T1661,2022,8,12,6
T1662,2023,9,24,8
T1663,2022,9,14,14
T1664,2021,12,5,23
T1665,2023,6,21,12
T1666,2022,11,26,21
T1667,2021,8,10,12
T1668,2021,8,17,16
T1669,2021,3,3,22
T1670,2023,12,1,23
T1671,2022,9,2,0
T1672,2022,12,31,7
T1673,2023,7,18,19
T1674,2021,6,17,12
T1675,2023,6,26,11
T1676,2023,6,17,4
T1677,2023,7,25,18
T1678,2023,12,13,15
T1679,2023,4,6,7
T1680,2023,7,17,8
T1681,2023,4,16,1
T1682,2023,4,6,0
T1683,2023,7,11,9
T1684,2023,7,8,6
T1685,2022,12,22,14
T1686,2023,11,4,13
T1687,2021,9,17,8
T1688,2023,1,13,5
T1689,2022,9,3,17
T1690,2023,3,1,14
T1691,2022,7,9,4
T1692,2022,2,8,8
T1693,2023,4,2,21
T1694,2023,12,8,9
T1695,2023,6,21,11
T1696,2023,12,23,0
T1697,2022,7,28,10
T1698,2022,10,18,17
T1699,2023,4,8,21
T1700,2023,11,21,11
T1701,2023,9,8,5
T1702,2023,11,27,5
T1703,2023,5,17,16
T1704,2023,11,4,15
T1705,2023,9,15,22
T1706,2023,12,5,12
T1707,2022,11,13,3
T1708,2023,6,18,4
T1709,2021,6,15,3
T1710,2023,1,5,9
T1711,2021,12,31,19
T1712,2023,2,18,4
T1713,2023,8,27,0
T1714,2022,12,12,18
T1715,2022,1,17,22
T1716,2023,2,10,23
T1717,2023,3,1,16
T1718,2023,4,5,5
T1719,2022,12,3,14
T1720,2023,12,28,2
T1721,2022,1,16,10
T1722,2023,2,22,3
T1723,2022,1,7,18
T1724,2022,12,8,5
T1725,2023,6,9,22
T1726,2022,8,23,21
T1727,2023,10,11,10
T1728,2022,4,1,13
T1729,2023,12,15,5
T1730,2021,6,28,4
T1731,2022,8,27,21
T1732,2023,11,13,12
T1733,2023,1,16,14
T1734,2023,12,30,16
T1735,2023,9,9,14
T1736,2023,7,28,19
T1737,2023,1,17,12
T1738,2022,10,7,19
T1739,2022,2,25,17
T1740,2023,4,30,23
T1741,2023,4,2,10
T1742,2021,12,19,14
T1743,2022,9,20,21
T1744,2022,11,10,3
T1745,2022,10,14,22
T1746,2022,9,13,6
T1747,2022,8,24,12
T1748,2023,1,25,18
T1749,2023,8,27,19
T1750,2022,10,3,17
T1751,2022,12,15,14
T1752,2022,8,17,8
T1753,2023,7,14,10
T1754,2023,3,2,19
T1755,2022,9,5,7
T1756,2023,1,24,3
T1757,2022,1,8,4
T1758,2023,1,7,19
T1759,2022,8,27,2
T1760,2023,5,16,0
T1761,2022,9,13,11
T1762,2022,12,11,3
T1763,2022,12,2,5
T1764,2022,5,16,3
T1765,2022,11,15,10
T1766,2022,9,9,23
T1767,2021,5,25,13
T1768,2023,10,27,6
T1769,2022,11,9,22
T1770,2023,4,18,11
T1771,2021,12,25,15
T1772,2023,5,5,15
T1773,2022,8,30,15
T1774,2022,11,5,22
T1775,2021,10,7,2
T1776,2023,6,28,13
T1777,2023,3,17,6
T1778,2023,5,13,23
T1779,2023,7,27,22
T1780,2022,10,20,3
T1781,2023,3,25,7
T1782,2022,5,25,20
T1783,2023,11,8,19
T1784,2022,4,24,9
T1785,2022,10,8,11
T1786,2023,10,26,12
T1787,2023,12,19,19
T1788,2021,9,1,7
T1789,2022,7,27,12
T1790,2023,6,10,17
T1791,2022,2,20,3
T1792,2022,2,12,14
T1793,2022,2,18,0
T1794,2023,3,25,10
T1795,2023,7,24,21
T1796,2022,9,26,16
T1797,2022,11,2,7
T1798,2023,6,6,7
T1799,2022,2,28,21
T1800,2023,10,6,13
T1801,2022,11,12,23
T1802,2022,3,25,13
T1803,2023,5,22,9
T1804,2023,8,19,13
T1805,2023,5,17,9
T1806,2023,8,26,7
T1807,2023,5,16,18
T1808,2022,1,13,22
T1809,2022,7,9,22
T1810,2021,7,24,4
T1811,2023,6,2,21
T1812,2021,8,23,9
T1813,2022,11,22,22
T1814,2023,10,28,14
T1815,2022,5,19,10
T1816,2022,6,14,19
T1817,2023,9,9,21
T1818,2021,7,27,9
T1819,2023,4,3,19
T1820,2023,1,1,4
T1821,2022,11,24,22
T1822,2023,2,16,0
T1823,2023,11,6,16
T1824,2023,9,21,18
T1825,2022,11,7,10
T1826,2023,8,22,16
T1827,2023,1,17,17
T1828,2022,6,29,3
T1829,2022,9,26,8
T1830,2023,6,20,12
T1831,2022,12,22,6
T1832,2022,9,13,4
T1833,2022,11,30,20
T1834,2022,11,21,15
T1835,2022,6,16,5
T1836,2022,11,10,17
T1837,2021,9,28,3
T1838,2023,5,29,10
T1839,2022,10,15,21
T1840,2023,8,25,23
T1841,2022,9,22,11
T1842,2023,5,26,4
T1843,2022,4,3,17
T1844,2022,9,2,12
T1845,2023,6,23,9
T1846,2023,5,9,15
T1847,2023,2,19,10
T1848,2021,6,13,22
T1849,2022,3,28,0
T1850,2022,12,25,22
T1851,2023,2,12,21
T1852,2023,7,25,5
T1853,2023,7,2,16
T1854,2023,2,7,18
T1855,2022,6,30,13
T1856,2023,7,9,22
T1857,2022,7,26,17
T1858,2022,7,2,1
T1859,2022,10,6,1
T1860,2023,10,2,13
T1861,2022,2,22,4
T1862,2022,3,30,16
T1863,2022,12,5,3
T1864,2021,9,30,7
T1865,2023,11,25,23
T1866,2023,4,17,10
T1867,2023,4,13,9
T1868,2023,10,16,13
T1869,2021,9,26,21
T1870,2022,3,1,13
T1871,2023,8,10,23
T1872,2023,12,6,9
T1873,2022,6,7,14
T1874,2023,1,30,1
T1875,2022,12,13,18
T1876,2023,4,7,1
T1877,2022,4,30,1
T1878,2021,7,23,23
T1879,2022,4,24,12
T1880,2023,6,6,3
T1881,2021,10,3,22
T1882,2022,6,27,9
T1883,2022,11,11,8
T1884,2023,10,7,16
T1885,2023,12,16,23
T1886,2023,11,5,22
T1887,2022,1,10,17
T1888,2022,12,20,6
T1889,2022,12,7,18
T1890,2023,10,28,19
T1891,2023,3,21,21
T1892,2022,11,8,22
T1893,2022,5,15,14
T1894,2021,10,7,17
T1895,2021,12,25,0
T1896,2023,4,29,18
T1897,2022,12,14,14
T1898,2022,12,12,8
T1899,2022,12,20,23
T1900,2023,12,8,2
T1901,2022,6,27,0
T1902,2023,8,28,16
T1903,2023,9,16,17
T1904,2022,7,30,15
T1905,2023,9,18,2
T1906,2023,3,6,9
T1907,2022,7,15,11
T1908,2023,12,27,6
T1909,2021,11,7,6
T1910,2023,12,30,4
T1911,2023,4,17,12
T1912,2023,7,17,15
T1913,2023,1,9,11
T1914,2023,8,4,11
T1915,2023,9,17,16
T1916,2023,10,6,6
T1917,2022,11,6,8
T1918,2022,3,13,4
T1919,2023,8,20,23
T1920,2021,7,28,18
T1921,2022,3,25,22
T1922,2023,1,23,8
T1923,2023,12,29,6
T1924,2023,6,29,3
T1925,2023,6,8,23
T1926,2023,10,5,19
T1927,2023,2,7,15
T1928,2021,12,10,20
T1929,2023,10,17,17
T1930,2021,12,2,0
T1931,2023,6,3,20
T1932,2023,7,19,4
T1933,2022,12,22,14
T1934,2023,10,11,2
T1935,2023,12,15,19
T1936,2023,6,28,20
T1937,2023,2,19,2
T1938,2022,6,17,20
T1939,2023,6,7,16
T1940,2022,11,2,16
T1941,2023,10,26,4
T1942,2022,9,12,19
T1943,2022,11,11,7
T1944,2023,10,3,8
T1945,2023,5,26,9
T1946,2022,2,15,10
T1947,2023,7,20,7
T1948,2023,2,1,16
T1949,2023,4,10,21
T1950,2022,12,30,9
T1951,2022,4,3,12
T1952,2022,8,19,23
T1953,2023,2,11,2
T1954,2022,10,14,3
T1955,2023,1,9,16
T1956,2023,10,5,3
T1957,2023,2,16,5
T1958,2021,12,12,10
T1959,2023,2,7,19
T1960,2023,3,15,0
T1961,2023,6,24,1
T1962,2022,7,1,6
T1963,2022,12,16,23
T1964,2023,1,10,4
T1965,2023,8,29,15
T1966,2023,3,4,19
T1967,2023,1,30,14
T1968,2022,4,6,1
T1969,2023,6,5,16
T1970,2023,3,30,14
T1971,2022,4,25,19
T1972,2022,2,7,3
T1973,2023,12,12,4
T1974,2023,1,16,12
T1975,2023,5,23,3
T1976,2021,11,1,16
T1977,2023,2,10,13
T1978,2022,9,21,14
T1979,2022,6,1,0
T1980,2023,4,16,6
T1981,2022,6,2,12
T1982,2022,9,2,4
T1983,2023,3,25,16
T1984,2023,4,25,0
T1985,2022,3,13,4
T1986,2023,5,19,12
T1987,2023,1,18,16
T1988,2023,2,18,8
T1989,2022,1,9,21
T1990,2022,11,1,5
T1991,2022,8,25,5
T1992,2023,5,1,19
T1993,2023,8,4,15
T1994,2023,5,27,18
T1995,2021,11,25,0
T1996,2022,11,27,16
T1997,2023,9,17,6
T1998,2023,1,31,9
T1999,2022,7,4,1
T2000,2023,5,8,1
T2001,2022,9,28,14
T2002,2023,1,9,10
T2003,2021,12,18,15
T2004,2023,6,15,23
T2005,2022,11,25,0
T2006,2023,11,24,9
T2007,2022,10,23,23
T2008,2022,5,30,12
T2009,2023,8,5,15
T2010,2023,10,8,17
T2011,2023,7,1,3
T2012,2022,7,31,15
T2013,2023,6,25,18
T2014,2023,1,12,21
T2015,2023,8,16,4
T2016,2021,8,12,5
T2017,2023,5,4,12
T2018,2023,11,9,10
T2019,2022,12,17,0
T2020,2023,11,14,5
T2021,2023,1,6,1
T2022,2023,11,27,7
T2023,2022,11,5,19
T2024,2021,9,8,4
T2025,2022,12,9,12
T2026,2022,5,9,11
T2027,2023,1,28,12
T2028,2023,6,5,8
T2029,2023,10,10,5
T2030,2023,7,14,9
T2031,2023,1,26,0
T2032,2022,9,30,0
T2033,2023,11,19,6
T2034,2023,2,2,23
T2035,2023,1,29,1
T2036,2022,9,10,22
T2037,2023,1,16,9
T2038,2022,4,1,23
T2039,2023,11,8,19
T2040,2023,11,8,15
T2041,2022,4,20,0
T2042,2022,7,8,9
T2043,2023,6,1,19
T2044,2022,9,9,3
T2045,2023,8,12,9
T2046,2022,9,30,13
T2047,2023,11,15,17
T2048,2022,11,4,0
T2049,2021,10,19,4
T2050,2022,8,16,17
T2051,2023,11,6,11
T2052,2022,12,28,12
T2053,2023,6,3,2
T2054,2023,3,25,0
T2055,2022,8,1,23
T2056,2022,6,17,7
T2057,2022,6,19,21
T2058,2023,9,21,2
T2059,2023,1,28,14
T2060,2022,11,14,20
T2061,2023,5,27,22
T2062,2021,4,16,10
T2063,2022,10,10,1
T2064,2023,4,30,9
T2065,2023,3,31,9
T2066,2023,11,24,5
T2067,2022,12,29,18
T2068,2022,4,25,17
T2069,2023,4,14,17
T2070,2022,10,27,1
T2071,2021,4,25,8
T2072,2022,10,14,20
T2073,2022,8,30,17
T2074,2022,5,30,20
T2075,2022,2,5,13
T2076,2023,3,24,8
T2077,2022,6,5,4
T2078,2022,9,24,4
T2079,2023,6,26,11
T2080,2023,8,19,4
T2081,2022,10,22,11
T2082,2022,12,5,12
T2083,2022,12,19,21
T2084,2022,11,18,12
T2085,2023,11,17,4
T2086,2021,7,20,12
T2087,2021,11,4,8
T2088,2022,3,13,14
T2089,2022,2,17,15
T2090,2023,10,21,11
T2091,2022,4,1,3
T2092,2023,4,8,8
T2093,2022,4,12,3
T2094,2021,10,12,21
T2095,2023,2,12,4
T2096,2023,1,29,3
T2097,2023,1,29,23
T2098,2023,3,8,1
T2099,2022,11,23,15
T2100,2023,6,12,16
T2101,2023,4,29,16
T2102,2023,3,24,17
T2103,2023,12,4,23
T2104,2023,2,28,8
T2105,2022,3,29,15
T2106,2022,9,17,6
T2107,2023,4,20,9
T2108,2023,4,7,16
T2109,2022,4,27,12
T2110,2023,3,21,2
T2111,2023,8,25,6
T2112,2021,11,19,9
T2113,2023,10,13,16
T2114,2022,11,22,20
T2115,2022,10,22,0
T2116,2021,10,22,11
T2117,2021,7,28,19
T2118,2021,10,30,0
T2119,2022,6,24,4
T2120,2022,8,4,6
T2121,2023,4,3,17
T2122,2023,7,10,16
T2123,2023,2,27,22
T2124,2023,6,14,3
T2125,2023,2,22,13
T2126,2023,8,18,11
T2127,2023,7,4,12
T2128,2022,12,26,18
T2129,2022,10,3,18
T2130,2022,8,26,16
T2131,2023,6,30,13
T2132,2023,5,6,20
T2133,2023,7,17,14
T2134,2023,2,15,2
T2135,2021,10,29,23
T2136,2023,3,27,1
T2137,2023,2,16,4
T2138,2022,3,25,1
T2139,2022,1,31,19
T2140,2022,8,25,23
T2141,2023,12,21,22
T2142,2023,3,13,19
T2143,2023,7,19,14
T2144,2023,10,25,4
T2145,2022,1,22,3
T2146,2023,11,12,18
T2147,2023,1,29,19
T2148,2023,12,4,12
T2149,2023,1,17,9
T2150,2022,11,26,19
T2151,2023,9,11,11
T2152,2023,6,19,23
T2153,2023,1,26,16
T2154,2023,9,9,13
T2155,2023,10,14,4
T2156,2022,11,7,3
T2157,2023,7,9,10
T2158,2022,5,26,11
T2159,2021,6,23,13
T2160,2023,1,26,8
T2161,2022,8,3,2
T2162,2021,3,19,8
T2163,2022,11,4,12
T2164,2022,3,3,8
T2165,2022,10,8,1
T2166,2023,12,20,21
T2167,2023,7,17,8
T2168,2021,10,21,3
T2169,2023,3,27,23
T2170,2023,2,17,21
T2171,2022,10,16,4
T2172,2022,7,20,10
T2173,2023,7,11,6
T2174,2022,9,14,0
T2175,2023,11,12,17
T2176,2023,3,18,9
T2177,2023,8,10,6
T2178,2023,2,2,12
T2179,2023,8,12,14
T2180,2022,8,30,20
T2181,2022,8,8,22
T2182,2023,8,3,19
T2183,2023,4,15,13
T2184,2022,1,29,1
T2185,2023,8,21,15
T2186,2023,1,19,21
T2187,2023,5,3,6
T2188,2023,7,27,1
T2189,2023,11,14,7
T2190,2023,3,6,1
T2191,2023,4,17,19
T2192,2022,11,6,6
T2193,2023,3,2,6
T2194,2023,4,11,7
T2195,2023,12,13,3
T2196,2022,7,11,5
T2197,2022,4,6,0
T2198,2022,4,18,22
T2199,2022,6,27,3
T2200,2023,2,22,19
T2201,2021,12,9,5
T2202,2022,6,3,22
T2203,2023,1,20,7
T2204,2023,8,21,20
T2205,2022,3,20,13
T2206,2023,5,23,11
T2207,2022,2,4,3
T2208,2023,5,5,14
T2209,2023,3,15,0
T2210,2023,11,13,11
T2211,2023,10,20,21
T2212,2022,12,29,10
T2213,2022,8,23,7
T2214,2022,4,17,7
T2215,2022,10,9,11
T2216,2023,5,1,12
T2217,2023,3,15,19
T2218,2022,4,10,20
T2219,2022,11,27,0
T2220,2022,7,2,1
T2221,2023,6,8,6
T2222,2021,8,15,2
T2223,2023,11,1,22
T2224,2023,10,17,3
T2225,2022,4,4,21
T2226,2023,10,21,20
T2227,2022,1,9,14
T2228,2023,8,22,3
T2229,2022,8,19,13
T2230,2022,10,20,7
T2231,2023,9,4,3
T2232,2022,11,18,23
T2233,2023,2,1,19
T2234,2023,8,23,1
T2235,2022,6,15,13
T2236,2023,6,18,22
T2237,2023,2,3,8
T2238,2022,6,2,2
T2239,2022,5,25,8
T2240,2022,10,16,17
T2241,2023,5,18,20
T2242,2023,1,12,7
T2243,2023,10,24,20
T2244,2022,8,7,21
T2245,2022,10,21,21
T2246,2022,12,6,11
T2247,2022,8,8,4
T2248,2022,11,15,7
T2249,2023,1,9,23
T2250,2023,5,29,10
T2251,2023,9,17,9
T2252,2021,9,28,23
T2253,2023,11,9,21
T2254,2023,2,22,1
T2255,2023,9,26,10
T2256,2023,3,27,21
T2257,2023,4,12,20
T2258,2022,12,27,4
T2259,2023,2,9,21
T2260,2023,3,29,13
T2261,2021,10,26,20
T2262,2022,9,19,16
T2263,2023,12,21,14
T2264,2022,2,19,18
T2265,2022,5,9,7
T2266,2021,9,26,13
T2267,2023,9,4,5
T2268,2023,12,19,13
T2269,2022,11,29,17
T2270,2022,6,19,11
T2271,2023,1,28,5
T2272,2022,7,24,4
T2273,2022,6,9,23
T2274,2021,11,14,16
T2275,2023,2,9,0
T2276,2023,3,16,22
T2277,2022,5,29,16
T2278,2022,1,12,1
T2279,2023,7,31,16
T2280,2022,6,20,8
T2281,2023,1,6,6
T2282,2023,2,20,20
T2283,2022,9,4,18
T2284,2022,8,13,15
T2285,2022,5,12,13
T2286,2022,11,30,15
T2287,2023,1,9,18
T2288,2023,8,5,21
T2289,2022,2,12,4
T2290,2022,10,7,11
T2291,2023,12,21,2
T2292,2022,12,3,4
T2293,2023,12,23,4
T2294,2023,5,27,23
T2295,2023,7,12,9
T2296,2021,2,23,0
T2297,2022,11,13,14
T2298,2022,7,25,15
T2299,2022,4,23,6
T2300,2023,1,21,18
T2301,2021,11,14,15
T2302,2023,11,18,21
T2303,2022,6,15,20
T2304,2022,4,28,4
T2305,2023,7,24,22
T2306,2023,9,25,16
T2307,2023,5,15,14
T2308,2022,12,23,21
T2309,2023,8,12,23
T2310,2023,8,12,11
T2311,2021,10,29,6
T2312,2022,5,7,3
T2313,2023,6,2,14
T2314,2023,4,12,9
T2315,2023,12,4,9
T2316,2023,8,22,9
T2317,2023,12,11,9
T2318,2021,12,19,7
T2319,2022,5,15,17
T2320,2022,9,13,0
T2321,2022,10,31,13
T2322,2023,12,3,1
T2323,2023,1,24,14
T2324,2023,12,15,19
T2325,2022,10,11,15
T2326,2022,5,23,17
T2327,2022,10,25,5
T2328,2023,5,25,9
T2329,2023,11,11,7
T2330,2023,3,27,19
T2331,2023,11,9,12
T2332,2022,4,19,16
T2333,2022,7,10,21
T2334,2022,12,12,9
T2335,2023,7,20,2
T2336,2023,10,1,16
T2337,2023,5,6,12
T2338,2021,12,21,20
T2339,2022,8,20,21
T2340,2023,12,30,16
T2341,2023,2,22,2
T2342,2021,10,28,3
T2343,2022,9,6,13
T2344,2022,8,11,6
T2345,2023,3,12,3
T2346,2022,5,17,11
T2347,2023,10,22,4
T2348,2023,8,16,12
T2349,2023,12,27,1
T2350,2023,4,21,23
T2351,2023,7,19,10
T2352,2023,1,3,7
T2353,2022,11,9,1
T2354,2023,11,2,7
T2355,2023,6,17,21
T2356,2022,12,7,16
T2357,2023,11,1,20
T2358,2022,5,31,1
T2359,2023,8,7,12
T2360,2022,11,28,21
T2361,2023,9,14,5
T2362,2021,4,16,6
T2363,2023,1,16,21
T2364,2022,12,1,19
T2365,2023,2,2,6
T2366,2023,3,12,18
T2367,2023,6,22,12
T2368,2022,12,26,8
T2369,2023,3,25,15
T2370,2022,7,31,6
T2371,2023,5,26,12
T2372,2023,9,19,14
T2373,2021,7,28,4
T2374,2022,8,29,11
T2375,2023,12,3,19
T2376,2021,9,28,3
T2377,2023,9,7,10
T2378,2023,5,1,15
T2379,2023,5,21,13
T2380,2022,4,24,17
T2381,2023,1,2,23
T2382,2021,11,17,2
T2383,2022,10,11,9
T2384,2022,12,27,19
T2385,2022,12,27,19
T2386,2022,4,3,2
T2387,2022,8,26,20
T2388,2023,5,7,13
T2389,2023,6,17,5
T2390,2023,1,17,21
T2391,2023,10,29,11
T2392,2021,11,15,14
T2393,2022,10,2,19
T2394,2023,10,3,3
T2395,2023,7,16,8
T2396,2023,9,7,5
T2397,2022,8,25,14
T2398,2022,10,25,18
T2399,2023,6,27,17
T2400,2023,6,22,12
T2401,2023,1,16,3
T2402,2022,6,7,18
T2403,2023,1,15,12
T2404,2023,3,25,9
T2405,2023,7,25,0
T2406,2021,7,10,2
T2407,2023,6,18,20
T2408,2023,11,29,19
T2409,2023,1,25,11
T2410,2022,10,13,22
T2411,2023,11,20,23
T2412,2022,11,22,15
T2413,2023,2,4,23
T2414,2023,4,6,16
T2415,2022,6,7,5
T2416,2022,5,3,2
T2417,2022,12,27,15
T2418,2022,7,12,16
T2419,2023,6,26,6
T2420,2021,2,21,12
T2421,2022,1,11,7
T2422,2023,7,3,4
T2423,2022,12,11,12
T2424,2023,8,6,8
T2425,2022,11,19,23
T2426,2022,10,18,7
T2427,2023,10,7,17
T2428,2023,10,29,23
T2429,2022,7,26,1
T2430,2023,5,8,22
T2431,2022,9,11,5
T2432,2022,9,22,17
T2433,2023,5,10,21
T2434,2023,11,19,21
T2435,2022,9,9,13
T2436,2022,1,9,8
T2437,2023,8,27,13
T2438,2022,5,6,1
T2439,2023,7,7,18
T2440,2022,10,14,13
T2441,2022,9,27,15
T2442,2023,4,3,5
T2443,2022,6,23,19
T2444,2023,4,23,22
T2445,2022,10,15,9
T2446,2023,5,14,8
T2447,2023,9,21,11
T2448,2021,8,1,18
T2449,2022,8,29,6
T2450,2023,4,8,20
T2451,2023,3,8,23
T2452,2023,8,6,13
T2453,2023,5,21,6
T2454,2023,4,15,18
T2455,2023,7,21,11
T2456,2022,4,5,11
T2457,2022,10,13,4
T2458,2022,12,28,21
T2459,2023,8,4,23
T2460,2023,3,14,22
T2461,2023,11,16,20
T2462,2023,7,23,3
T2463,2022,8,28,5
T2464,2023,1,3,20
T2465,2023,3,28,6
T2466,2022,8,18,15
T2467,2023,9,23,7
T2468,2023,1,31,1
T2469,2023,7,9,22
T2470,2023,12,20,3
T2471,2022,7,5,10
T2472,2023,8,29,21
T2473,2022,11,1,19
T2474,2023,10,15,1
T2475,2023,12,15,17
T2476,2023,7,31,7
T2477,2023,6,17,14
T2478,2023,1,11,14
T2479,2023,12,14,0
T2480,2023,4,14,23
T2481,2023,11,29,3
T2482,2023,2,23,20
T2483,2022,5,12,7
T2484,2023,9,27,2
T2485,2022,8,18,13
T2486,2022,12,29,13
T2487,2023,3,14,3
T2488,2022,12,29,6
T2489,2023,2,26,7
T2490,2022,8,9,2
T2491,2023,11,25,1
T2492,2023,2,5,22
T2493,2023,2,26,11
T2494,2023,9,21,14
T2495,2022,9,2,16
T2496,2023,12,27,12
T2497,2022,11,14,15
T2498,2023,9,4,19
T2499,2022,12,17,20
T2500,2021,12,18,14
T2501,2023,7,2,9
T2502,2022,12,9,5
T2503,2022,8,12,14
T2504,2023,8,28,15
T2505,2021,11,9,19
T2506,2023,10,30,12
T2507,2022,10,27,20
T2508,2023,5,31,9
T2509,2023,5,11,17
T2510,2023,8,3,22
T2511,2022,8,9,19
T2512,2022,5,6,23
T2513,2023,6,28,22
T2514,2022,8,2,6
T2515,2021,8,29,13
T2516,2022,10,30,13
T2517,2023,11,15,10
T2518,2022,5,23,23
T2519,2022,6,9,0
T2520,2023,11,27,2
T2521,2023,2,21,7
T2522,2023,8,27,6
T2523,2023,8,31,15
T2524,2023,4,6,11
T2525,2022,4,14,0
T2526,2022,9,1,0
T2527,2022,9,21,1
T2528,2023,2,3,4
T2529,2021,11,25,20
T2530,2023,6,10,19
T2531,2022,4,8,5
T2532,2021,7,19,7
T2533,2022,12,6,15
T2534,2022,6,16,3
T2535,2023,9,8,1
T2536,2023,2,21,2
T2537,2022,4,24,12
T2538,2023,1,9,6
T2539,2023,8,29,18
T2540,2023,6,28,16
T2541,2021,7,28,23
T2542,2022,1,3,21
T2543,2022,8,17,23
T2544,2022,8,24,23
T2545,2023,7,8,3
T2546,2022,12,16,5
T2547,2023,2,12,4
T2548,2023,8,28,8
T2549,2023,7,9,4
T2550,2023,11,21,20
T2551,2023,12,6,17
T2552,2021,1,21,3
T2553,2022,9,20,5
T2554,2023,3,3,22
T2555,2021,8,10,20
T2556,2021,5,28,4
T2557,2021,12,18,1
T2558,2022,11,14,10
T2559,2023,2,11,0
T2560,2022,9,27,11
T2561,2022,5,11,21
T2562,2023,5,13,7
T2563,2022,1,27,15
T2564,2022,7,30,6
T2565,2023,8,5,5
T2566,2022,11,28,12
T2567,2023,6,5,14
T2568,2023,2,17,12
T2569,2022,9,20,17
T2570,2023,1,20,18
T2571,2023,3,15,19
T2572,2023,9,16,14
T2573,2021,12,28,7
T2574,2022,11,3,10
T2575,2023,4,26,22
T2576,2023,6,29,19
T2577,2022,1,27,19
T2578,2023,11,19,8
T2579,2022,7,18,20
T2580,2022,10,9,1
T2581,2023,4,30,0
T2582,2023,9,12,4
T2583,2023,3,6,17
T2584,2023,3,9,21
T2585,2023,10,22,0
T2586,2023,2,28,23
T2587,2023,5,22,12
T2588,2023,5,22,3
T2589,2022,9,11,7
T2590,2023,6,1,18
T2591,2023,11,12,13
T2592,2023,5,20,11
T2593,2021,12,3,2
T2594,2023,7,31,23
T2595,2023,10,3,16
T2596,2023,4,5,22
T2597,2022,11,2,23
T2598,2023,12,12,2
T2599,2023,8,11,5
T2600,2023,7,24,5
T2601,2022,6,18,18
T2602,2022,11,12,3
T2603,2022,1,25,16
T2604,2023,11,7,21
T2605,2022,2,15,12
T2606,2023,7,6,1
T2607,2023,1,23,14
T2608,2023,11,27,6
T2609,2021,5,22,19
T2610,2021,6,29,21
T2611,2022,5,8,5
T2612,2023,12,2,18
T2613,2023,9,18,23
T2614,2023,3,30,8
T2615,2023,5,28,9
T2616,2023,8,12,14
T2617,2022,12,21,11
T2618,2022,4,21,11
T2619,2022,8,30,18
T2620,2023,1,2,1
T2621,2021,10,14,19
T2622,2023,8,27,4
T2623,2022,1,22,22
T2624,2023,11,22,23
T2625,2021,5,30,19
T2626,2022,8,3,15
T2627,2022,11,14,18
T2628,2023,8,11,18
T2629,2023,10,21,18
T2630,2022,11,24,7
T2631,2023,5,26,21
T2632,2023,6,18,10
T2633,2022,12,12,12
T2634,2023,11,18,7
T2635,2023,9,17,4
T2636,2023,12,8,3
T2637,2022,5,24,5
T2638,2023,12,14,14
T2639,2021,8,30,1
T2640,2022,5,27,18
T2641,2023,11,27,1
T2642,2023,10,28,22
T2643,2022,5,31,21
T2644,2022,9,8,16
T2645,2022,5,15,16
T2646,2022,7,6,17
T2647,2023,6,8,8
T2648,2023,5,23,0
T2649,2022,9,13,21
T2650,2022,9,9,6
T2651,2023,6,21,11
T2652,2022,12,16,22
T2653,2021,10,28,5
T2654,2022,10,13,2
T2655,2022,11,20,9
T2656,2022,8,1,18
T2657,2023,8,11,12
T2658,2022,7,22,1
T2659,2022,2,21,14
T2660,2023,3,16,18
T2661,2022,9,14,23
T2662,2023,6,19,20
T2663,2023,7,12,14
T2664,2023,11,3,9
T2665,2022,11,26,21
T2666,2023,6,17,10
T2667,2021,12,21,17
T2668,2023,4,10,11
T2669,2023,10,25,11
T2670,2023,6,2,4
T2671,2021,11,5,17
T2672,2023,9,19,6
T2673,2023,9,20,13
T2674,2021,8,2,20
T2675,2023,5,21,20
T2676,2023,2,15,2
T2677,2023,1,13,14
T2678,2023,5,25,20
T2679,2022,11,30,5
T2680,2023,3,14,8
T2681,2023,1,25,0
T2682,2022,6,14,14
T2683,2022,7,9,12
T2684,2023,7,31,1
T2685,2022,6,13,17
T2686,2023,11,20,5
T2687,2021,5,12,7
T2688,2022,3,26,3
T2689,2022,4,9,20
T2690,2023,5,22,19
T2691,2023,8,23,21
T2692,2023,5,4,7
T2693,2023,3,6,11
T2694,2023,4,29,12
T2695,2023,3,12,23
T2696,2023,5,2,0
T2697,2022,7,11,2
T2698,2021,11,11,14
T2699,2023,6,12,3
T2700,2022,9,24,10
T2701,2021,10,5,12
T2702,2023,4,18,4
T2703,2022,4,13,2
T2704,2023,1,1,1
T2705,2022,6,4,4
T2706,2023,7,23,0
T2707,2022,7,24,13
T2708,2023,3,1,20
T2709,2023,6,8,1
T2710,2023,2,7,17
T2711,2022,2,15,18
T2712,2023,10,14,0
T2713,2023,2,1,0
T2714,2022,9,8,12
T2715,2022,5,30,0
T2716,2022,11,19,12
T2717,2021,7,29,6
T2718,2023,8,9,14
T2719,2021,10,30,17
T2720,2022,9,26,9
T2721,2023,6,6,21
T2722,2022,3,24,20
T2723,2023,7,21,22
T2724,2023,11,12,10
T2725,2023,8,10,18
T2726,2022,5,31,11
T2727,2022,10,2,21
T2728,2022,4,28,8
T2729,2022,12,18,9
T2730,2023,3,23,4
T2731,2023,12,10,15
T2732,2022,11,15,22
T2733,2023,9,13,23
T2734,2023,7,23,8
T2735,2022,6,23,12
T2736,2022,3,29,10
T2737,2022,9,19,18
T2738,2023,12,30,15
T2739,2023,6,17,22
T2740,2022,6,28,8
T2741,2023,1,24,22
T2742,2023,5,16,8
T2743,2023,8,8,9
T2744,2022,3,26,10
T2745,2021,12,25,13
T2746,2023,4,23,1
T2747,2022,1,1,7
T2748,2023,12,21,23
T2749,2022,9,18,18
T2750,2023,6,28,22
T2751,2022,10,15,3
T2752,2022,12,26,13
T2753,2023,10,21,18
T2754,2023,12,11,12
T2755,2023,3,28,17
T2756,2023,3,14,11
T2757,2022,6,15,7
T2758,2023,11,8,0
T2759,2023,1,2,5
T2760,2023,3,10,22
T2761,2021,11,25,14
T2762,2022,6,16,9
T2763,2023,6,29,11
T2764,2022,11,4,20
T2765,2021,12,4,22
T2766,2023,8,13,21
T2767,2023,6,4,11
T2768,2023,2,7,16
T2769,2022,8,14,5
T2770,2023,6,1,5
T2771,2022,3,16,17
T2772,2023,9,18,7
T2773,2023,4,11,18
T2774,2023,8,7,23
T2775,2023,4,8,18
T2776,2023,4,1,8
T2777,2022,6,13,17
T2778,2023,4,16,21
T2779,2023,3,2,9
T2780,2023,7,1,4
T2781,2022,9,2,16
T2782,2023,9,13,13
T2783,2023,4,2,22
T2784,2023,4,29,15
T2785,2023,7,29,9
T2786,2022,11,18,7
T2787,2021,4,28,7
T2788,2022,10,17,16
T2789,2023,7,17,23
T2790,2022,8,22,14
T2791,2022,5,17,11
T2792,2023,1,31,3
T2793,2022,10,25,5
T2794,2023,7,5,1
T2795,2023,7,28,13
T2796,2022,12,17,19
T2797,2023,4,5,20
T2798,2022,9,27,6
T2799,2023,10,11,17
T2800,2022,8,30,6
T2801,2022,12,25,0
T2802,2022,8,28,15
T2803,2022,3,1,9
T2804,2023,7,24,17
T2805,2023,10,31,5
T2806,2023,11,2,0
T2807,2023,11,6,6
T2808,2023,1,7,10
T2809,2023,9,27,3
T2810,2023,1,13,0
T2811,2023,8,22,17
T2812,2023,10,20,2
T2813,2023,8,23,4
T2814,2021,9,22,8
T2815,2022,8,10,15
T2816,2023,9,14,9
T2817,2021,2,27,19
T2818,2023,5,30,19
T2819,2021,7,8,12
T2820,2022,9,7,14
T2821,2022,1,10,17
T2822,2021,11,19,20
T2823,2023,12,5,14
T2824,2022,7,1,22
T2825,2023,4,9,19
T2826,2023,3,17,15
T2827,2023,2,6,4
T2828,2023,10,7,8
T2829,2021,11,17,13
T2830,2022,12,13,16
T2831,2023,3,14,23
T2832,2023,12,5,0
T2833,2023,6,9,23
T2834,2023,2,21,21
T2835,2022,10,20,12
T2836,2023,3,1,13
T2837,2022,8,16,8
T2838,2022,8,18,10
T2839,2022,11,30,8
T2840,2023,6,18,3
T2841,2023,11,1,23
T2842,2022,7,9,23
T2843,2022,6,15,8
T2844,2023,6,27,3
T2845,2022,4,1,4
T2846,2023,11,24,9
T2847,2022,11,8,0
T2848,2023,2,15,8
T2849,2023,2,23,10
T2850,2022,12,20,3
T2851,2023,12,27,5
T2852,2021,10,15,22
T2853,2021,9,6,18
T2854,2022,8,13,15
T2855,2023,7,21,5
T2856,2022,10,21,13
T2857,2023,6,22,22
T2858,2022,6,29,9
T2859,2022,2,23,14
T2860,2023,5,6,8
T2861,2022,11,12,14
T2862,2023,11,25,17
T2863,2023,7,28,2
T2864,2023,11,6,7
T2865,2023,1,1,12
T2866,2023,1,23,10
T2867,2022,5,21,4
T2868,2022,6,25,12
T2869,2023,7,17,2
T2870,2022,12,12,20
T2871,2022,6,21,16
T2872,2023,2,27,4
T2873,2023,11,24,2
T2874,2023,8,11,4
T2875,2021,11,24,12
T2876,2023,5,29,20
T2877,2022,8,6,16
T2878,2022,4,26,20
T2879,2023,5,26,18
T2880,2022,10,4,0
T2881,2023,10,13,21
T2882,2023,6,20,16
T2883,2023,7,25,13
T2884,2022,10,9,14
T2885,2022,2,17,1
T2886,2023,2,12,20
T2887,2022,10,22,1
T2888,2023,9,3,22
T2889,2023,5,1,16
T2890,2022,9,28,14
T2891,2022,9,9,4
T2892,2023,6,7,16
T2893,2023,11,1,5
T2894,2023,3,13,9
T2895,2022,6,27,22
T2896,2023,10,7,4
T2897,2023,10,22,14
T2898,2022,11,30,7
T2899,2023,12,2,1
T2900,2023,7,11,13
T2901,2023,12,16,22
T2902,2022,12,9,10
T2903,2023,6,15,17
T2904,2022,11,9,19
T2905,2023,1,10,4
T2906,2022,12,13,22
T2907,2021,12,1,3
T2908,2023,5,21,1
T2909,2023,2,10,1
T2910,2022,4,5,7
T2911,2022,9,5,22
T2912,2022,5,17,15
T2913,2023,5,24,8
T2914,2022,1,8,13
T2915,2023,12,4,12
T2916,2022,7,15,19
T2917,2022,7,16,4
T2918,2022,3,23,10
T2919,2022,6,7,11
T2920,2021,7,7,2
T2921,2023,11,18,5
T2922,2023,6,25,15
T2923,2023,2,8,17
T2924,2023,4,27,8
T2925,2022,7,7,14
T2926,2023,7,30,21
T2927,2022,7,2,14
T2928,2023,2,19,19
T2929,2022,3,3,13
T2930,2023,2,14,11
T2931,2022,3,30,11
T2932,2021,10,9,11
T2933,2022,1,16,6
T2934,2022,11,4,13
T2935,2023,4,13,0
T2936,2022,7,31,11
T2937,2023,11,22,12
T2938,2023,12,25,20
T2939,2022,6,2,17
T2940,2022,11,11,17
T2941,2023,4,21,5
T2942,2022,9,26,3
T2943,2022,10,1,7
T2944,2023,4,12,0
T2945,2022,8,24,3
T2946,2022,12,29,3
T2947,2021,10,4,18
T2948,2023,6,18,11
T2949,2023,9,29,1
T2950,2023,9,24,17
T2951,2023,5,15,14
T2952,2023,12,20,13
T2953,2022,2,8,6
T2954,2022,1,26,11
T2955,2023,4,17,6
T2956,2022,12,18,20
T2957,2022,9,26,8
T2958,2023,7,23,22
T2959,2022,5,8,4
T2960,2023,7,31,22
T2961,2023,12,5,7
T2962,2021,7,21,20
T2963,2022,2,25,0
T2964,2021,8,14,14
T2965,2023,5,30,3
T2966,2023,11,2,5
T2967,2023,12,21,2
T2968,2021,5,1,3
T2969,2023,2,28,13
T2970,2023,2,17,9
T2971,2023,5,25,16
T2972,2022,12,18,1
T2973,2022,12,17,8
T2974,2022,10,23,15
T2975,2023,10,23,10
T2976,2023,2,9,16
T2977,2023,5,18,9
T2978,2023,6,10,11
T2979,2022,7,4,3
T2980,2022,1,3,14
T2981,2022,1,8,20
T2982,2022,9,18,23
T2983,2023,11,22,18
T2984,2023,9,14,0
T2985,2022,4,21,22
T2986,2021,9,30,7
T2987,2023,1,12,18
T2988,2022,9,18,9
T2989,2022,11,3,19
T2990,2023,4,7,4
T2991,2022,6,10,21
T2992,2022,8,28,9
T2993,2023,4,16,0
T2994,2023,11,29,8
T2995,2022,2,18,23
T2996,2023,8,26,17
T2997,2022,3,8,21
T2998,2023,1,12,7
T2999,2022,4,28,12
T3000,2022,5,4,11
T3001,2023,9,17,5
T3002,2022,7,25,11
T3003,2021,2,22,23
T3004,2023,11,1,8
T3005,2023,10,31,11
T3006,2023,10,12,19
T3007,2022,6,5,8
T3008,2023,7,22,11
T3009,2022,11,12,15
T3010,2022,12,30,18
T3011,2023,3,22,20
T3012,2023,1,17,0
T3013,2023,9,29,9
T3014,2022,11,27,11
T3015,2023,1,2,10
T3016,2021,7,14,20
T3017,2023,8,8,7
T3018,2022,11,12,3
T3019,2022,5,18,7
T3020,2021,11,27,0
T3021,2022,10,15,3
T3022,2023,8,5,21
T3023,2022,2,21,4
T3024,2021,12,18,0
T3025,2023,4,20,12
T3026,2023,11,3,17
T3027,2023,4,22,6
T3028,2022,2,27,4
T3029,2022,11,1,6
T3030,2023,3,29,6
T3031,2023,8,1,17
T3032,2022,5,23,15
T3033,2023,9,13,12
T3034,2023,1,22,6
T3035,2022,10,22,6
T3036,2021,10,26,22
T3037,2022,3,19,12
T3038,2022,10,9,15
T3039,2022,5,18,2
T3040,2023,7,28,10
T3041,2023,7,8,16
T3042,2023,1,11,22
T3043,2022,12,6,2
T3044,2022,11,7,9
T3045,2023,11,14,6
T3046,2022,2,16,7
T3047,2023,2,8,0
T3048,2022,4,11,6
T3049,2022,3,2,19
T3050,2022,10,5,20
T3051,2023,3,10,3
T3052,2023,10,5,22
T3053,2021,5,30,19
T3054,2021,7,26,0
T3055,2022,9,28,22
T3056,2022,7,11,14
T3057,2022,5,24,17
T3058,2022,12,13,23
T3059,2023,11,6,3
T3060,2023,8,29,1
T3061,2022,11,19,16
T3062,2023,8,16,0
T3063,2021,12,26,21
T3064,2023,2,27,8
T3065,2022,7,4,0
T3066,2023,2,24,4
T3067,2022,10,24,9
T3068,2023,10,31,17
T3069,2022,1,31,5
T3070,2022,12,4,10
T3071,2023,8,26,11
T3072,2023,2,9,23
T3073,2022,11,19,3
T3074,2022,6,7,20
T3075,2022,3,15,10
T3076,2022,11,29,23
T3077,2023,10,6,7
T3078,2023,9,5,5
T3079,2023,7,29,10
T3080,2021,6,29,16
T3081,2023,5,4,17
T3082,2023,9,27,2
T3083,2022,5,25,18
T3084,2023,9,22,1
T3085,2022,4,13,2
T3086,2023,1,3,4
T3087,2021,9,11,3
T3088,2021,10,12,16
T3089,2023,7,20,9
T3090,2022,11,8,3
T3091,2023,2,26,4
T3092,2023,6,19,12
T3093,2022,6,12,11
T3094,2023,2,13,2
T3095,2022,4,11,11
T3096,2023,4,7,1
T3097,2023,3,31,8
T3098,2023,1,21,11
T3099,2023,2,15,17
T3100,2022,3,9,12
T3101,2023,11,6,16
T3102,2023,10,12,11
T3103,2021,11,29,10
T3104,2023,8,1,9
T3105,2023,10,26,20
T3106,2022,9,21,2
T3107,2023,4,24,0
T3108,2022,2,15,1
T3109,2023,2,1,22
T3110,2023,2,20,12
T3111,2023,7,15,22
T3112,2022,3,1,12
T3113,2022,12,11,10
T3114,2022,11,13,5
T3115,2023,2,10,18
T3116,2022,8,28,18
T3117,2022,10,30,7
T3118,2023,11,30,0
T3119,2023,12,12,15
T3120,2023,12,5,14
T3121,2022,6,6,13
T3122,2022,6,11,2
T3123,2021,11,27,16
T3124,2023,2,19,2
T3125,2023,2,20,6
T3126,2023,4,21,16
T3127,2022,8,5,7
T3128,2023,4,23,10
T3129,2023,11,14,15
T3130,2023,2,19,6
T3131,2023,12,24,4
T3132,2022,10,4,8
T3133,2022,12,24,4
T3134,2023,11,1,4
T3135,2022,2,26,17
T3136,2022,3,3,10
T3137,2023,10,26,10
T3138,2022,11,7,5
T3139,2022,5,28,17
T3140,2023,11,20,16
T3141,2021,5,27,6
T3142,2023,3,21,22
T3143,2023,7,5,20
T3144,2023,4,29,18
T3145,2022,7,10,3
T3146,2023,12,5,0
T3147,2023,5,16,4
T3148,2023,6,5,18
T3149,2023,8,29,18
T3150,2023,7,27,0
T3151,2021,10,26,17
T3152,2022,10,30,9
T3153,2023,6,9,3
T3154,2022,12,4,16
T3155,2023,8,12,22
T3156,2022,6,20,19
T3157,2022,9,18,0
T3158,2022,3,12,4
T3159,2022,9,27,8
T3160,2023,7,2,2
T3161,2022,2,3,6
T3162,2022,9,29,8
T3163,2023,9,13,16
T3164,2022,2,24,5
T3165,2023,1,3,18
T3166,2021,10,21,15
T3167,2022,11,13,18
T3168,2023,7,9,13
T3169,2021,6,17,23
T3170,2022,12,11,8
T3171,2021,12,17,6
T3172,2023,3,12,6
T3173,2022,9,10,23
T3174,2023,3,31,5
T3175,2023,4,27,12
T3176,2023,10,18,3
T3177,2021,8,15,13
T3178,2021,12,16,7
T3179,2022,7,12,19
T3180,2023,3,24,15
T3181,2023,1,1,20
T3182,2023,9,17,13
T3183,2022,11,1,20
T3184,2023,2,28,22
T3185,2022,9,20,20
T3186,2023,6,3,1
T3187,2023,12,22,10
T3188,2022,9,11,12
T3189,2022,3,23,19
T3190,2023,10,23,16
T3191,2022,6,1,9
T3192,2022,2,12,7
T3193,2022,6,16,7
T3194,2023,6,29,4
T3195,2023,4,20,14
T3196,2023,4,21,3
T3197,2021,10,1,10
T3198,2022,4,9,17
T3199,2023,6,4,9
T3200,2023,12,23,10
T3201,2022,6,10,5
T3202,2022,10,15,8
T3203,2023,2,11,5
T3204,2022,5,27,6
T3205,2022,1,8,23
T3206,2021,10,17,16
T3207,2023,5,10,13
T3208,2023,10,5,5
T3209,2023,10,3,18
T3210,2023,6,22,18
T3211,2022,6,17,20
T3212,2022,5,8,5
T3213,2022,10,22,22
T3214,2022,10,13,15
T3215,2022,12,27,21
T3216,2023,8,11,5
T3217,2022,1,26,16
T3218,2021,10,20,3
T3219,2022,7,31,16
T3220,2023,11,13,16
T3221,2023,12,8,3
T3222,2023,9,20,6
T3223,2022,5,21,5
T3224,2023,6,7,19
T3225,2022,4,3,13
T3226,2023,5,9,22
T3227,2023,5,7,23
T3228,2022,8,26,4
T3229,2022,9,29,16
T3230,2023,8,27,17
T3231,2022,11,16,10
T3232,2023,7,23,2
T3233,2022,12,26,16
T3234,2021,10,15,20
T3235,2022,12,10,22
T3236,2022,8,31,22
T3237,2023,7,26,12
T3238,2023,2,8,17
T3239,2023,6,7,6
T3240,2023,9,10,11
T3241,2023,11,27,19
T3242,2023,11,5,17
T3243,2023,10,26,8
T3244,2022,7,17,2
T3245,2023,6,26,15
T3246,2023,5,14,12
T3247,2023,12,22,22
T3248,2021,10,2,17
T3249,2023,10,14,6
T3250,2022,7,30,14
T3251,2023,6,13,10
T3252,2023,4,15,23
T3253,2023,2,11,10
T3254,2021,8,3,6
T3255,2022,2,2,5
T3256,2023,6,8,15
T3257,2023,11,9,5
T3258,2022,4,30,21
T3259,2023,9,28,3
T3260,2023,12,9,22
T3261,2023,11,28,0
T3262,2023,6,26,2
T3263,2022,9,11,10
T3264,2022,11,17,19
T3265,2023,1,12,16
T3266,2021,11,13,12
T3267,2023,3,7,5
T3268,2021,11,29,11
T3269,2022,7,23,4
T3270,2023,7,25,15
T3271,2023,6,7,21
T3272,2023,10,15,0
T3273,2022,12,13,23
T3274,2023,5,16,4
T3275,2023,8,14,13
T3276,2023,3,3,12
T3277,2023,7,13,15
T3278,2021,6,6,12
T3279,2023,9,13,14
T3280,2023,1,16,4
T3281,2023,10,27,16
T3282,2023,5,6,1
T3283,2023,10,29,5
T3284,2021,9,8,20
T3285,2023,6,4,15
T3286,2022,1,26,7
T3287,2022,3,21,15
T3288,2023,7,2,15
T3289,2022,12,5,4
T3290,2022,10,2,16
T3291,2023,11,3,8
T3292,2021,2,10,1
T3293,2021,11,7,5
T3294,2023,3,1,15
T3295,2022,12,1,19
T3296,2022,12,9,4
T3297,2021,5,5,1
T3298,2022,10,7,14
T3299,2022,10,9,21
T3300,2022,2,24,21
T3301,2023,7,16,16
T3302,2023,2,4,19
T3303,2023,12,19,20
T3304,2023,3,29,7
T3305,2022,8,20,17
T3306,2021,3,18,4
T3307,2021,10,25,5
T3308,2022,9,9,23
T3309,2023,12,5,9
T3310,2022,8,22,13
T3311,2023,3,23,5
T3312,2023,11,9,22
T3313,2023,7,15,2
T3314,2023,4,23,7
T3315,2022,7,31,2
T3316,2022,10,28,5
T3317,2022,3,5,15
T3318,2023,4,5,11
T3319,2022,12,3,4
T3320,2022,2,14,7
T3321,2023,1,25,16
T3322,2023,1,29,2
T3323,2022,12,9,4
T3324,2023,2,25,14
T3325,2023,7,22,20
T3326,2023,12,22,11
T3327,2023,2,15,15
T3328,2023,6,28,22
T3329,2022,11,15,10
T3330,2023,12,19,14
T3331,2022,11,28,9
T3332,2022,8,4,23
T3333,2023,3,29,17
T3334,2023,12,8,3
T3335,2023,6,10,18
T3336,2022,10,9,10
T3337,2023,10,18,12
T3338,2022,8,9,7
T3339,2022,5,5,0
T3340,2023,7,21,17
T3341,2023,9,13,19
T3342,2022,5,26,2
T3343,2021,12,11,13
T3344,2023,3,16,13
T3345,2023,4,29,23
T3346,2023,5,29,11
T3347,2022,11,11,2
T3348,2023,5,4,4
T3349,2023,10,31,1
T3350,2022,4,16,8
T3351,2022,7,8,6
T3352,2022,5,15,1
T3353,2022,8,4,17
T3354,2023,2,17,7
T3355,2023,2,14,4
T3356,2022,5,26,17
T3357,2023,1,28,8
T3358,2023,4,28,0
T3359,2022,11,10,0
T3360,2023,3,20,7
T3361,2023,5,6,18
T3362,2023,12,2,5
T3363,2023,5,15,22
T3364,2023,2,1,15
T3365,2023,7,5,2
T3366,2023,4,25,10
T3367,2022,9,5,8
T3368,2022,3,12,6
T3369,2023,8,1,23
T3370,2023,5,13,22
T3371,2022,10,14,19
T3372,2023,4,29,10
T3373,2023,6,9,16
T3374,2023,10,20,21
T3375,2023,3,6,20
T3376,2023,1,16,23
T3377,2023,8,16,1
T3378,2023,10,1,0
T3379,2022,1,22,13
T3380,2022,8,13,19
T3381,2022,6,12,18
T3382,2022,9,5,5
T3383,2023,7,25,18
T3384,2023,7,3,21
T3385,2023,12,1,23
T3386,2023,10,28,19
T3387,2023,10,10,10
T3388,2021,4,19,6
T3389,2023,2,19,14
T3390,2022,3,17,5
T3391,2022,2,8,4
T3392,2022,3,20,23
T3393,2023,12,9,7
T3394,2022,12,29,23
T3395,2022,5,28,5
T3396,2021,10,10,3
T3397,2023,9,9,6
T3398,2023,6,27,16
T3399,2022,3,31,1
T3400,2023,6,30,17
T3401,2022,6,26,1
T3402,2023,10,29,2
T3403,2022,10,17,6
T3404,2022,4,29,11
T3405,2022,6,14,15
T3406,2022,7,9,4
T3407,2021,7,23,15
T3408,2023,6,16,18
T3409,2023,9,10,3
T3410,2023,6,19,4
T3411,2022,9,15,0
T3412,2022,4,27,5
T3413,2021,8,20,2
T3414,2023,1,16,6
T3415,2022,10,6,16
T3416,2023,2,2,15
T3417,2022,12,21,11
T3418,2023,5,28,0
T3419,2022,9,24,4
T3420,2022,3,20,8
T3421,2022,5,24,20
T3422,2022,5,17,16
T3423,2022,1,21,6
T3424,2022,7,24,11
T3425,2023,2,2,14
T3426,2023,12,28,19
T3427,2023,2,20,10
T3428,2022,8,30,0
T3429,2022,1,27,6
T3430,2021,8,28,0
T3431,2023,10,9,2
T3432,2021,12,15,12
T3433,2023,10,20,19
T3434,2022,5,13,2
T3435,2021,10,23,5
T3436,2023,7,14,17
T3437,2022,8,30,7
T3438,2022,8,25,15
T3439,2023,4,17,0
T3440,2023,7,31,2
T3441,2022,10,25,10
T3442,2022,8,7,5
T3443,2022,12,2,21
T3444,2023,8,10,22
T3445,2022,12,6,13
T3446,2023,5,19,20
T3447,2022,8,31,2
T3448,2023,6,19,12
T3449,2023,3,20,6
T3450,2023,11,12,4
T3451,2022,12,24,15
T3452,2023,9,10,21
T3453,2023,8,19,9
T3454,2023,6,21,19
T3455,2023,7,1,0
T3456,2021,4,28,12
T3457,2022,6,20,15
T3458,2023,7,20,7
T3459,2022,11,20,12
T3460,2023,10,25,5
T3461,2022,1,20,5
T3462,2022,12,10,21
T3463,2023,12,30,18
T3464,2023,8,24,5
T3465,2023,5,22,23
T3466,2021,12,30,21
T3467,2023,7,14,23
T3468,2022,11,29,17
T3469,2023,11,14,10
T3470,2023,11,15,5
T3471,2021,6,28,18
T3472,2023,1,8,23
T3473,2023,10,10,3
T3474,2022,2,11,18
T3475,2023,3,14,7
T3476,2023,11,24,14
T3477,2023,5,29,10
T3478,2023,3,17,14
T3479,2023,12,30,10
T3480,2023,12,19,6
T3481,2023,5,2,15
T3482,2022,10,18,4
T3483,2023,8,18,21
T3484,2022,10,14,2
T3485,2022,2,18,13
T3486,2023,9,14,21
T3487,2023,9,15,18
T3488,2023,6,7,18
T3489,2022,9,14,17
T3490,2023,6,29,21
T3491,2022,10,25,17
T3492,2023,12,5,16
T3493,2022,12,2,9
T3494,2022,11,1,22
T3495,2022,10,22,23
T3496,2022,10,22,5
T3497,2023,1,20,18
T3498,2023,10,13,19
T3499,2023,8,6,8
T3500,2022,10,31,12
T3501,2022,2,9,7
T3502,2022,10,14,20
T3503,2023,2,13,13
T3504,2023,9,27,13
T3505,2023,2,11,7
T3506,2022,7,16,1
T3507,2022,10,7,9
T3508,2022,8,7,10
T3509,2022,1,23,19
T3510,2023,3,18,10
T3511,2023,3,14,17
T3512,2023,3,24,16
T3513,2023,9,15,4
T3514,2022,10,4,1
T3515,2022,11,15,20
T3516,2023,2,7,14
T3517,2023,4,25,12
T3518,2022,10,28,11
T3519,2023,3,26,4
T3520,2023,9,11,11
T3521,2022,4,1,10
T3522,2023,1,10,18
T3523,2022,9,30,2
T3524,2023,1,18,13
T3525,2023,12,6,17
T3526,2023,4,12,23
T3527,2022,7,15,3
T3528,2022,8,16,12
T3529,2022,12,13,7
T3530,2022,1,17,12
T3531,2022,7,30,14
T3532,2022,5,13,18
T3533,2023,9,8,17
T3534,2022,11,6,10
T3535,2023,7,31,13
T3536,2022,11,26,20
T3537,2023,8,8,9
T3538,2023,4,16,3
T3539,2023,10,14,0
T3540,2023,8,18,0
T3541,2023,7,17,22
T3542,2023,4,29,1
T3543,2022,9,14,14
T3544,2022,11,22,16
T3545,2023,12,30,16
T3546,2022,7,18,15
T3547,2023,3,27,23
T3548,2023,5,26,16
T3549,2022,8,21,15
T3550,2023,8,12,2
T3551,2022,4,21,9
T3552,2023,7,15,21
T3553,2022,5,1,17
T3554,2022,4,10,1
T3555,2021,10,15,12
T3556,2023,9,4,4
T3557,2023,3,25,8
T3558,2023,9,3,20
T3559,2023,10,1,20
T3560,2023,8,12,18
T3561,2023,10,24,23
T3562,2023,8,10,22
T3563,2023,4,27,20
T3564,2023,1,19,2
T3565,2022,10,6,6
T3566,2022,12,13,10
T3567,2023,9,25,4
T3568,2022,6,25,6
T3569,2023,1,30,10
T3570,2022,5,8,8
T3571,2023,1,13,22
T3572,2022,3,16,4
T3573,2022,3,19,21
T3574,2023,8,17,1
T3575,2022,8,22,22
T3576,2022,8,30,11
T3577,2022,10,7,8
T3578,2023,6,5,17
T3579,2023,2,10,14
T3580,2022,7,26,1
T3581,2023,2,9,17
T3582,2021,4,27,7
T3583,2023,4,17,16
T3584,2023,12,3,15
T3585,2023,11,11,6
T3586,2022,5,8,20
T3587,2023,4,25,10
T3588,2023,1,1,1
T3589,2022,8,13,1
T3590,2023,12,23,7
T3591,2023,2,24,10
T3592,2023,1,12,21
T3593,2022,8,18,16
T3594,2023,7,6,20
T3595,2023,11,10,21
T3596,2022,8,18,22
T3597,2022,8,4,2
T3598,2023,6,10,11
T3599,2023,11,7,20
T3600,2023,10,24,9
T3601,2021,10,29,12
T3602,2022,10,25,9
T3603,2022,5,13,22
T3604,2023,10,29,11
T3605,2023,10,28,11
T3606,2022,9,29,15
T3607,2023,6,27,7
T3608,2022,8,18,3
T3609,2023,10,2,10
T3610,2022,1,6,2
T3611,2022,10,8,17
T3612,2023,9,30,8
T3613,2021,12,28,13
T3614,2023,9,15,6
T3615,2023,5,6,4
T3616,2023,7,4,15
T3617,2021,5,10,1
T3618,2022,9,10,21
T3619,2023,2,25,5
T3620,2021,12,11,3
T3621,2022,10,4,20
T3622,2023,9,6,13
T3623,2022,8,27,18
T3624,2022,9,8,7
T3625,2023,11,17,5
T3626,2023,10,17,15
T3627,2023,10,15,20
T3628,2021,12,23,5
T3629,2023,8,17,3
T3630,2023,10,14,14
T3631,2023,6,5,22
T3632,2022,10,28,6
T3633,2022,11,19,3
T3634,2022,6,29,14
T3635,2023,3,20,16
T3636,2022,10,2,17
T3637,2022,3,15,10
T3638,2023,8,7,4
T3639,2022,10,27,6
T3640,2023,12,24,20
T3641,2023,8,29,15
T3642,2023,10,10,7
T3643,2023,4,19,7
T3644,2023,9,23,2
T3645,2022,6,25,4
T3646,2023,7,5,6
T3647,2022,12,21,13
T3648,2021,4,22,0
T3649,2023,2,10,19
T3650,2023,3,18,5
T3651,2023,10,13,0
T3652,2023,12,10,10
T3653,2022,10,23,0
T3654,2023,3,28,23
T3655,2022,11,16,6
T3656,2022,9,9,14
T3657,2023,2,7,5
T3658,2021,7,25,8
T3659,2023,1,7,8
T3660,2023,7,10,19
T3661,2022,10,6,8
T3662,2023,11,20,17
T3663,2023,11,16,3
T3664,2021,11,3,14
T3665,2022,12,11,11
T3666,2023,8,31,4
T3667,2023,7,5,8
T3668,2023,4,21,10
T3669,2023,1,15,15
T3670,2023,5,4,21
T3671,2022,2,15,9
T3672,2022,10,23,15
T3673,2023,10,6,23
T3674,2023,10,20,17
T3675,2021,4,24,21
T3676,2021,1,17,4
T3677,2023,6,12,18
T3678,2022,9,27,15
T3679,2023,9,12,4
T3680,2023,1,7,1
T3681,2023,3,21,6
T3682,2023,7,4,2
T3683,2022,12,13,19
T3684,2022,7,30,22
T3685,2023,9,23,9
T3686,2021,7,20,23
T3687,2022,11,17,20
T3688,2022,1,25,1
T3689,2022,6,23,12
T3690,2023,10,3,15
T3691,2023,7,8,13
T3692,2022,7,3,0
T3693,2023,3,17,17
T3694,2022,10,14,9
T3695,2022,6,25,9
T3696,2023,11,30,19
T3697,2023,12,17,19
T3698,2022,5,2,3
T3699,2023,8,25,17
T3700,2023,3,12,15
T3701,2023,6,26,15
T3702,2023,4,8,17
T3703,2023,10,10,10
T3704,2023,1,31,2
T3705,2023,4,21,0
T3706,2023,7,31,11
T3707,2021,7,16,4
T3708,2023,2,4,8
T3709,2023,3,27,20
T3710,2022,9,8,8
T3711,2022,9,1,18
T3712,2023,1,13,20
T3713,2023,3,28,22
T3714,2022,12,29,22
T3715,2023,8,26,4
T3716,2022,7,31,7
T3717,2023,12,25,13
T3718,2023,5,11,13
T3719,2023,1,27,15
T3720,2022,8,4,14
T3721,2022,2,21,7
T3722,2023,3,4,16
T3723,2022,11,26,0
T3724,2021,12,22,20
T3725,2022,8,19,23
T3726,2023,2,4,7
T3727,2023,11,14,23
T3728,2022,12,31,12
T3729,2023,6,7,2
T3730,2022,12,21,10
T3731,2023,8,4,19
T3732,2023,3,8,10
T3733,2023,12,20,11
T3734,2022,12,8,23
T3735,2022,6,5,16
T3736,2023,4,3,2
T3737,2022,2,8,21
T3738,2023,7,11,15
T3739,2023,9,3,8
T3740,2023,6,25,7
T3741,2023,1,22,15
T3742,2022,8,3,9
T3743,2023,4,25,17
T3744,2023,1,18,5
T3745,2022,11,25,7
T3746,2022,5,1,2
T3747,2021,4,6,3
T3748,2022,8,23,3
T3749,2022,12,22,18
T3750,2023,4,4,9
T3751,2023,2,4,17
T3752,2023,2,15,11
T3753,2023,11,14,8
T3754,2023,7,1,6
T3755,2022,8,6,20
T3756,2023,9,5,15
T3757,2022,10,29,20
T3758,2022,8,13,19
T3759,2022,12,19,2
T3760,2021,6,18,2
T3761,2023,4,2,21
T3762,2023,4,7,4
T3763,2023,9,15,17
T3764,2023,4,18,17
T3765,2023,1,26,23
T3766,2022,7,20,10
T3767,2023,5,25,3
T3768,2022,11,28,17
T3769,2022,1,1,16
T3770,2023,2,5,8
T3771,2023,10,29,11
T3772,2023,6,23,5
T3773,2023,10,9,20
T3774,2022,6,26,1
T3775,2023,4,11,12
T3776,2022,10,9,4
T3777,2023,8,13,10
T3778,2022,5,3,4
T3779,2023,8,2,14
T3780,2023,6,9,5
T3781,2022,11,18,10
T3782,2023,2,20,8
T3783,2022,11,8,7
T3784,2023,4,23,6
T3785,2022,3,10,0
T3786,2022,12,10,3
T3787,2021,11,21,7
T3788,2021,12,15,3
T3789,2023,8,16,0
T3790,2022,3,17,12
T3791,2022,2,18,21
T3792,2023,6,1,23
T3793,2023,8,30,5
T3794,2023,3,1,9
T3795,2023,11,30,13
T3796,2022,2,16,1
T3797,2022,1,2,8
T3798,2022,12,1,4
T3799,2023,1,25,23
T3800,2023,7,25,23
T3801,2023,4,5,1
T3802,2023,9,23,22
T3803,2023,8,25,11
T3804,2023,9,29,21
T3805,2023,7,16,2
T3806,2021,8,18,20
T3807,2023,2,28,12
T3808,2022,6,17,18
T3809,2022,11,3,2
T3810,2023,3,29,8
T3811,2021,11,27,20
T3812,2023,12,27,18
T3813,2023,10,9,23
T3814,2023,9,29,8
T3815,2022,8,12,13
T3816,2022,5,1,2
T3817,2022,4,24,22
T3818,2022,6,13,16
T3819,2023,10,8,3
T3820,2023,12,30,0
T3821,2022,3,12,15
T3822,2022,7,22,12
T3823,2023,4,17,7
T3824,2022,12,15,16
T3825,2022,4,30,6
T3826,2022,3,21,19
T3827,2022,11,9,7
T3828,2023,3,23,20
T3829,2023,7,12,6
T3830,2023,8,27,20
T3831,2022,7,25,4
T3832,2022,5,1,11
T3833,2022,7,6,11
T3834,2023,12,9,10
T3835,2022,10,7,23
T3836,2023,11,2,9
T3837,2023,12,24,18
T3838,2022,9,20,0
T3839,2022,12,23,7
T3840,2023,4,13,15
T3841,2023,12,18,7
T3842,2023,7,7,22
T3843,2022,10,19,1
T3844,2023,6,22,20
T3845,2023,10,23,7
T3846,2023,3,23,3
T3847,2023,2,6,9
T3848,2022,7,28,22
T3849,2023,5,20,15
T3850,2022,8,27,22
T3851,2023,8,29,22
T3852,2023,7,2,20
T3853,2023,1,9,7
T3854,2023,10,20,14
T3855,2021,11,10,13
T3856,2022,3,2,14
T3857,2023,1,19,19
T3858,2023,3,20,18
T3859,2022,7,29,11
T3860,2023,6,10,16
T3861,2022,12,17,5
T3862,2022,12,12,3
T3863,2022,8,30,6
T3864,2022,10,6,11
T3865,2023,2,21,14
T3866,2023,10,22,17
T3867,2022,5,9,13
T3868,2023,12,30,17
T3869,2022,12,25,15
T3870,2023,8,21,1
T3871,2022,11,19,16
T3872,2022,9,28,22
T3873,2023,6,18,10
T3874,2022,5,6,15
T3875,2022,10,19,18
T3876,2022,10,19,5
T3877,2023,5,3,21
T3878,2023,9,26,8
T3879,2023,7,15,21
T3880,2023,4,27,13
T3881,2023,7,12,10
T3882,2022,7,20,14
T3883,2022,8,11,23
T3884,2021,3,15,18
T3885,2023,8,14,2
T3886,2022,7,17,5
T3887,2022,9,29,21
T3888,2023,10,31,14
T3889,2023,2,24,7
T3890,2022,8,8,20
T3891,2023,12,17,14
T3892,2023,10,17,23
T3893,2023,8,30,2
T3894,2022,6,17,1
T3895,2023,12,3,8
T3896,2023,8,20,2
T3897,2023,1,26,10
T3898,2023,6,20,6
T3899,2021,12,7,11
T3900,2022,11,24,2
T3901,2023,5,25,12
T3902,2022,4,4,21
T3903,2023,10,25,16
T3904,2022,11,26,18
T3905,2022,7,28,12
T3906,2022,3,12,5
T3907,2021,7,4,12
T3908,2023,5,11,1
T3909,2023,1,24,18
T3910,2023,2,10,22
T3911,2023,12,14,19
T3912,2022,6,9,17
T3913,2022,6,14,16
T3914,2023,4,11,3
T3915,2023,4,1,18
T3916,2021,10,23,17
T3917,2022,10,21,3
T3918,2022,9,21,9
T3919,2022,2,28,15
T3920,2023,6,1,22
T3921,2023,12,25,15
T3922,2023,6,15,7
T3923,2022,12,18,0
T3924,2023,12,3,10
T3925,2021,12,20,4
T3926,2022,12,12,4
T3927,2023,8,31,6
T3928,2022,5,17,13
T3929,2023,2,7,7
T3930,2023,4,30,9
T3931,2023,8,4,10
T3932,2023,9,16,13
T3933,2022,9,18,17
T3934,2021,7,16,0
T3935,2023,11,11,14
T3936,2023,3,18,6
T3937,2023,8,27,2
T3938,2022,11,19,7
T3939,2023,2,17,4
T3940,2022,10,2,3
T3941,2023,11,17,7
T3942,2023,11,6,4
T3943,2021,10,28,6
T3944,2023,4,11,17
T3945,2023,2,16,9
T3946,2022,11,25,14
T3947,2022,5,10,12
T3948,2022,3,7,13
T3949,2022,3,23,10
T3950,2022,6,16,20
T3951,2023,5,21,13
T3952,2022,1,12,3
T3953,2022,6,13,14
T3954,2023,7,17,22
T3955,2022,7,29,7
T3956,2022,12,10,0
T3957,2023,10,15,23
T3958,2022,4,12,11
T3959,2022,5,29,13
T3960,2023,4,14,0
T3961,2022,10,20,17
T3962,2023,12,3,3
T3963,2023,10,1,0
T3964,2023,2,13,17
T3965,2023,1,11,14
T3966,2023,7,26,14
T3967,2023,11,16,13
T3968,2023,5,1,16
T3969,2022,8,19,10
T3970,2021,7,26,20
T3971,2023,3,31,7
T3972,2023,10,3,13
T3973,2023,8,30,15
T3974,2022,12,20,6
T3975,2022,9,13,19
T3976,2022,12,25,13
T3977,2023,4,24,9
T3978,2021,9,8,5
T3979,2022,9,13,23
T3980,2021,6,16,20
T3981,2023,8,30,5
T3982,2022,7,26,12
T3983,2023,10,23,20
T3984,2021,12,17,9
T3985,2022,3,4,9
T3986,2023,11,8,4
T3987,2023,8,7,7
T3988,2023,8,16,17
T3989,2022,4,18,18
T3990,2022,9,14,0
T3991,2022,1,7,3
T3992,2022,8,1,13
T3993,2023,1,4,16
T3994,2021,5,26,20
T3995,2022,9,13,10
T3996,2023,5,8,13
T3997,2022,5,28,18
T3998,2023,7,18,19
T3999,2023,4,6,17
T4000,2022,4,11,12
T4001,2023,11,10,15
T4002,2022,2,14,9
T4003,2022,6,23,12
T4004,2022,1,16,6
T4005,2023,10,3,7
T4006,2023,12,21,16
T4007,2023,4,22,3
T4008,2023,8,17,15
T4009,2023,3,10,23
T4010,2022,12,19,22
T4011,2023,10,29,13
T4012,2023,10,13,11
T4013,2022,12,10,2
T4014,2021,10,24,4
T4015,2022,7,20,21
T4016,2022,11,19,2
T4017,2022,1,29,17
T4018,2021,11,6,7
T4019,2022,10,9,14
T4020,2023,2,28,5
T4021,2022,2,27,3
T4022,2021,12,18,19
T4023,2023,7,6,19
T4024,2023,5,3,15
T4025,2023,6,26,22
T4026,2023,8,22,15
T4027,2023,8,2,6
T4028,2023,12,1,13
T4029,2023,12,8,18
T4030,2023,7,14,20
T4031,2023,8,7,6
T4032,2023,4,20,1
T4033,2023,11,16,4
T4034,2023,12,26,8
T4035,2023,4,20,11
T4036,2022,10,20,16
T4037,2022,9,28,19
T4038,2023,5,10,15
T4039,2022,11,13,22
T4040,2022,4,11,21
T4041,2023,1,3,23
T4042,2023,11,14,23
T4043,2023,4,8,5
T4044,2021,6,16,20
T4045,2021,6,6,5
T4046,2022,3,11,3
T4047,2023,11,8,12
T4048,2023,10,17,3
T4049,2021,9,28,2
T4050,2021,6,29,12
T4051,2023,2,27,21
T4052,2022,7,26,19
T4053,2023,1,22,18
T4054,2023,4,3,13
T4055,2021,10,6,9
T4056,2021,12,23,23
T4057,2023,7,30,19
T4058,2023,1,9,9
T4059,2022,8,31,18
T4060,2021,3,17,20
T4061,2023,11,29,14
T4062,2023,3,30,18
T4063,2023,12,1,7
T4064,2023,7,13,1
T4065,2021,5,19,0
T4066,2023,6,27,12
T4067,2021,12,26,2
T4068,2023,7,18,10
T4069,2022,7,30,7
T4070,2022,4,17,22
T4071,2023,4,23,15
T4072,2023,9,26,21
T4073,2022,7,25,3
T4074,2023,4,18,7
T4075,2023,9,6,10
T4076,2023,4,27,23
T4077,2022,8,17,18
T4078,2022,11,14,14
T4079,2023,9,29,14
T4080,2023,1,10,10
T4081,2022,5,29,4
T4082,2021,11,1,6
T4083,2023,6,12,6
T4084,2021,9,25,18
T4085,2023,4,15,0
T4086,2022,4,7,13
T4087,2022,6,19,6
T4088,2023,12,24,5
T4089,2023,10,17,3
T4090,2023,7,15,15
T4091,2023,2,4,14
T4092,2023,2,4,23
T4093,2021,3,26,22
T4094,2023,9,28,16
T4095,2023,2,19,5
T4096,2023,5,31,21
T4097,2023,7,31,10
T4098,2023,1,10,19
T4099,2023,7,11,21
T4100,2022,6,12,8
T4101,2023,11,11,21
T4102,2023,5,30,15
T4103,2022,3,5,23
T4104,2021,6,4,0
T4105,2021,1,23,6
T4106,2022,11,24,13
T4107,2021,12,4,15
T4108,2021,12,20,12
T4109,2023,7,1,7
T4110,2023,8,9,7
T4111,2023,2,9,1
T4112,2023,3,10,6
T4113,2023,10,17,6
T4114,2023,1,25,16
T4115,2023,1,2,15
T4116,2021,6,8,15
T4117,2022,8,29,5
T4118,2023,4,2,8
T4119,2022,11,7,2
T4120,2022,10,2,10
T4121,2022,7,19,2
T4122,2023,10,17,9
T4123,2023,10,29,13
T4124,2022,12,31,20
T4125,2022,5,17,16
T4126,2022,3,6,6
T4127,2023,7,24,2
T4128,2022,11,19,14
T4129,2023,8,10,6
T4130,2021,12,19,16
T4131,2022,10,25,4
T4132,2021,11,25,17
T4133,2023,12,15,8
T4134,2023,6,11,14
T4135,2022,8,16,18
T4136,2023,9,20,13
T4137,2023,5,8,7
T4138,2023,11,30,7
T4139,2023,11,9,9
T4140,2023,4,24,0
T4141,2023,11,8,19
T4142,2023,1,13,19
T4143,2023,8,13,3
T4144,2022,3,28,3
T4145,2023,6,8,2
T4146,2023,12,15,22
T4147,2022,10,7,8
T4148,2023,11,10,17
T4149,2023,2,16,15
T4150,2023,8,18,22
T4151,2022,1,2,6
T4152,2023,8,1,16
T4153,2022,12,23,19
T4154,2023,12,5,18
T4155,2023,2,19,19
T4156,2023,5,25,21
T4157,2023,10,4,21
T4158,2023,10,9,6
T4159,2022,11,26,3
T4160,2023,10,24,2
T4161,2023,3,11,22
T4162,2023,12,17,7
T4163,2022,3,14,21
T4164,2023,3,5,20
T4165,2023,2,3,8
T4166,2021,8,5,13
T4167,2023,5,29,20
T4168,2022,9,14,20
T4169,2023,10,9,4
T4170,2023,1,3,13
T4171,2022,9,24,19
T4172,2022,1,23,13
T4173,2022,9,4,5
T4174,2023,12,17,4
T4175,2022,10,9,22
T4176,2021,8,17,11
T4177,2023,11,6,14
T4178,2023,3,23,5
T4179,2022,6,16,6
T4180,2023,4,12,17
T4181,2021,10,19,13
T4182,2023,4,29,11
T4183,2022,9,11,12
T4184,2023,9,22,10
T4185,2022,11,29,5
T4186,2023,8,25,0
T4187,2023,7,9,7
T4188,2023,9,19,9
T4189,2023,9,21,6
T4190,2021,10,17,15
T4191,2023,9,8,4
T4192,2022,4,9,15
T4193,2023,10,2,3
T4194,2022,9,14,7
T4195,2021,12,8,8
T4196,2023,10,23,1
T4197,2022,10,25,2
T4198,2022,10,20,23
T4199,2022,7,24,1
T4200,2023,9,17,14
T4201,2021,5,2,8
T4202,2021,11,29,19
T4203,2022,12,15,5
T4204,2022,12,1,0
T4205,2022,12,14,12
T4206,2023,3,12,9
T4207,2022,6,28,20
T4208,2022,7,28,9
T4209,2021,5,29,20
T4210,2021,7,14,1
T4211,2022,5,16,2
T4212,2023,8,23,16
T4213,2022,2,12,14
T4214,2023,10,23,22
T4215,2023,9,2,21
T4216,2023,3,10,15
T4217,2023,12,22,1
T4218,2022,7,9,20
T4219,2022,8,24,14
T4220,2022,4,16,9
T4221,2023,8,25,6
T4222,2023,3,5,20
T4223,2022,6,7,4
T4224,2023,2,25,16
T4225,2022,1,18,16
T4226,2021,12,21,10
T4227,2022,6,16,16
T4228,2023,3,23,17
T4229,2022,12,31,0
T4230,2022,8,27,1
T4231,2022,8,5,19
T4232,2022,3,23,13
T4233,2023,6,6,14
T4234,2022,3,1,11
T4235,2021,5,17,18
T4236,2021,10,19,6
T4237,2021,12,19,21
T4238,2021,5,9,2
T4239,2023,9,22,10
T4240,2023,3,15,15
T4241,2023,5,16,12
T4242,2022,9,4,14
T4243,2023,5,17,18
T4244,2022,6,27,6
T4245,2023,4,1,1
T4246,2021,6,1,23
T4247,2023,5,26,8
T4248,2023,11,17,22
T4249,2022,9,17,4
T4250,2022,8,31,5
T4251,2023,3,17,16
T4252,2022,6,12,13
T4253,2023,11,22,11
T4254,2023,8,9,13
T4255,2021,9,29,14
T4256,2023,6,12,23
T4257,2022,2,27,17
T4258,2022,2,27,23
T4259,2022,7,26,13
T4260,2022,7,9,16
T4261,2023,4,23,19
T4262,2023,2,9,0
T4263,2023,3,16,10
T4264,2022,9,19,17
T4265,2023,4,22,5
T4266,2023,3,23,6
T4267,2023,5,26,17
T4268,2022,3,26,20
T4269,2023,6,16,13
T4270,2022,3,28,3
T4271,2021,9,4,23
T4272,2023,9,19,3
T4273,2023,10,25,16
T4274,2023,2,2,5
T4275,2021,7,8,0
T4276,2023,9,26,23
T4277,2023,6,3,3
T4278,2023,4,10,10
T4279,2023,1,6,4
T4280,2023,10,3,1
T4281,2023,9,23,19
T4282,2021,8,1,15
T4283,2023,9,4,20
T4284,2023,1,30,5
T4285,2022,6,6,9
T4286,2022,6,14,6
T4287,2023,9,23,10
T4288,2023,3,18,2
T4289,2023,6,22,3
T4290,2023,2,15,12
T4291,2021,9,1,1
T4292,2022,5,28,21
T4293,2022,1,17,3
T4294,2023,10,19,12
T4295,2022,8,27,7
T4296,2023,5,26,5
T4297,2021,11,4,10
T4298,2022,9,29,7
T4299,2023,1,3,1
T4300,2023,12,7,13
T4301,2022,9,1,10
T4302,2022,8,17,10
T4303,2023,10,3,5
T4304,2023,4,27,20
T4305,2023,12,5,23
T4306,2022,7,17,4
T4307,2023,1,14,18
T4308,2023,4,9,20
T4309,2022,11,24,7
T4310,2023,11,7,6
T4311,2022,7,10,7
T4312,2022,7,8,14
T4313,2023,4,25,23
T4314,2023,3,1,22
T4315,2023,1,8,9
T4316,2023,2,5,10
T4317,2023,11,15,10
T4318,2023,9,20,10
T4319,2022,7,7,10
T4320,2023,3,11,19
T4321,2022,11,7,8
T4322,2023,12,24,1
T4323,2023,5,9,9
T4324,2022,6,5,10
T4325,2022,12,2,17
T4326,2022,7,31,18
T4327,2022,12,27,13
T4328,2022,12,31,6
T4329,2022,3,16,11
T4330,2022,8,24,7
T4331,2023,12,11,7
T4332,2022,12,21,1
T4333,2023,7,14,8
T4334,2023,9,20,7
T4335,2022,8,18,3
T4336,2023,4,9,22
T4337,2023,11,9,7
T4338,2023,8,3,12
T4339,2023,9,12,0
T4340,2022,6,3,21
T4341,2023,12,4,7
T4342,2023,3,9,19
T4343,2022,6,8,18
T4344,2023,4,4,10
T4345,2023,11,28,22
T4346,2023,1,23,15
T4347,2022,9,12,17
T4348,2023,12,17,16
T4349,2022,7,31,20
T4350,2022,11,5,0
T4351,2023,10,8,4
T4352,2023,11,10,10
T4353,2023,6,17,20
T4354,2022,3,12,13
T4355,2022,4,5,2
T4356,2022,10,20,7
T4357,2023,10,26,17
T4358,2023,7,22,6
T4359,2023,8,24,7
T4360,2021,9,22,21
T4361,2023,3,11,11
T4362,2022,2,8,1
T4363,2023,11,17,18
T4364,2023,11,30,10
T4365,2022,5,4,15
T4366,2023,11,21,4
T4367,2023,4,29,22
T4368,2023,8,6,1
T4369,2023,1,27,15
T4370,2023,5,23,2
T4371,2022,5,7,3
T4372,2023,7,3,17
T4373,2022,8,6,17
T4374,2021,8,27,9
T4375,2022,6,17,23
T4376,2023,7,25,4
T4377,2023,2,25,10
T4378,2023,6,28,20
T4379,2023,6,8,2
T4380,2023,3,8,13
T4381,2022,9,25,19
T4382,2022,2,6,21
T4383,2022,7,17,5
T4384,2022,7,18,0
T4385,2021,10,12,1
T4386,2022,10,4,0
T4387,2022,5,10,4
T4388,2022,5,18,22
T4389,2022,7,18,16
T4390,2023,11,13,6
T4391,2023,11,30,17
T4392,2021,12,28,2
T4393,2022,5,8,19
T4394,2022,4,13,3
T4395,2023,6,28,18
T4396,2023,8,13,17
T4397,2022,9,21,2
T4398,2021,12,21,3
T4399,2021,9,22,9
T4400,2023,7,16,0
T4401,2022,6,29,3
T4402,2023,5,14,8
T4403,2023,5,4,18
T4404,2021,7,22,16
T4405,2022,4,28,9
T4406,2022,6,11,13
T4407,2022,3,9,9
T4408,2023,3,21,16
T4409,2022,5,1,10
T4410,2023,1,15,16
T4411,2022,12,15,6
T4412,2022,5,31,5
T4413,2021,6,21,14
T4414,2023,11,22,2
T4415,2022,6,28,16
T4416,2023,8,14,6
T4417,2021,12,22,0
T4418,2023,11,10,2
T4419,2023,3,31,8
T4420,2022,9,14,15
T4421,2023,4,3,1
T4422,2023,5,19,0
T4423,2023,4,19,18
T4424,2022,6,15,5
T4425,2023,11,24,1
T4426,2023,1,12,12
T4427,2023,2,21,1
T4428,2022,11,24,2
T4429,2023,8,7,19
T4430,2023,1,11,17
T4431,2021,5,19,10
T4432,2022,12,10,9
T4433,2021,12,29,14
T4434,2021,6,12,2
T4435,2022,12,11,11
T4436,2022,12,16,9
T4437,2023,11,15,18
T4438,2021,10,26,3
T4439,2023,12,17,1
T4440,2023,10,22,14
T4441,2022,2,21,22
T4442,2022,10,19,21
T4443,2021,5,18,14
T4444,2022,12,9,17
T4445,2023,11,30,13
T4446,2022,4,12,21
T4447,2023,5,16,18
T4448,2022,10,28,17
T4449,2021,12,16,10
T4450,2021,12,31,19
T4451,2022,11,12,22
T4452,2023,6,13,14
T4453,2023,9,21,15
T4454,2023,2,27,6
T4455,2023,10,15,20
T4456,2022,5,5,19
T4457,2023,12,7,7
T4458,2023,6,15,8
T4459,2022,9,21,10
T4460,2023,6,13,14
T4461,2023,5,24,20
T4462,2023,5,21,10
T4463,2023,6,3,17
T4464,2023,7,25,22
T4465,2022,11,11,17
T4466,2022,3,16,0
T4467,2023,7,5,19
T4468,2022,5,18,21
T4469,2022,6,2,8
T4470,2022,6,5,11
T4471,2023,11,13,19
T4472,2022,10,31,19
T4473,2023,7,19,13
T4474,2021,12,17,13
T4475,2023,8,4,10
T4476,2021,6,24,6
T4477,2022,8,22,11
T4478,2023,2,7,0
T4479,2022,11,21,11
T4480,2022,8,5,11
T4481,2023,5,29,6
T4482,2023,9,8,8
T4483,2023,1,22,15
T4484,2023,6,9,23
T4485,2023,6,7,0
T4486,2022,7,4,14
T4487,2022,10,8,16
T4488,2023,11,30,11
T4489,2022,9,26,22
T4490,2022,12,27,23
T4491,2022,6,5,1
T4492,2023,7,14,0
T4493,2023,9,12,5
T4494,2022,11,15,11
T4495,2021,12,29,17
T4496,2022,9,11,19
T4497,2022,2,16,10
T4498,2022,5,26,15
T4499,2022,12,22,6
T4500,2022,6,8,6
T4501,2023,6,4,15
T4502,2022,2,18,7
T4503,2023,11,3,2
T4504,2023,2,18,22
T4505,2023,1,29,10
T4506,2023,1,2,8
T4507,2023,5,8,18
T4508,2023,11,17,11
T4509,2023,5,28,19
T4510,2022,5,21,16
T4511,2023,2,12,2
T4512,2023,10,27,20
T4513,2023,2,5,18
T4514,2022,12,13,12
T4515,2022,11,17,20
T4516,2023,4,16,9
T4517,2023,8,25,10
T4518,2022,5,21,9
T4519,2022,11,6,14
T4520,2023,11,1,9
T4521,2022,11,9,14
T4522,2022,12,24,16
T4523,2023,12,11,21
T4524,2022,12,7,12
T4525,2022,4,20,18
T4526,2023,5,25,17
T4527,2022,12,17,14
T4528,2023,5,8,9
T4529,2023,3,5,9
T4530,2022,6,3,5
T4531,2023,3,15,19
T4532,2023,4,27,20
T4533,2022,12,25,18
T4534,2023,10,9,0
T4535,2023,11,24,2
T4536,2023,9,23,14
T4537,2023,7,12,11
T4538,2023,3,18,21
T4539,2022,10,12,11
T4540,2022,3,26,6
T4541,2021,7,11,1
T4542,2023,2,20,15
T4543,2021,10,25,19
T4544,2023,9,3,12
T4545,2022,5,19,17
T4546,2023,5,12,3
T4547,2023,5,26,23
T4548,2023,11,10,7
T4549,2023,7,18,12
T4550,2023,1,29,1
T4551,2021,1,7,13
T4552,2021,11,23,21
T4553,2023,6,21,3
T4554,2023,4,24,15
T4555,2023,12,7,4
T4556,2023,8,8,20
T4557,2023,1,18,17
T4558,2022,1,20,6
T4559,2022,8,1,4
T4560,2022,12,31,20
T4561,2022,9,24,9
T4562,2023,5,23,6
T4563,2021,9,19,2
T4564,2023,6,19,1
T4565,2022,10,8,10
T4566,2021,11,24,5
T4567,2021,6,13,19
T4568,2023,9,28,19
T4569,2022,7,14,7
T4570,2022,1,28,15
T4571,2021,11,25,13
T4572,2022,6,30,18
T4573,2023,5,2,7
T4574,2023,7,15,17
T4575,2022,11,17,22
T4576,2022,10,16,0
T4577,2023,7,16,23
T4578,2023,3,14,23
T4579,2023,6,1,6
T4580,2022,4,8,14
T4581,2023,1,30,18
T4582,2023,3,12,3
T4583,2023,3,11,3
T4584,2022,12,24,19
T4585,2021,4,20,7
T4586,2022,2,2,19
T4587,2023,5,30,21
T4588,2021,6,27,19
T4589,2023,4,15,19
T4590,2023,10,14,22
T4591,2023,6,24,19
T4592,2022,8,20,3
T4593,2023,2,17,7
T4594,2022,5,8,20
T4595,2022,10,21,20
T4596,2023,8,3,20
T4597,2022,7,12,2
T4598,2022,5,11,2
T4599,2022,9,15,10
T4600,2022,11,7,10
T4601,2023,4,15,13
T4602,2023,10,16,15
T4603,2021,11,30,11
T4604,2022,11,14,18
T4605,2023,4,28,3
T4606,2022,11,2,0
T4607,2023,3,14,5
T4608,2023,10,14,17
T4609,2022,6,14,13
T4610,2022,11,22,9
T4611,2021,7,12,10
T4612,2023,7,6,19
T4613,2021,12,14,16
T4614,2023,5,18,9
T4615,2023,10,4,3
T4616,2021,12,5,7
T4617,2022,5,24,19
T4618,2023,8,7,13
T4619,2023,10,21,15
T4620,2023,9,6,6
T4621,2022,3,19,3
T4622,2023,8,21,16
T4623,2022,1,3,9
T4624,2023,8,6,0
T4625,2021,7,19,5
T4626,2023,8,25,1
T4627,2023,11,30,13
T4628,2023,9,6,5
T4629,2022,6,14,14
T4630,2023,12,30,6
T4631,2021,11,3,15
T4632,2023,2,27,3
T4633,2023,12,23,1
T4634,2023,9,4,19
T4635,2023,10,20,8
T4636,2021,6,4,5
T4637,2023,8,17,0
T4638,2023,1,25,14
T4639,2023,3,22,6
T4640,2023,6,27,7
T4641,2023,3,13,3
T4642,2023,4,10,7
T4643,2023,3,18,12
T4644,2022,9,13,0
T4645,2023,10,24,5
T4646,2023,5,1,14
T4647,2023,11,17,6
T4648,2023,5,27,1
T4649,2023,2,2,9
T4650,2023,2,20,19
T4651,2023,9,18,22
T4652,2023,3,21,1
T4653,2023,5,29,20
T4654,2023,8,17,1
T4655,2022,3,31,17
T4656,2022,8,15,5
T4657,2022,10,17,21
T4658,2023,2,4,5
T4659,2023,11,20,21
T4660,2022,12,16,13
T4661,2023,2,23,1
T4662,2022,4,5,22
T4663,2023,5,3,4
T4664,2022,3,28,15
T4665,2022,11,2,10
T4666,2021,9,22,0
T4667,2023,7,18,3
T4668,2023,4,7,13
T4669,2023,1,8,20
T4670,2022,12,18,17
T4671,2022,9,10,16
T4672,2022,7,18,22
T4673,2023,4,1,18
T4674,2023,9,4,1
T4675,2022,7,14,17
T4676,2023,5,8,23
T4677,2021,7,24,7
T4678,2022,11,28,2
T4679,2023,10,28,0
T4680,2023,7,8,18
T4681,2021,12,10,11
T4682,2023,9,17,18
T4683,2022,6,12,4
T4684,2023,5,6,12
T4685,2023,1,17,5
T4686,2023,7,2,18
T4687,2022,12,20,9
T4688,2022,7,10,4
T4689,2022,9,23,22
T4690,2023,12,3,12
T4691,2023,6,15,20
T4692,2022,5,31,20
T4693,2022,12,8,22
T4694,2023,5,25,13
T4695,2023,7,29,7
T4696,2023,6,12,0
T4697,2022,10,2,7
T4698,2023,9,5,23
T4699,2022,8,10,11
T4700,2022,12,1,13
T4701,2023,12,28,4
T4702,2023,9,19,3
T4703,2023,7,23,13
T4704,2023,1,18,22
T4705,2021,9,26,18
T4706,2023,7,10,8
T4707,2023,10,20,14
T4708,2023,1,29,19
T4709,2022,6,9,9
T4710,2022,12,11,10
T4711,2022,9,18,17
T4712,2023,1,7,6
T4713,2023,7,26,19
T4714,2021,6,3,11
T4715,2023,1,20,21
T4716,2022,8,10,2
T4717,2021,1,26,17
T4718,2023,5,19,7
T4719,2022,6,24,0
T4720,2023,1,2,1
T4721,2023,2,20,14
T4722,2022,10,30,11
T4723,2022,11,14,10
T4724,2023,8,3,3
T4725,2023,5,22,3
T4726,2023,3,2,9
T4727,2022,12,25,11
T4728,2023,5,29,12
T4729,2022,8,11,12
T4730,2021,6,30,8
T4731,2022,11,1,19
T4732,2022,12,16,15
T4733,2021,3,27,17
T4734,2023,11,3,20
T4735,2023,11,4,9
T4736,2023,12,23,18
T4737,2023,7,21,6
T4738,2022,9,26,1
T4739,2023,9,15,4
T4740,2023,7,24,1
T4741,2021,10,10,11
T4742,2023,12,22,18
T4743,2021,9,22,8
T4744,2023,11,30,14
T4745,2022,7,20,4
T4746,2021,7,31,7
T4747,2023,2,24,6
T4748,2023,5,8,3
T4749,2022,11,3,7
T4750,2023,6,25,10
T4751,2023,10,13,9
T4752,2023,12,2,23
T4753,2022,4,8,1
T4754,2022,11,27,23
T4755,2021,7,14,0
T4756,2023,9,23,13
T4757,2022,11,21,8
T4758,2023,12,6,12
T4759,2023,9,9,4
T4760,2023,2,15,22
T4761,2021,1,27,8
T4762,2023,4,13,10
T4763,2023,10,16,8
T4764,2021,7,24,9
T4765,2022,7,30,22
T4766,2023,5,10,3
T4767,2022,11,14,10
T4768,2023,6,20,16
T4769,2023,5,2,19
T4770,2021,7,13,17
T4771,2023,12,26,16
T4772,2021,8,27,18
T4773,2022,6,30,17
T4774,2023,3,3,4
T4775,2022,3,15,14
T4776,2022,5,29,3
T4777,2023,5,8,11
T4778,2023,10,18,20
T4779,2023,10,23,15
T4780,2023,7,10,23
T4781,2021,12,13,9
T4782,2022,12,25,23
T4783,2023,1,8,18
T4784,2023,6,24,7
T4785,2023,6,5,0
T4786,2022,9,5,2
T4787,2023,4,10,15
T4788,2023,3,1,3
T4789,2023,4,29,4
T4790,2022,1,31,12
T4791,2023,1,24,11
T4792,2021,10,20,4
T4793,2023,8,16,7
T4794,2023,4,12,6
T4795,2023,4,26,6
T4796,2023,2,26,12
T4797,2023,9,29,14
T4798,2021,10,23,8
T4799,2023,4,11,8
T4800,2023,12,28,9
T4801,2023,4,12,8
T4802,2023,7,17,7
T4803,2022,12,1,7
T4804,2022,11,28,16
T4805,2023,9,15,13
T4806,2022,1,29,5
T4807,2023,6,18,17
T4808,2023,1,19,16
T4809,2023,2,13,2
T4810,2022,6,3,10
T4811,2023,5,24,13
T4812,2023,11,16,22
T4813,2023,5,7,1
T4814,2022,5,29,4
T4815,2023,9,5,9
T4816,2022,2,28,18
T4817,2023,1,6,8
T4818,2022,2,26,5
T4819,2022,1,25,15
T4820,2022,10,9,0
T4821,2023,11,12,0
T4822,2022,3,15,2
T4823,2023,2,17,10
T4824,2023,7,12,13
T4825,2023,9,22,23
T4826,2023,10,29,23
T4827,2022,12,1,4
T4828,2023,4,24,10
T4829,2023,5,27,2
T4830,2022,3,28,10
T4831,2023,1,21,11
T4832,2023,3,9,12
T4833,2022,2,22,19
T4834,2023,7,12,11
T4835,2022,10,27,23
T4836,2022,1,28,9
T4837,2022,10,2,10
T4838,2022,3,2,3
T4839,2022,12,20,0
T4840,2022,3,5,4
T4841,2023,9,3,13
T4842,2023,9,6,21
T4843,2022,3,28,1
T4844,2023,3,24,21
T4845,2022,3,9,8
T4846,2023,6,18,8
T4847,2023,12,27,15
T4848,2021,11,30,0
T4849,2023,11,17,22
T4850,2023,6,18,15
T4851,2023,5,27,12
T4852,2023,11,7,23
T4853,2022,11,21,9
T4854,2022,8,8,6
T4855,2023,8,13,1
T4856,2022,10,25,15
T4857,2023,3,23,16
T4858,2023,12,18,9
T4859,2023,3,3,13
T4860,2023,12,8,2
T4861,2023,5,4,12
T4862,2022,7,5,19
T4863,2023,5,31,11
T4864,2021,5,12,8
T4865,2023,10,15,17
T4866,2023,8,28,12
T4867,2023,7,31,6
T4868,2023,6,10,11
T4869,2023,10,11,3
T4870,2023,2,15,23
T4871,2023,12,9,10
T4872,2022,6,30,14
T4873,2022,8,30,10
T4874,2023,12,4,4
T4875,2021,8,29,10
T4876,2021,7,19,11
T4877,2022,12,26,3
T4878,2023,6,7,4
T4879,2023,3,29,11
T4880,2022,9,11,14
T4881,2023,11,11,19
T4882,2021,10,29,4
T4883,2022,5,5,10
T4884,2021,3,28,6
T4885,2023,12,7,22
T4886,2022,2,14,19
T4887,2023,11,16,3
T4888,2023,5,26,20
T4889,2023,11,20,21
T4890,2023,2,15,7
T4891,2023,11,12,7
T4892,2021,12,15,15
T4893,2021,11,8,13
T4894,2023,2,2,23
T4895,2022,2,14,21
T4896,2022,3,1,15
T4897,2023,1,2,15
T4898,2023,11,9,18
T4899,2023,8,5,21
T4900,2022,3,11,13
T4901,2022,6,28,7
T4902,2021,12,6,11
T4903,2022,11,21,11
T4904,2023,9,26,8
T4905,2023,1,21,6
T4906,2022,1,14,14
T4907,2022,8,15,11
T4908,2022,5,28,11
T4909,2022,5,28,19
T4910,2022,3,4,0
T4911,2022,5,9,3
T4912,2023,10,6,11
T4913,2023,8,26,4
T4914,2023,2,21,14
T4915,2022,8,5,11
T4916,2022,8,25,13
T4917,2022,8,2,14
T4918,2023,6,6,8
T4919,2023,8,14,15
T4920,2022,11,30,12
T4921,2022,7,16,12
T4922,2022,12,20,16
T4923,2022,12,4,12
T4924,2023,2,7,3
T4925,2022,8,5,13
T4926,2022,7,12,13
T4927,2022,5,7,17
T4928,2021,12,21,10
T4929,2022,9,28,11
T4930,2022,7,26,22
T4931,2022,9,29,4
T4932,2023,9,7,23
T4933,2023,11,5,2
T4934,2023,11,2,2
T4935,2022,9,22,17
T4936,2023,8,23,2
T4937,2023,10,18,7
T4938,2022,11,6,6
T4939,2022,7,1,2
T4940,2022,8,10,16
T4941,2022,5,28,19
T4942,2022,11,16,2
T4943,2023,6,7,19
T4944,2023,12,4,21
T4945,2023,3,15,1
T4946,2023,2,19,6
T4947,2023,6,4,7
T4948,2023,5,25,22
T4949,2022,3,19,22
T4950,2023,2,20,19
T4951,2023,7,5,21
T4952,2021,2,26,0
T4953,2022,6,11,0
T4954,2022,8,25,21
T4955,2023,3,4,6
T4956,2023,12,4,7
T4957,2023,2,3,0
T4958,2023,6,19,5
T4959,2023,3,28,2
T4960,2022,7,24,16
T4961,2023,5,18,4
T4962,2023,9,10,15
T4963,2022,6,12,18
T4964,2022,9,29,1
T4965,2021,4,25,7
T4966,2022,3,8,13
T4967,2023,3,21,16
T4968,2021,9,5,6
T4969,2022,6,4,22
T4970,2022,6,16,23
T4971,2023,4,26,17
T4972,2023,7,18,16
T4973,2022,1,12,12
T4974,2023,2,16,4
T4975,2023,10,16,0
T4976,2023,6,3,20
T4977,2022,11,12,0
T4978,2023,1,18,10
T4979,2023,6,2,1
T4980,2021,5,2,15
T4981,2022,3,15,19
T4982,2022,6,11,23
T4983,2023,12,1,8
T4984,2023,12,12,0
T4985,2023,6,25,8
T4986,2021,10,28,22
T4987,2023,4,29,18
T4988,2023,1,1,6
T4989,2023,5,26,0
T4990,2023,8,19,23
T4991,2023,11,3,12
T4992,2023,10,19,4
T4993,2023,7,11,16
T4994,2023,7,29,16
T4995,2023,5,29,22
T4996,2022,5,8,5
T4997,2021,9,15,2
T4998,2022,2,12,19
T4999,2021,8,18,10
T5000,2023,4,7,7
